[13Aug2026 06:15:17.132] [main/INFO] [cpw.mods.modlauncher.Launcher/MODLAUNCHER]: ModLauncher running: args [--launchTarget, forgeserver, --fml.neoForgeVersion, 21.1.248, --fml.fmlVersion, 4.0.43, --fml.mcVersion, 1.21.1, --fml.neoFormVersion, 20240808.144430]
[13Aug2026 06:15:17.134] [main/INFO] [cpw.mods.modlauncher.Launcher/MODLAUNCHER]: JVM identified as Oracle Corporation Java HotSpot(TM) 64-Bit Server VM 21.0.11+9-LTS-211
[13Aug2026 06:15:17.134] [main/INFO] [cpw.mods.modlauncher.Launcher/MODLAUNCHER]: ModLauncher 11.0.5+main.901c6ea8 starting: java version 21.0.11 by Oracle Corporation; OS Linux arch amd64 version 6.12.101+deb13-cloud-amd64
[13Aug2026 06:15:17.193] [main/INFO] [net.neoforged.fml.loading.ImmediateWindowHandler/]: ImmediateWindowProvider not loading because launch target is forgeserver
[13Aug2026 06:15:17.221] [main/INFO] [mixin/]: SpongePowered MIXIN Subsystem Version=0.8.7 Source=union:/home/united/worldgen/neoforge-launcher/libraries/net/fabricmc/sponge-mixin/0.15.2+mixin.0.8.7/sponge-mixin-0.15.2+mixin.0.8.7.jar%2373!/ Service=ModLauncher Env=SERVER
[13Aug2026 06:15:17.387] [main/INFO] [net.neoforged.fml.loading.moddiscovery.ModDiscoverer/SCAN]: Found mod file "server-1.21.1-20240808.144430-srg.jar" [locator: production server provider +net.neoforged:neoforge:21.1.248:server]
[13Aug2026 06:15:17.399] [main/INFO] [net.neoforged.fml.loading.moddiscovery.ModDiscoverer/SCAN]: Found mod file "neoforge-21.1.248-universal.jar" [locator: PathBasedLocator[name=neoforge, paths=[libraries/net/neoforged/neoforge/21.1.248/neoforge-21.1.248-universal.jar]], reader: mod manifest]
[13Aug2026 06:15:17.403] [main/INFO] [net.neoforged.fml.loading.moddiscovery.ModDiscoverer/SCAN]: Found mod file "Chunky-NeoForge-1.4.23.jar" [locator: {mods folder locator at /home/united/worldgen/neoforge-launcher/mods}, reader: mod manifest]
[13Aug2026 06:15:17.406] [main/INFO] [net.neoforged.fml.loading.moddiscovery.ModDiscoverer/SCAN]: Found mod file "ChunkyBorder-1.2.18.jar" [locator: {mods folder locator at /home/united/worldgen/neoforge-launcher/mods}, reader: mod manifest]
[13Aug2026 06:15:17.408] [main/INFO] [net.neoforged.fml.loading.moddiscovery.ModDiscoverer/SCAN]: Found mod file "earthshape-1.1.3-C.jar" [locator: {mods folder locator at /home/united/worldgen/neoforge-launcher/mods}, reader: mod manifest]
[13Aug2026 06:15:17.410] [main/INFO] [net.neoforged.fml.loading.moddiscovery.ModDiscoverer/SCAN]: Found mod file "lithostitched-1.7.13-neoforge-21.1.jar" [locator: {mods folder locator at /home/united/worldgen/neoforge-launcher/mods}, reader: mod manifest]
[13Aug2026 06:15:17.412] [main/INFO] [net.neoforged.fml.loading.moddiscovery.ModDiscoverer/SCAN]: Found mod file "servercore-neoforge-1.5.19+1.21.1.jar" [locator: {mods folder locator at /home/united/worldgen/neoforge-launcher/mods}, reader: mod manifest]
[13Aug2026 06:15:17.415] [main/INFO] [net.neoforged.fml.loading.moddiscovery.ModDiscoverer/SCAN]: Found mod file "squaremap-neoforge-mc1.21.1-1.3.2.jar" [locator: {mods folder locator at /home/united/worldgen/neoforge-launcher/mods}, reader: mod manifest]
[13Aug2026 06:15:17.542] [main/INFO] [net.neoforged.fml.loading.moddiscovery.locators.JarInJarDependencyLocator/]: Found 23 dependencies adding them to mods collection
[13Aug2026 06:15:17.543] [main/INFO] [net.neoforged.fml.loading.moddiscovery.ModDiscoverer/SCAN]: Found gamelibrary file "mixinextras-neoforge-0.5.3.jar" [parent: neoforge-21.1.248-universal.jar, locator: jarinjar, reader: mod manifest]
[13Aug2026 06:15:17.543] [main/INFO] [net.neoforged.fml.loading.moddiscovery.ModDiscoverer/SCAN]: Found library file "adventure-key-4.17.0.jar" [parent: squaremap-neoforge-mc1.21.1-1.3.2.jar, locator: jarinjar]
[13Aug2026 06:15:17.543] [main/INFO] [net.neoforged.fml.loading.moddiscovery.ModDiscoverer/SCAN]: Found library file "cloud-services-2.0.0.jar" [parent: cloud-neoforge-2.0.0-beta.9.jar, locator: jarinjar]
[13Aug2026 06:15:17.543] [main/INFO] [net.neoforged.fml.loading.moddiscovery.ModDiscoverer/SCAN]: Found library file "dazzleconf-ext-snakeyaml-1.3.0-M2.jar" [parent: servercore-neoforge-1.5.19+1.21.1.jar, locator: jarinjar]
[13Aug2026 06:15:17.543] [main/INFO] [net.neoforged.fml.loading.moddiscovery.ModDiscoverer/SCAN]: Found library file "cloud-minecraft-extras-2.0.0-beta.10.jar" [parent: squaremap-neoforge-mc1.21.1-1.3.2.jar, locator: jarinjar]
[13Aug2026 06:15:17.543] [main/INFO] [net.neoforged.fml.loading.moddiscovery.ModDiscoverer/SCAN]: Found library file "adventure-text-serializer-plain-4.17.0.jar" [parent: squaremap-neoforge-mc1.21.1-1.3.2.jar, locator: jarinjar]
[13Aug2026 06:15:17.543] [main/INFO] [net.neoforged.fml.loading.moddiscovery.ModDiscoverer/SCAN]: Found library file "geantyref-1.3.15.jar" [parent: cloud-neoforge-2.0.0-beta.9.jar, locator: jarinjar]
[13Aug2026 06:15:17.544] [main/INFO] [net.neoforged.fml.loading.moddiscovery.ModDiscoverer/SCAN]: Found gamelibrary file "cloud-minecraft-modded-common-2.0.0-beta.9.jar" [parent: cloud-neoforge-2.0.0-beta.9.jar, locator: jarinjar, reader: mod manifest]
[13Aug2026 06:15:17.544] [main/INFO] [net.neoforged.fml.loading.moddiscovery.ModDiscoverer/SCAN]: Found library file "examination-api-1.3.0.jar" [parent: squaremap-neoforge-mc1.21.1-1.3.2.jar, locator: jarinjar]
[13Aug2026 06:15:17.544] [main/INFO] [net.neoforged.fml.loading.moddiscovery.ModDiscoverer/SCAN]: Found library file "net.neoforged.neoforge-coremods-21.1.248.jar" [parent: neoforge-21.1.248-universal.jar, locator: jarinjar, reader: mod manifest]
[13Aug2026 06:15:17.544] [main/INFO] [net.neoforged.fml.loading.moddiscovery.ModDiscoverer/SCAN]: Found library file "dazzleconf-core-1.3.0-M2.jar" [parent: servercore-neoforge-1.5.19+1.21.1.jar, locator: jarinjar]
[13Aug2026 06:15:17.544] [main/INFO] [net.neoforged.fml.loading.moddiscovery.ModDiscoverer/SCAN]: Found library file "adventure-text-serializer-gson-4.17.0.jar" [parent: squaremap-neoforge-mc1.21.1-1.3.2.jar, locator: jarinjar]
[13Aug2026 06:15:17.544] [main/INFO] [net.neoforged.fml.loading.moddiscovery.ModDiscoverer/SCAN]: Found mod file "cloud-neoforge-2.0.0-beta.9.jar" [parent: squaremap-neoforge-mc1.21.1-1.3.2.jar, locator: jarinjar, reader: mod manifest]
[13Aug2026 06:15:17.544] [main/INFO] [net.neoforged.fml.loading.moddiscovery.ModDiscoverer/SCAN]: Found library file "cloud-processors-common-1.0.0-beta.3.jar" [parent: squaremap-neoforge-mc1.21.1-1.3.2.jar, locator: jarinjar]
[13Aug2026 06:15:17.545] [main/INFO] [net.neoforged.fml.loading.moddiscovery.ModDiscoverer/SCAN]: Found library file "option-1.0.0.jar" [parent: squaremap-neoforge-mc1.21.1-1.3.2.jar, locator: jarinjar]
[13Aug2026 06:15:17.545] [main/INFO] [net.neoforged.fml.loading.moddiscovery.ModDiscoverer/SCAN]: Found library file "adventure-api-4.17.0.jar" [parent: squaremap-neoforge-mc1.21.1-1.3.2.jar, locator: jarinjar]
[13Aug2026 06:15:17.545] [main/INFO] [net.neoforged.fml.loading.moddiscovery.ModDiscoverer/SCAN]: Found library file "adventure-text-minimessage-4.17.0.jar" [parent: squaremap-neoforge-mc1.21.1-1.3.2.jar, locator: jarinjar]
[13Aug2026 06:15:17.545] [main/INFO] [net.neoforged.fml.loading.moddiscovery.ModDiscoverer/SCAN]: Found library file "examination-string-1.3.0.jar" [parent: squaremap-neoforge-mc1.21.1-1.3.2.jar, locator: jarinjar]
[13Aug2026 06:15:17.545] [main/INFO] [net.neoforged.fml.loading.moddiscovery.ModDiscoverer/SCAN]: Found library file "adventure-text-serializer-json-4.17.0.jar" [parent: squaremap-neoforge-mc1.21.1-1.3.2.jar, locator: jarinjar]
[13Aug2026 06:15:17.545] [main/INFO] [net.neoforged.fml.loading.moddiscovery.ModDiscoverer/SCAN]: Found library file "cloud-processors-confirmation-1.0.0-beta.3.jar" [parent: squaremap-neoforge-mc1.21.1-1.3.2.jar, locator: jarinjar]
[13Aug2026 06:15:17.545] [main/INFO] [net.neoforged.fml.loading.moddiscovery.ModDiscoverer/SCAN]: Found library file "cloud-core-2.0.0.jar" [parent: cloud-neoforge-2.0.0-beta.9.jar, locator: jarinjar]
[13Aug2026 06:15:17.545] [main/INFO] [net.neoforged.fml.loading.moddiscovery.ModDiscoverer/SCAN]: Found library file "snakeyaml-2.6.jar" [parent: servercore-neoforge-1.5.19+1.21.1.jar, locator: jarinjar]
[13Aug2026 06:15:17.545] [main/INFO] [net.neoforged.fml.loading.moddiscovery.ModDiscoverer/SCAN]: Found library file "cloud-brigadier-2.0.0-beta.9.jar" [parent: cloud-neoforge-2.0.0-beta.9.jar, locator: jarinjar]
[13Aug2026 06:15:17.547] [main/INFO] [net.neoforged.fml.loading.moddiscovery.ModDiscoverer/]: 
     Mod List:
		Name Version (Mod Id)

		Chunky 1.4.23 (chunky)
		ChunkyBorder 1.2.18 (chunkyborder)
		Cloud Command Framework 2.0.0-beta.9 (cloud)
		EarthShape 1.1.3-C (earthshape)
		Lithostitched 1.7.13 (lithostitched)
		Minecraft 1.21.1 (minecraft)
		NeoForge 21.1.248 (neoforge)
		ServerCore 1.5.19+1.21.1 (servercore)
		squaremap 1.3.2 (squaremap)
[13Aug2026 06:15:17.920] [main/INFO] [mixin/]: Compatibility level set to JAVA_17
[13Aug2026 06:15:17.930] [main/INFO] [mixin/]: Compatibility level set to JAVA_21
[13Aug2026 06:15:17.946] [main/INFO] [cpw.mods.modlauncher.LaunchServiceHandler/MODLAUNCHER]: Launching target 'forgeserver' with arguments []
[13Aug2026 06:15:18.608] [main/WARN] [mixin/]: Error loading class: net/dries007/tfc/world/feature/BouldersFeature (java.lang.ClassNotFoundException: net.dries007.tfc.world.feature.BouldersFeature)
[13Aug2026 06:15:18.609] [main/WARN] [mixin/]: Error loading class: net/dries007/tfc/world/feature/DynamicDensityRandomPatchFeature (java.lang.ClassNotFoundException: net.dries007.tfc.world.feature.DynamicDensityRandomPatchFeature)
[13Aug2026 06:15:18.610] [main/WARN] [mixin/]: Error loading class: net/dries007/tfc/world/feature/ErosionFeature (java.lang.ClassNotFoundException: net.dries007.tfc.world.feature.ErosionFeature)
[13Aug2026 06:15:18.610] [main/WARN] [mixin/]: Error loading class: net/dries007/tfc/world/feature/FissureFeature (java.lang.ClassNotFoundException: net.dries007.tfc.world.feature.FissureFeature)
[13Aug2026 06:15:18.611] [main/WARN] [mixin/]: Error loading class: net/dries007/tfc/world/feature/HotSpringFeature (java.lang.ClassNotFoundException: net.dries007.tfc.world.feature.HotSpringFeature)
[13Aug2026 06:15:18.611] [main/WARN] [mixin/]: Error loading class: net/dries007/tfc/world/feature/LooseRockFeature (java.lang.ClassNotFoundException: net.dries007.tfc.world.feature.LooseRockFeature)
[13Aug2026 06:15:18.612] [main/WARN] [mixin/]: Error loading class: net/dries007/tfc/world/feature/NoisyMultipleFeature (java.lang.ClassNotFoundException: net.dries007.tfc.world.feature.NoisyMultipleFeature)
[13Aug2026 06:15:18.613] [main/WARN] [mixin/]: Error loading class: net/dries007/tfc/world/feature/SeaStacksFeature (java.lang.ClassNotFoundException: net.dries007.tfc.world.feature.SeaStacksFeature)
[13Aug2026 06:15:18.613] [main/WARN] [mixin/]: Error loading class: net/dries007/tfc/world/feature/SoilForestAreaFeature (java.lang.ClassNotFoundException: net.dries007.tfc.world.feature.SoilForestAreaFeature)
[13Aug2026 06:15:18.614] [main/WARN] [mixin/]: Error loading class: net/dries007/tfc/world/feature/SpringFeature (java.lang.ClassNotFoundException: net.dries007.tfc.world.feature.SpringFeature)
[13Aug2026 06:15:18.614] [main/WARN] [mixin/]: Error loading class: net/dries007/tfc/world/feature/TidePoolFeature (java.lang.ClassNotFoundException: net.dries007.tfc.world.feature.TidePoolFeature)
[13Aug2026 06:15:18.615] [main/WARN] [mixin/]: Error loading class: net/dries007/tfc/world/feature/cave/CaveColumnFeature (java.lang.ClassNotFoundException: net.dries007.tfc.world.feature.cave.CaveColumnFeature)
[13Aug2026 06:15:18.615] [main/WARN] [mixin/]: Error loading class: net/dries007/tfc/world/feature/cave/CaveSpikesFeature (java.lang.ClassNotFoundException: net.dries007.tfc.world.feature.cave.CaveSpikesFeature)
[13Aug2026 06:15:18.616] [main/WARN] [mixin/]: Error loading class: net/dries007/tfc/world/feature/cave/IceCaveFeature (java.lang.ClassNotFoundException: net.dries007.tfc.world.feature.cave.IceCaveFeature)
[13Aug2026 06:15:18.616] [main/WARN] [mixin/]: Error loading class: net/dries007/tfc/world/feature/tree/ForestFeature (java.lang.ClassNotFoundException: net.dries007.tfc.world.feature.tree.ForestFeature)
[13Aug2026 06:15:18.917] [main/INFO] [MixinExtras|Service/]: Initializing MixinExtras via com.llamalad7.mixinextras.service.MixinExtrasServiceImpl(version=0.5.3).
[13Aug2026 06:15:22.694] [modloading-worker-0/INFO] [net.neoforged.neoforge.common.NeoForgeMod/NEOFORGE-MOD]: NeoForge mod loading, version 21.1.248, for MC 1.21.1
[13Aug2026 06:15:22.741] [modloading-worker-0/INFO] [me.wesley1808.servercore.common.ServerCore/]: [ServerCore] Loaded V1.5.19+1.21.1!
[13Aug2026 06:15:22.828] [modloading-worker-0/INFO] [io.github.earthshape.EarthShape/]: [EarthShape] Registered Chunky shape '/chunky shape earth' (land-only pregeneration).
[13Aug2026 06:15:22.829] [modloading-worker-0/INFO] [io.github.earthshape.EarthShape/]: [EarthShape] map biome and water layers loaded for NeoForge 1.21.1.
[13Aug2026 06:15:23.001] [modloading-worker-0/INFO] [io.undertow/]: starting server: Undertow - 2.3.17.Final
[13Aug2026 06:15:23.006] [modloading-worker-0/INFO] [org.xnio/]: XNIO version 3.8.16.Final
[13Aug2026 06:15:23.011] [modloading-worker-0/INFO] [org.xnio.nio/]: XNIO NIO Implementation Version 3.8.16.Final
[13Aug2026 06:15:23.025] [modloading-worker-0/INFO] [org.jboss.threads/]: JBoss Threads version 3.5.0.Final
[13Aug2026 06:15:23.067] [modloading-worker-0/INFO] [squaremap/]: Internal webserver running on 0.0.0.0:8080
[13Aug2026 06:15:23.319] [main/INFO] [com.mojang.authlib.yggdrasil.YggdrasilAuthenticationService/]: Environment: Environment[sessionHost=https://sessionserver.mojang.com, servicesHost=https://api.minecraftservices.com, name=PROD]
[13Aug2026 06:15:23.354] [main/WARN] [net.minecraft.server.packs.VanillaPackResourcesBuilder/]: Assets URL 'union:/home/united/worldgen/neoforge-launcher/libraries/net/minecraft/server/1.21.1-20240808.144430/server-1.21.1-20240808.144430-srg.jar%23123!/assets/.mcassetsroot' uses unexpected schema
[13Aug2026 06:15:23.355] [main/WARN] [net.minecraft.server.packs.VanillaPackResourcesBuilder/]: Assets URL 'union:/home/united/worldgen/neoforge-launcher/libraries/net/minecraft/server/1.21.1-20240808.144430/server-1.21.1-20240808.144430-srg.jar%23123!/data/.mcassetsroot' uses unexpected schema
[13Aug2026 06:15:23.825] [main/INFO] [net.minecraft.server.Main/]: No existing world data, creating new world
[13Aug2026 06:15:24.316] [main/INFO] [net.minecraft.world.item.crafting.RecipeManager/]: Loaded 1290 recipes
[13Aug2026 06:15:24.427] [main/INFO] [net.minecraft.advancements.AdvancementTree/]: Loaded 1399 advancements
[13Aug2026 06:15:24.828] [Server thread/INFO] [net.minecraft.server.dedicated.DedicatedServer/]: Starting minecraft server version 1.21.1
[13Aug2026 06:15:24.828] [Server thread/INFO] [net.minecraft.server.dedicated.DedicatedServer/]: Loading properties
[13Aug2026 06:15:24.829] [Server thread/INFO] [net.minecraft.server.dedicated.DedicatedServer/]: Default game type: SURVIVAL
[13Aug2026 06:15:24.829] [Server thread/INFO] [net.minecraft.server.MinecraftServer/]: Generating keypair
[13Aug2026 06:15:24.927] [Server thread/INFO] [net.minecraft.server.dedicated.DedicatedServer/]: Starting Minecraft server on *:25565
[13Aug2026 06:15:24.955] [Server thread/INFO] [net.minecraft.server.network.ServerConnectionListener/]: Using epoll channel type
[13Aug2026 06:15:25.005] [Server thread/INFO] [io.github.earthshape.EarthShape/]: [EarthShape] indexed 0 additional overworld biomes for layer selection; tfc=0, uncategorized=0
[13Aug2026 06:15:25.009] [Server thread/INFO] [net.minecraft.server.dedicated.DedicatedServer/]: Preparing level "world"
[13Aug2026 06:16:02.115] [Worker-Main-3/INFO] [io.github.earthshape.EarthShape/]: [EarthShape] worldmap_river.png land/ocean and river mask loaded: 6000x3400 in 36890 ms.
[13Aug2026 06:16:02.138] [Worker-Main-3/INFO] [io.github.earthshape.EarthShape/]: [EarthShape] random map centre selected on land at source pixel (1169, 1008) from 2555738 eligible land pixels in X=500..3700, Z=350..2500; source offset=(-1830.5, -691.5) pixels; map translation=(10983, 4149) blocks, distance=11741 blocks; world spawn remains (0, 0).
[13Aug2026 06:16:03.739] [Server thread/INFO] [io.github.earthshape.EarthShape/]: [EarthShape] terrain.bmp climate layer loaded: 5632x2048.
[13Aug2026 06:16:03.835] [Worker-Main-1/INFO] [io.github.earthshape.EarthShape/]: [EarthShape] outermost Overworld biome resolver active; discarded external holder and stored EarthShape's final result.
[13Aug2026 06:16:04.802] [Worker-Main-3/INFO] [io.github.earthshape.EarthShape/]: [EarthShape] earth_temperature.png climate layer loaded: 6000x3400.
[13Aug2026 06:16:04.852] [Worker-Main-1/INFO] [io.github.earthshape.EarthShape/]: [EarthShape] trees.bmp climate layer loaded: 1650x600.
[13Aug2026 06:16:07.486] [Worker-Main-2/INFO] [io.github.earthshape.EarthShape/]: [EarthShape] world_normal.bmp climate layer loaded: 2816x1024.
[13Aug2026 06:16:09.114] [Server thread/INFO] [net.minecraft.server.MinecraftServer/]: Preparing start region for dimension minecraft:overworld
[13Aug2026 06:16:09.136] [Worker-Main-2/INFO] [net.minecraft.server.level.progress.LoggerChunkProgressListener/]: Preparing spawn area: 2%
[13Aug2026 06:16:09.625] [Worker-Main-2/INFO] [net.minecraft.server.level.progress.LoggerChunkProgressListener/]: Preparing spawn area: 2%
[13Aug2026 06:16:10.152] [Worker-Main-3/INFO] [net.minecraft.server.level.progress.LoggerChunkProgressListener/]: Preparing spawn area: 18%
[13Aug2026 06:16:10.617] [Worker-Main-1/INFO] [net.minecraft.server.level.progress.LoggerChunkProgressListener/]: Preparing spawn area: 18%
[13Aug2026 06:16:11.119] [Worker-Main-2/INFO] [net.minecraft.server.level.progress.LoggerChunkProgressListener/]: Preparing spawn area: 51%
[13Aug2026 06:16:11.620] [Worker-Main-1/INFO] [net.minecraft.server.level.progress.LoggerChunkProgressListener/]: Preparing spawn area: 51%
[13Aug2026 06:16:12.120] [Worker-Main-1/INFO] [net.minecraft.server.level.progress.LoggerChunkProgressListener/]: Preparing spawn area: 51%
[13Aug2026 06:16:12.236] [Server thread/INFO] [net.minecraft.server.level.progress.LoggerChunkProgressListener/]: Time elapsed: 3122 ms
[13Aug2026 06:16:12.237] [Server thread/INFO] [net.minecraft.server.dedicated.DedicatedServer/]: Done (47.255s)! For help, type "help"
[13Aug2026 06:16:12.262] [Server thread/INFO] [net.neoforged.neoforge.server.permission.PermissionAPI/]: Successfully initialized permission handler neoforge:default_handler
[13Aug2026 06:16:12.289] [ForkJoinPool.commonPool-worker-1/INFO] [squaremap/]: Fetching version information...
[13Aug2026 06:16:12.680] [ForkJoinPool.commonPool-worker-1/INFO] [squaremap/]: squaremap is 14 version(s) out of date.
[13Aug2026 06:16:12.680] [ForkJoinPool.commonPool-worker-1/INFO] [squaremap/]: Download the latest release (v1.3.15) from https://github.com/jpenilla/squaremap/releases/tag/v1.3.15
[13Aug2026 06:20:28.492] [Server thread/INFO] [net.minecraft.server.MinecraftServer/]: [Chunky] World changed to minecraft:overworld.
[13Aug2026 06:20:31.438] [Server thread/INFO] [net.minecraft.server.MinecraftServer/]: [Chunky] Shape changed to earth.
[13Aug2026 06:20:33.139] [Server thread/INFO] [net.minecraft.server.MinecraftServer/]: [Chunky] Radius changed to 5000.
[13Aug2026 06:20:38.038] [Server thread/INFO] [net.minecraft.server.MinecraftServer/]: [Chunky] Shape changed to circle.
[13Aug2026 06:20:39.988] [Server thread/INFO] [net.minecraft.server.MinecraftServer/]: [Chunky] Radius changed to 7000.
[13Aug2026 06:20:40.740] [Server thread/INFO] [net.minecraft.server.MinecraftServer/]: [Chunky] Task started in minecraft:overworld for the circle region centered at 0, 0 with radius 7000.
[13Aug2026 06:20:44.286] [Server thread/INFO] [net.minecraft.server.MinecraftServer/]: [Chunky] Task running for minecraft:overworld. Processed: 67 chunks (0.01%), ETA: 4:16:21, Rate: 50 cps, Surface biomes: minecraft:plains (33 chunks), minecraft:windswept_hills (12 chunks), minecraft:dark_forest (5 chunks), Current: 8, 1
[13Aug2026 06:20:45.363] [Server thread/INFO] [net.minecraft.server.MinecraftServer/]: [Chunky] Task running for minecraft:overworld. Processed: 73 chunks (0.01%), ETA: 53:24:24, Rate: 4 cps, Surface biomes: minecraft:windswept_hills (4 chunks), Current: 10, 2
[13Aug2026 06:20:46.520] [Server thread/INFO] [net.minecraft.server.MinecraftServer/]: [Chunky] Task running for minecraft:overworld. Processed: 131 chunks (0.02%), ETA: 3:40:58, Rate: 58 cps, Surface biomes: minecraft:plains (34 chunks), minecraft:windswept_hills (17 chunks), minecraft:dark_forest (7 chunks), Current: 8, 8
[13Aug2026 06:20:47.826] [Server thread/INFO] [net.minecraft.server.MinecraftServer/]: [Chunky] Task running for minecraft:overworld. Processed: 185 chunks (0.02%), ETA: 15:15:24, Rate: 14 cps, Surface biomes: minecraft:windswept_hills (7 chunks), minecraft:plains (6 chunks), minecraft:dark_forest (1 chunks), Current: 6, 12
[13Aug2026 06:20:48.996] [Server thread/INFO] [net.minecraft.server.MinecraftServer/]: [Chunky] Task running for minecraft:overworld. Processed: 236 chunks (0.03%), ETA: 3:40:56, Rate: 58 cps, Surface biomes: minecraft:plains (34 chunks), minecraft:windswept_hills (22 chunks), minecraft:meadow (2 chunks), Current: 2, 11
[13Aug2026 06:20:50.010] [Server thread/INFO] [net.minecraft.server.MinecraftServer/]: [Chunky] Task running for minecraft:overworld. Processed: 277 chunks (0.04%), ETA: 5:20:21, Rate: 40 cps, Surface biomes: minecraft:plains (39 chunks), minecraft:dark_forest (1 chunks), Current: 3, 19
[13Aug2026 06:20:51.138] [Server thread/INFO] [net.minecraft.server.MinecraftServer/]: [Chunky] Task running for minecraft:overworld. Processed: 301 chunks (0.04%), ETA: 8:53:54, Rate: 24 cps, Surface biomes: minecraft:plains (24 chunks), Current: 2, 22
[13Aug2026 06:20:52.341] [Server thread/INFO] [net.minecraft.server.MinecraftServer/]: [Chunky] Task running for minecraft:overworld. Processed: 319 chunks (0.04%), ETA: 12:33:44, Rate: 17 cps, Surface biomes: minecraft:plains (15 chunks), minecraft:river (2 chunks), Current: 0, 21
[13Aug2026 06:20:53.668] [Server thread/INFO] [net.minecraft.server.MinecraftServer/]: [Chunky] Task running for minecraft:overworld. Processed: 384 chunks (0.05%), ETA: 3:30:02, Rate: 61 cps, Surface biomes: minecraft:plains (28 chunks), minecraft:windswept_hills (26 chunks), minecraft:river (7 chunks), Current: 7, 31
[13Aug2026 06:20:54.691] [Server thread/INFO] [net.minecraft.server.MinecraftServer/]: [Chunky] Task running for minecraft:overworld. Processed: 388 chunks (0.05%), ETA: 35:35:23, Rate: 6 cps, Surface biomes: minecraft:windswept_hills (6 chunks), Current: 10, 27
[13Aug2026 06:20:55.752] [Server thread/INFO] [net.minecraft.server.MinecraftServer/]: [Chunky] Task running for minecraft:overworld. Processed: 417 chunks (0.05%), ETA: 11:14:18, Rate: 19 cps, Surface biomes: minecraft:windswept_hills (15 chunks), minecraft:plains (4 chunks), Current: 10, 30
[13Aug2026 06:20:57.640] [Server thread/INFO] [net.minecraft.server.MinecraftServer/]: [Chunky] Task running for minecraft:overworld. Processed: 513 chunks (0.07%), ETA: 2:22:20, Rate: 90 cps, Surface biomes: minecraft:windswept_hills (73 chunks), minecraft:plains (9 chunks), minecraft:meadow (8 chunks), Current: 16, 16
[13Aug2026 06:20:58.644] [Server thread/INFO] [net.minecraft.server.MinecraftServer/]: [Chunky] Task running for minecraft:overworld. Processed: 553 chunks (0.07%), ETA: 21:20:57, Rate: 10 cps, Surface biomes: minecraft:windswept_hills (10 chunks), Current: 19, 21
[13Aug2026 06:20:59.661] [Server thread/INFO] [net.minecraft.server.MinecraftServer/]: [Chunky] Task running for minecraft:overworld. Processed: 600 chunks (0.08%), ETA: 3:37:05, Rate: 59 cps, Surface biomes: minecraft:windswept_hills (48 chunks), minecraft:plains (11 chunks), Current: 21, 26
[13Aug2026 06:21:01.066] [Server thread/INFO] [net.minecraft.server.MinecraftServer/]: [Chunky] Task running for minecraft:overworld. Processed: 641 chunks (0.08%), ETA: 42:41:37, Rate: 5 cps, Surface biomes: minecraft:windswept_hills (5 chunks), Current: 24, 26
[13Aug2026 06:21:02.088] [Server thread/INFO] [net.minecraft.server.MinecraftServer/]: [Chunky] Task running for minecraft:overworld. Processed: 674 chunks (0.09%), ETA: 7:21:38, Rate: 29 cps, Surface biomes: minecraft:windswept_hills (23 chunks), minecraft:plains (4 chunks), minecraft:meadow (1 chunks), minecraft:river (1 chunks), Current: 24, 31
[13Aug2026 06:21:03.173] [Server thread/INFO] [net.minecraft.server.MinecraftServer/]: [Chunky] Task running for minecraft:overworld. Processed: 694 chunks (0.09%), ETA: 8:53:38, Rate: 24 cps, Surface biomes: minecraft:windswept_hills (12 chunks), minecraft:plains (5 chunks), minecraft:river (5 chunks), minecraft:meadow (2 chunks), Current: 29, 25
[13Aug2026 06:21:04.620] [Server thread/INFO] [net.minecraft.server.MinecraftServer/]: [Chunky] Task running for minecraft:overworld. Processed: 742 chunks (0.10%), ETA: 4:26:48, Rate: 48 cps, Surface biomes: minecraft:plains (31 chunks), minecraft:river (11 chunks), minecraft:windswept_hills (6 chunks), Current: 27, 19
[13Aug2026 06:21:05.767] [Server thread/INFO] [net.minecraft.server.MinecraftServer/]: [Chunky] Task running for minecraft:overworld. Processed: 759 chunks (0.10%), ETA: 106:43:05, Rate: 2 cps, Surface biomes: minecraft:plains (2 chunks), Current: 24, 16
[13Aug2026 06:21:06.780] [Server thread/INFO] [net.minecraft.server.MinecraftServer/]: [Chunky] Task running for minecraft:overworld. Processed: 792 chunks (0.10%), ETA: 7:54:16, Rate: 27 cps, Surface biomes: minecraft:plains (11 chunks), minecraft:windswept_hills (9 chunks), minecraft:river (7 chunks), Current: 26, 12
[13Aug2026 06:21:07.792] [Server thread/INFO] [net.minecraft.server.MinecraftServer/]: [Chunky] Task running for minecraft:overworld. Processed: 873 chunks (0.11%), ETA: 3:33:24, Rate: 60 cps, Surface biomes: minecraft:plains (22 chunks), minecraft:windswept_hills (22 chunks), minecraft:river (11 chunks), minecraft:meadow (5 chunks), Current: 16, 10
[13Aug2026 06:21:08.951] [Server thread/INFO] [net.minecraft.server.MinecraftServer/]: [Chunky] Task running for minecraft:overworld. Processed: 932 chunks (0.12%), ETA: 3:13:59, Rate: 66 cps, Surface biomes: minecraft:windswept_hills (41 chunks), minecraft:plains (25 chunks), Current: 17, 3
[13Aug2026 06:21:10.069] [Server thread/INFO] [net.minecraft.server.MinecraftServer/]: [Chunky] Task running for minecraft:overworld. Processed: 995 chunks (0.13%), ETA: 3:52:46, Rate: 55 cps, Surface biomes: minecraft:plains (36 chunks), minecraft:windswept_hills (11 chunks), minecraft:dark_forest (6 chunks), minecraft:meadow (2 chunks), Current: 28, 7
[13Aug2026 06:21:12.825] [Server thread/INFO] [net.minecraft.server.MinecraftServer/]: [Chunky] Task running for minecraft:overworld. Processed: 1044 chunks (0.14%), ETA: 4:21:15, Rate: 49 cps, Surface biomes: minecraft:plains (30 chunks), minecraft:windswept_hills (17 chunks), minecraft:meadow (2 chunks), Current: 32, 6
[13Aug2026 06:21:12.904] [Server thread/WARN] [net.minecraft.server.MinecraftServer/]: Can't keep up! Is the server overloaded? Running 2416ms or 48 ticks behind
[13Aug2026 06:21:14.935] [Server thread/INFO] [net.minecraft.server.MinecraftServer/]: [Chunky] Task running for minecraft:overworld. Processed: 1094 chunks (0.14%), ETA: 213:20:35, Rate: 1 cps, Surface biomes: minecraft:windswept_hills (1 chunks), Current: 41, 3
[13Aug2026 06:21:16.777] [Server thread/INFO] [net.minecraft.server.MinecraftServer/]: [Chunky] Task running for minecraft:overworld. Processed: 1157 chunks (0.15%), ETA: 3:33:19, Rate: 60 cps, Surface biomes: minecraft:windswept_hills (28 chunks), minecraft:plains (20 chunks), minecraft:meadow (7 chunks), minecraft:river (5 chunks), Current: 43, 8
[13Aug2026 06:21:17.802] [Server thread/INFO] [net.minecraft.server.MinecraftServer/]: [Chunky] Task running for minecraft:overworld. Processed: 1209 chunks (0.16%), ETA: 5:55:31, Rate: 36 cps, Surface biomes: minecraft:plains (28 chunks), minecraft:river (8 chunks), Current: 38, 8
[13Aug2026 06:21:18.818] [Server thread/INFO] [net.minecraft.server.MinecraftServer/]: [Chunky] Task running for minecraft:overworld. Processed: 1298 chunks (0.17%), ETA: 4:01:27, Rate: 53 cps, Surface biomes: minecraft:plains (52 chunks), minecraft:river (1 chunks), Current: 36, 17
[13Aug2026 06:21:19.951] [Server thread/INFO] [net.minecraft.server.MinecraftServer/]: [Chunky] Task running for minecraft:overworld. Processed: 1307 chunks (0.17%), ETA: 3:52:40, Rate: 55 cps, Surface biomes: minecraft:plains (23 chunks), minecraft:windswept_hills (21 chunks), minecraft:river (6 chunks), minecraft:meadow (5 chunks), Current: 39, 17
[13Aug2026 06:21:21.738] [Server thread/INFO] [net.minecraft.server.MinecraftServer/]: [Chunky] Task running for minecraft:overworld. Processed: 1345 chunks (0.17%), ETA: 7:06:32, Rate: 30 cps, Surface biomes: minecraft:windswept_hills (16 chunks), minecraft:plains (6 chunks), minecraft:river (6 chunks), minecraft:meadow (2 chunks), Current: 33, 24
[13Aug2026 06:21:22.788] [Server thread/INFO] [net.minecraft.server.MinecraftServer/]: [Chunky] Task running for minecraft:overworld. Processed: 1371 chunks (0.18%), ETA: 30:27:59, Rate: 7 cps, Surface biomes: minecraft:plains (6 chunks), minecraft:river (1 chunks), Current: 32, 27
[13Aug2026 06:21:23.791] [Server thread/INFO] [net.minecraft.server.MinecraftServer/]: [Chunky] Task running for minecraft:overworld. Processed: 1394 chunks (0.18%), ETA: 8:53:08, Rate: 24 cps, Surface biomes: minecraft:plains (13 chunks), minecraft:river (8 chunks), minecraft:windswept_hills (3 chunks), Current: 39, 31
[13Aug2026 06:21:24.838] [Server thread/INFO] [net.minecraft.server.MinecraftServer/]: [Chunky] Task running for minecraft:overworld. Processed: 1451 chunks (0.19%), ETA: 8:12:06, Rate: 26 cps, Surface biomes: minecraft:windswept_hills (14 chunks), minecraft:plains (10 chunks), minecraft:meadow (1 chunks), minecraft:river (1 chunks), Current: 46, 31
[13Aug2026 06:21:25.841] [Server thread/INFO] [net.minecraft.server.MinecraftServer/]: [Chunky] Task running for minecraft:overworld. Processed: 1466 chunks (0.19%), ETA: 4:06:02, Rate: 52 cps, Surface biomes: minecraft:plains (29 chunks), minecraft:windswept_hills (15 chunks), minecraft:dark_forest (4 chunks), minecraft:river (4 chunks), Current: 44, 25
[13Aug2026 06:21:26.915] [Server thread/INFO] [net.minecraft.server.MinecraftServer/]: [Chunky] Task running for minecraft:overworld. Processed: 1540 chunks (0.20%), ETA: 4:10:50, Rate: 51 cps, Surface biomes: minecraft:plains (38 chunks), minecraft:river (11 chunks), minecraft:dark_forest (1 chunks), minecraft:windswept_hills (1 chunks), Current: 48, 17
[13Aug2026 06:21:27.964] [Server thread/INFO] [net.minecraft.server.MinecraftServer/]: [Chunky] Task running for minecraft:overworld. Processed: 1555 chunks (0.20%), ETA: 4:15:51, Rate: 50 cps, Surface biomes: minecraft:plains (50 chunks), Current: 52, 18
[13Aug2026 06:21:29.451] [Server thread/INFO] [net.minecraft.server.MinecraftServer/]: [Chunky] Task running for minecraft:overworld. Processed: 1623 chunks (0.21%), ETA: 3:10:55, Rate: 67 cps, Surface biomes: minecraft:plains (48 chunks), minecraft:river (14 chunks), minecraft:dark_forest (3 chunks), minecraft:windswept_hills (2 chunks), Current: 52, 27
[13Aug2026 06:21:31.172] [Server thread/INFO] [net.minecraft.server.MinecraftServer/]: [Chunky] Task running for minecraft:overworld. Processed: 1697 chunks (0.22%), ETA: 6:39:42, Rate: 32 cps, Surface biomes: minecraft:plains (32 chunks), Current: 60, 29
[13Aug2026 06:21:32.413] [Server thread/INFO] [net.minecraft.server.MinecraftServer/]: [Chunky] Task running for minecraft:overworld. Processed: 1727 chunks (0.22%), ETA: 7:06:20, Rate: 30 cps, Surface biomes: minecraft:plains (28 chunks), minecraft:dark_forest (2 chunks), Current: 62, 23
[13Aug2026 06:21:32.491] [Server thread/WARN] [net.minecraft.server.MinecraftServer/]: Can't keep up! Is the server overloaded? Running 4603ms or 92 ticks behind
[13Aug2026 06:21:33.838] [Server thread/INFO] [net.minecraft.server.MinecraftServer/]: [Chunky] Task running for minecraft:overworld. Processed: 1747 chunks (0.23%), ETA: 10:39:29, Rate: 20 cps, Surface biomes: minecraft:plains (20 chunks), Current: 56, 20
[13Aug2026 06:21:35.038] [Server thread/INFO] [net.minecraft.server.MinecraftServer/]: [Chunky] Task running for minecraft:overworld. Processed: 1776 chunks (0.23%), ETA: 11:50:30, Rate: 18 cps, Surface biomes: minecraft:plains (13 chunks), minecraft:river (5 chunks), Current: 59, 18
[13Aug2026 06:21:36.088] [Server thread/INFO] [net.minecraft.server.MinecraftServer/]: [Chunky] Task running for minecraft:overworld. Processed: 1809 chunks (0.24%), ETA: 6:27:32, Rate: 33 cps, Surface biomes: minecraft:dark_forest (14 chunks), minecraft:plains (14 chunks), minecraft:river (5 chunks), Current: 62, 11
[13Aug2026 06:21:37.091] [Server thread/INFO] [net.minecraft.server.MinecraftServer/]: [Chunky] Task running for minecraft:overworld. Processed: 1825 chunks (0.24%), ETA: 15:13:27, Rate: 14 cps, Surface biomes: minecraft:dark_forest (14 chunks), Current: 59, 13
[13Aug2026 06:21:38.188] [Server thread/INFO] [net.minecraft.server.MinecraftServer/]: [Chunky] Task running for minecraft:overworld. Processed: 1847 chunks (0.24%), ETA: 8:52:50, Rate: 24 cps, Surface biomes: minecraft:dark_forest (19 chunks), minecraft:plains (5 chunks), Current: 57, 9
[13Aug2026 06:21:39.288] [Server thread/INFO] [net.minecraft.server.MinecraftServer/]: [Chunky] Task running for minecraft:overworld. Processed: 1879 chunks (0.24%), ETA: 9:15:58, Rate: 23 cps, Surface biomes: minecraft:plains (13 chunks), minecraft:dark_forest (7 chunks), minecraft:river (3 chunks), Current: 53, 12
[13Aug2026 06:21:40.339] [Server thread/INFO] [net.minecraft.server.MinecraftServer/]: [Chunky] Task running for minecraft:overworld. Processed: 1925 chunks (0.25%), ETA: 4:01:15, Rate: 53 cps, Surface biomes: minecraft:plains (32 chunks), minecraft:river (15 chunks), minecraft:dark_forest (3 chunks), minecraft:windswept_hills (3 chunks), Current: 53, 5
[13Aug2026 06:21:41.449] [Server thread/INFO] [net.minecraft.server.MinecraftServer/]: [Chunky] Task running for minecraft:overworld. Processed: 1977 chunks (0.26%), ETA: 3:56:46, Rate: 54 cps, Surface biomes: minecraft:plains (31 chunks), minecraft:meadow (10 chunks), minecraft:windswept_hills (10 chunks), minecraft:dark_forest (3 chunks), Current: 57, 4
[13Aug2026 06:21:42.768] [Server thread/INFO] [net.minecraft.server.MinecraftServer/]: [Chunky] Task running for minecraft:overworld. Processed: 2025 chunks (0.26%), ETA: 4:26:21, Rate: 48 cps, Surface biomes: minecraft:dark_forest (34 chunks), minecraft:river (8 chunks), minecraft:plains (6 chunks), Current: 63, 3
[13Aug2026 06:21:43.841] [Server thread/INFO] [net.minecraft.server.MinecraftServer/]: [Chunky] Task running for minecraft:overworld. Processed: 2045 chunks (0.27%), ETA: 71:01:34, Rate: 3 cps, Surface biomes: minecraft:dark_forest (2 chunks), minecraft:plains (1 chunks), Current: 61, 0
[13Aug2026 06:21:44.966] [Server thread/INFO] [net.minecraft.server.MinecraftServer/]: [Chunky] Task running for minecraft:overworld. Processed: 2073 chunks (0.27%), ETA: 11:50:14, Rate: 18 cps, Surface biomes: minecraft:dark_forest (10 chunks), minecraft:plains (4 chunks), minecraft:river (4 chunks), Current: 34, -28
[13Aug2026 06:21:46.743] [Server thread/INFO] [net.minecraft.server.MinecraftServer/]: [Chunky] Task running for minecraft:overworld. Processed: 2104 chunks (0.27%), ETA: 7:06:07, Rate: 30 cps, Surface biomes: minecraft:plains (30 chunks), Current: 40, -29
[13Aug2026 06:21:47.848] [Server thread/INFO] [net.minecraft.server.MinecraftServer/]: [Chunky] Task running for minecraft:overworld. Processed: 2149 chunks (0.28%), ETA: 213:03:00, Rate: 1 cps, Surface biomes: minecraft:plains (1 chunks), Current: 40, -28
[13Aug2026 06:21:49.076] [Server thread/INFO] [net.minecraft.server.MinecraftServer/]: [Chunky] Task running for minecraft:overworld. Processed: 2202 chunks (0.29%), ETA: 4:44:02, Rate: 45 cps, Surface biomes: minecraft:plains (41 chunks), minecraft:meadow (4 chunks), Current: 45, -22
[13Aug2026 06:21:50.112] [Server thread/INFO] [net.minecraft.server.MinecraftServer/]: [Chunky] Task running for minecraft:overworld. Processed: 2235 chunks (0.29%), ETA: 10:39:04, Rate: 20 cps, Surface biomes: minecraft:plains (15 chunks), minecraft:river (4 chunks), minecraft:windswept_hills (1 chunks), Current: 47, -17
[13Aug2026 06:21:51.149] [Server thread/INFO] [net.minecraft.server.MinecraftServer/]: [Chunky] Task running for minecraft:overworld. Processed: 2236 chunks (0.29%), ETA: 15:12:58, Rate: 14 cps, Surface biomes: minecraft:river (6 chunks), minecraft:plains (5 chunks), minecraft:meadow (3 chunks), Current: 40, -18
[13Aug2026 06:21:51.348] [Server thread/WARN] [net.minecraft.server.MinecraftServer/]: Can't keep up! Is the server overloaded? Running 3860ms or 77 ticks behind
[13Aug2026 06:21:52.307] [Server thread/INFO] [net.minecraft.server.MinecraftServer/]: [Chunky] Task running for minecraft:overworld. Processed: 2273 chunks (0.30%), ETA: 8:31:14, Rate: 25 cps, Surface biomes: minecraft:meadow (9 chunks), minecraft:plains (6 chunks), minecraft:river (6 chunks), minecraft:windswept_hills (4 chunks), Current: 35, -24
[13Aug2026 06:21:53.338] [Server thread/INFO] [net.minecraft.server.MinecraftServer/]: [Chunky] Task running for minecraft:overworld. Processed: 2296 chunks (0.30%), ETA: 9:15:40, Rate: 23 cps, Surface biomes: minecraft:plains (18 chunks), minecraft:meadow (4 chunks), minecraft:windswept_hills (1 chunks), Current: 32, -19
[13Aug2026 06:21:54.488] [Server thread/INFO] [net.minecraft.server.MinecraftServer/]: [Chunky] Task running for minecraft:overworld. Processed: 2336 chunks (0.30%), ETA: 5:45:24, Rate: 37 cps, Surface biomes: minecraft:plains (24 chunks), minecraft:windswept_hills (8 chunks), minecraft:river (5 chunks), Current: 38, -13
[13Aug2026 06:21:55.562] [Server thread/INFO] [net.minecraft.server.MinecraftServer/]: [Chunky] Task running for minecraft:overworld. Processed: 2407 chunks (0.31%), ETA: 8:11:29, Rate: 26 cps, Surface biomes: minecraft:windswept_hills (14 chunks), minecraft:meadow (6 chunks), minecraft:plains (5 chunks), minecraft:river (1 chunks), Current: 37, -1
[13Aug2026 06:21:56.578] [Server thread/INFO] [net.minecraft.server.MinecraftServer/]: [Chunky] Task running for minecraft:overworld. Processed: 2458 chunks (0.32%), ETA: 3:02:32, Rate: 70 cps, Surface biomes: minecraft:windswept_hills (36 chunks), minecraft:meadow (17 chunks), minecraft:plains (17 chunks), Current: 42, -3
[13Aug2026 06:21:57.609] [Server thread/INFO] [net.minecraft.server.MinecraftServer/]: [Chunky] Task running for minecraft:overworld. Processed: 2466 chunks (0.32%), ETA: 4:57:09, Rate: 43 cps, Surface biomes: minecraft:plains (33 chunks), minecraft:windswept_hills (10 chunks), Current: 44, -4
[13Aug2026 06:21:59.941] [Server thread/INFO] [net.minecraft.server.MinecraftServer/]: [Chunky] Task running for minecraft:overworld. Processed: 2559 chunks (0.33%), ETA: 2:09:03, Rate: 99 cps, Surface biomes: minecraft:plains (96 chunks), minecraft:windswept_hills (3 chunks), Current: 46, -16
[13Aug2026 06:22:01.468] [Server thread/INFO] [net.minecraft.server.MinecraftServer/]: [Chunky] Task running for minecraft:overworld. Processed: 2561 chunks (0.33%), ETA: 106:28:04, Rate: 2 cps, Surface biomes: minecraft:plains (2 chunks), Current: 48, -15
[13Aug2026 06:22:02.488] [Server thread/INFO] [net.minecraft.server.MinecraftServer/]: [Chunky] Task running for minecraft:overworld. Processed: 2615 chunks (0.34%), ETA: 4:31:48, Rate: 47 cps, Surface biomes: minecraft:plains (37 chunks), minecraft:river (10 chunks), Current: 48, -4
[13Aug2026 06:22:03.538] [Server thread/INFO] [net.minecraft.server.MinecraftServer/]: [Chunky] Task running for minecraft:overworld. Processed: 2673 chunks (0.35%), ETA: 6:04:58, Rate: 35 cps, Surface biomes: minecraft:plains (35 chunks), Current: 52, -5
[13Aug2026 06:22:04.588] [Server thread/INFO] [net.minecraft.server.MinecraftServer/]: [Chunky] Task running for minecraft:overworld. Processed: 2734 chunks (0.36%), ETA: 4:05:38, Rate: 52 cps, Surface biomes: minecraft:plains (41 chunks), minecraft:dark_forest (11 chunks), Current: 63, -1
[13Aug2026 06:22:05.638] [Server thread/INFO] [net.minecraft.server.MinecraftServer/]: [Chunky] Task running for minecraft:overworld. Processed: 2759 chunks (0.36%), ETA: 4:26:06, Rate: 48 cps, Surface biomes: minecraft:plains (38 chunks), minecraft:dark_forest (10 chunks), Current: 61, -9
[13Aug2026 06:22:06.738] [Server thread/INFO] [net.minecraft.server.MinecraftServer/]: [Chunky] Task running for minecraft:overworld. Processed: 2783 chunks (0.36%), ETA: 10:08:12, Rate: 21 cps, Surface biomes: minecraft:plains (21 chunks), Current: 63, -11
[13Aug2026 06:22:07.788] [Server thread/INFO] [net.minecraft.server.MinecraftServer/]: [Chunky] Task running for minecraft:overworld. Processed: 2809 chunks (0.37%), ETA: 8:52:10, Rate: 24 cps, Surface biomes: minecraft:plains (24 chunks), Current: 62, -14
[13Aug2026 06:22:08.838] [Server thread/INFO] [net.minecraft.server.MinecraftServer/]: [Chunky] Task running for minecraft:overworld. Processed: 2820 chunks (0.37%), ETA: 8:11:13, Rate: 26 cps, Surface biomes: minecraft:plains (22 chunks), minecraft:river (4 chunks), Current: 63, -18
[13Aug2026 06:22:09.839] [Server thread/INFO] [net.minecraft.server.MinecraftServer/]: [Chunky] Task running for minecraft:overworld. Processed: 2870 chunks (0.37%), ETA: 15:12:12, Rate: 14 cps, Surface biomes: minecraft:plains (14 chunks), Current: 56, -22
[13Aug2026 06:22:11.660] [Server thread/INFO] [net.minecraft.server.MinecraftServer/]: [Chunky] Task running for minecraft:overworld. Processed: 2939 chunks (0.38%), ETA: 3:29:20, Rate: 61 cps, Surface biomes: minecraft:plains (58 chunks), minecraft:river (3 chunks), Current: 54, -21
[13Aug2026 06:22:14.133] [Server thread/INFO] [net.minecraft.server.MinecraftServer/]: [Chunky] Task running for minecraft:overworld. Processed: 2987 chunks (0.39%), ETA: 8:11:07, Rate: 26 cps, Surface biomes: minecraft:plains (16 chunks), minecraft:river (10 chunks), Current: 48, -32
[13Aug2026 06:22:14.196] [Server thread/WARN] [net.minecraft.server.MinecraftServer/]: Can't keep up! Is the server overloaded? Running 3608ms or 72 ticks behind
[13Aug2026 06:22:15.165] [Server thread/INFO] [net.minecraft.server.MinecraftServer/]: [Chunky] Task running for minecraft:overworld. Processed: 3040 chunks (0.40%), ETA: 4:00:54, Rate: 53 cps, Surface biomes: minecraft:plains (33 chunks), minecraft:river (20 chunks), Current: 59, -28
[13Aug2026 06:22:16.322] [Server thread/INFO] [net.minecraft.server.MinecraftServer/]: [Chunky] Task running for minecraft:overworld. Processed: 3060 chunks (0.40%), ETA: 70:55:56, Rate: 3 cps, Surface biomes: minecraft:plains (3 chunks), Current: 62, -27
[13Aug2026 06:22:19.998] [Server thread/INFO] [net.minecraft.server.MinecraftServer/]: [Chunky] Task running for minecraft:overworld. Processed: 3085 chunks (0.40%), ETA: 23:38:36, Rate: 9 cps, Surface biomes: minecraft:plains (6 chunks), minecraft:old_growth_pine_taiga (3 chunks), Current: 2, -28
[13Aug2026 06:22:21.545] [Server thread/INFO] [net.minecraft.server.MinecraftServer/]: [Chunky] Task running for minecraft:overworld. Processed: 3135 chunks (0.41%), ETA: 4:20:32, Rate: 49 cps, Surface biomes: minecraft:plains (25 chunks), minecraft:old_growth_pine_taiga (16 chunks), minecraft:meadow (4 chunks), minecraft:river (4 chunks), Current: 8, -30
[13Aug2026 06:22:22.567] [Server thread/INFO] [net.minecraft.server.MinecraftServer/]: [Chunky] Task running for minecraft:overworld. Processed: 3172 chunks (0.41%), ETA: 6:04:44, Rate: 35 cps, Surface biomes: minecraft:plains (28 chunks), minecraft:river (7 chunks), Current: 12, -27
[13Aug2026 06:22:23.842] [Server thread/INFO] [net.minecraft.server.MinecraftServer/]: [Chunky] Task running for minecraft:overworld. Processed: 3201 chunks (0.42%), ETA: 6:51:47, Rate: 31 cps, Surface biomes: minecraft:plains (22 chunks), minecraft:river (9 chunks), Current: 10, -24
[13Aug2026 06:22:26.446] [Server thread/INFO] [net.minecraft.server.MinecraftServer/]: [Chunky] Task running for minecraft:overworld. Processed: 3235 chunks (0.42%), ETA: 53:11:13, Rate: 4 cps, Surface biomes: minecraft:plains (3 chunks), minecraft:windswept_hills (1 chunks), Current: 10, -19
[13Aug2026 06:22:27.510] [Server thread/INFO] [net.minecraft.server.MinecraftServer/]: [Chunky] Task running for minecraft:overworld. Processed: 3317 chunks (0.43%), ETA: 4:15:16, Rate: 50 cps, Surface biomes: minecraft:windswept_hills (19 chunks), minecraft:dark_forest (13 chunks), minecraft:plains (12 chunks), minecraft:meadow (5 chunks), minecraft:old_growth_pine_taiga (1 chunks), Current: 1, -19
[13Aug2026 06:22:28.972] [Server thread/INFO] [net.minecraft.server.MinecraftServer/]: [Chunky] Task running for minecraft:overworld. Processed: 3335 chunks (0.43%), ETA: 4:15:15, Rate: 50 cps, Surface biomes: minecraft:plains (20 chunks), minecraft:dark_forest (18 chunks), minecraft:old_growth_pine_taiga (11 chunks), minecraft:meadow (1 chunks), Current: 2, -16
[13Aug2026 06:22:29.973] [Server thread/INFO] [net.minecraft.server.MinecraftServer/]: [Chunky] Task running for minecraft:overworld. Processed: 3423 chunks (0.45%), ETA: 70:53:55, Rate: 3 cps, Surface biomes: minecraft:plains (3 chunks), Current: 3, -8
[13Aug2026 06:22:31.188] [Server thread/INFO] [net.minecraft.server.MinecraftServer/]: [Chunky] Task running for minecraft:overworld. Processed: 3457 chunks (0.45%), ETA: 8:10:48, Rate: 26 cps, Surface biomes: minecraft:plains (15 chunks), minecraft:dark_forest (10 chunks), minecraft:windswept_hills (1 chunks), Current: 8, -2
[13Aug2026 06:22:32.189] [Server thread/INFO] [net.minecraft.server.MinecraftServer/]: [Chunky] Task running for minecraft:overworld. Processed: 3514 chunks (0.46%), ETA: 4:00:45, Rate: 53 cps, Surface biomes: minecraft:dark_forest (28 chunks), minecraft:plains (25 chunks), Current: 12, -8
[13Aug2026 06:22:33.212] [Server thread/INFO] [net.minecraft.server.MinecraftServer/]: [Chunky] Task running for minecraft:overworld. Processed: 3561 chunks (0.46%), ETA: 4:49:59, Rate: 44 cps, Surface biomes: minecraft:dark_forest (29 chunks), minecraft:plains (15 chunks), Current: 10, -16
[13Aug2026 06:22:34.538] [Server thread/INFO] [net.minecraft.server.MinecraftServer/]: [Chunky] Task running for minecraft:overworld. Processed: 3597 chunks (0.47%), ETA: 5:11:11, Rate: 41 cps, Surface biomes: minecraft:dark_forest (24 chunks), minecraft:plains (10 chunks), minecraft:windswept_hills (5 chunks), minecraft:meadow (2 chunks), Current: 18, -15
[13Aug2026 06:22:35.539] [Server thread/INFO] [net.minecraft.server.MinecraftServer/]: [Chunky] Task running for minecraft:overworld. Processed: 3653 chunks (0.47%), ETA: 6:26:36, Rate: 33 cps, Surface biomes: minecraft:windswept_hills (16 chunks), minecraft:plains (9 chunks), minecraft:meadow (8 chunks), Current: 18, -8
[13Aug2026 06:22:36.541] [Server thread/INFO] [net.minecraft.server.MinecraftServer/]: [Chunky] Task running for minecraft:overworld. Processed: 3714 chunks (0.48%), ETA: 4:15:08, Rate: 50 cps, Surface biomes: minecraft:windswept_hills (27 chunks), minecraft:plains (17 chunks), minecraft:meadow (5 chunks), minecraft:dark_forest (1 chunks), Current: 24, -6
[13Aug2026 06:22:37.688] [Server thread/INFO] [net.minecraft.server.MinecraftServer/]: [Chunky] Task running for minecraft:overworld. Processed: 3780 chunks (0.49%), ETA: 2:14:16, Rate: 95 cps, Surface biomes: minecraft:plains (66 chunks), minecraft:windswept_hills (24 chunks), minecraft:meadow (4 chunks), minecraft:dark_forest (1 chunks), Current: 30, -10
[13Aug2026 06:22:38.738] [Server thread/INFO] [net.minecraft.server.MinecraftServer/]: [Chunky] Task running for minecraft:overworld. Processed: 3826 chunks (0.50%), ETA: 7:19:49, Rate: 29 cps, Surface biomes: minecraft:windswept_hills (17 chunks), minecraft:plains (10 chunks), minecraft:meadow (2 chunks), Current: 26, -15
[13Aug2026 06:22:39.745] [Server thread/INFO] [net.minecraft.server.MinecraftServer/]: [Chunky] Task running for minecraft:overworld. Processed: 3873 chunks (0.50%), ETA: 7:05:08, Rate: 30 cps, Surface biomes: minecraft:windswept_hills (17 chunks), minecraft:plains (9 chunks), minecraft:meadow (2 chunks), minecraft:river (2 chunks), Current: 27, -23
[13Aug2026 06:22:41.674] [Server thread/INFO] [net.minecraft.server.MinecraftServer/]: [Chunky] Task running for minecraft:overworld. Processed: 3937 chunks (0.51%), ETA: 3:25:41, Rate: 62 cps, Surface biomes: minecraft:plains (32 chunks), minecraft:river (13 chunks), minecraft:meadow (12 chunks), minecraft:windswept_hills (5 chunks), Current: 16, -22
[13Aug2026 06:22:42.885] [Server thread/INFO] [net.minecraft.server.MinecraftServer/]: [Chunky] Task running for minecraft:overworld. Processed: 4032 chunks (0.52%), ETA: 4:25:39, Rate: 48 cps, Surface biomes: minecraft:plains (38 chunks), minecraft:river (9 chunks), minecraft:windswept_hills (1 chunks), Current: 28, -25
[13Aug2026 06:22:42.887] [Server thread/WARN] [net.minecraft.server.MinecraftServer/]: Can't keep up! Is the server overloaded? Running 2249ms or 44 ticks behind
[13Aug2026 06:22:46.317] [Server thread/INFO] [net.minecraft.server.MinecraftServer/]: [Chunky] Task running for minecraft:overworld. Processed: 4097 chunks (0.53%), ETA: 53:07:38, Rate: 4 cps, Surface biomes: minecraft:plains (4 chunks), Current: -31, -31
[13Aug2026 06:22:47.407] [Server thread/INFO] [net.minecraft.server.MinecraftServer/]: [Chunky] Task running for minecraft:overworld. Processed: 4133 chunks (0.54%), ETA: 6:04:17, Rate: 35 cps, Surface biomes: minecraft:old_growth_pine_taiga (19 chunks), minecraft:dark_forest (15 chunks), minecraft:river (1 chunks), Current: -26, -28
[13Aug2026 06:22:49.146] [Server thread/INFO] [net.minecraft.server.MinecraftServer/]: [Chunky] Task running for minecraft:overworld. Processed: 4176 chunks (0.54%), ETA: 14:09:56, Rate: 15 cps, Surface biomes: minecraft:old_growth_pine_taiga (14 chunks), minecraft:plains (1 chunks), Current: -19, -31
[13Aug2026 06:22:50.638] [Server thread/INFO] [net.minecraft.server.MinecraftServer/]: [Chunky] Task running for minecraft:overworld. Processed: 4205 chunks (0.55%), ETA: 7:19:36, Rate: 29 cps, Surface biomes: minecraft:old_growth_pine_taiga (20 chunks), minecraft:dark_forest (8 chunks), minecraft:plains (1 chunks), Current: -22, -28
[13Aug2026 06:22:51.688] [Server thread/INFO] [net.minecraft.server.MinecraftServer/]: [Chunky] Task running for minecraft:overworld. Processed: 4234 chunks (0.55%), ETA: 16:20:38, Rate: 13 cps, Surface biomes: minecraft:dark_forest (13 chunks), Current: -22, -23
[13Aug2026 06:22:52.738] [Server thread/INFO] [net.minecraft.server.MinecraftServer/]: [Chunky] Task running for minecraft:overworld. Processed: 4287 chunks (0.56%), ETA: 7:35:15, Rate: 28 cps, Surface biomes: minecraft:dark_forest (28 chunks), Current: -23, -17
[13Aug2026 06:22:53.838] [Server thread/INFO] [net.minecraft.server.MinecraftServer/]: [Chunky] Task running for minecraft:overworld. Processed: 4290 chunks (0.56%), ETA: 4:56:26, Rate: 43 cps, Surface biomes: minecraft:dark_forest (43 chunks), Current: -25, -17
[13Aug2026 06:22:54.888] [Server thread/INFO] [net.minecraft.server.MinecraftServer/]: [Chunky] Task running for minecraft:overworld. Processed: 4339 chunks (0.56%), ETA: 21:14:39, Rate: 10 cps, Surface biomes: minecraft:dark_forest (7 chunks), minecraft:river (3 chunks), Current: -31, -21
[13Aug2026 06:22:55.891] [Server thread/INFO] [net.minecraft.server.MinecraftServer/]: [Chunky] Task running for minecraft:overworld. Processed: 4364 chunks (0.57%), ETA: 3:56:02, Rate: 54 cps, Surface biomes: minecraft:dark_forest (47 chunks), minecraft:river (7 chunks), Current: -30, -14
[13Aug2026 06:22:57.186] [Server thread/INFO] [net.minecraft.server.MinecraftServer/]: [Chunky] Task running for minecraft:overworld. Processed: 4404 chunks (0.57%), ETA: 5:35:24, Rate: 38 cps, Surface biomes: minecraft:dark_forest (25 chunks), minecraft:plains (10 chunks), minecraft:river (3 chunks), Current: -29, -10
[13Aug2026 06:22:58.267] [Server thread/INFO] [net.minecraft.server.MinecraftServer/]: [Chunky] Task running for minecraft:overworld. Processed: 4442 chunks (0.58%), ETA: 6:14:50, Rate: 34 cps, Surface biomes: minecraft:plains (16 chunks), minecraft:dark_forest (10 chunks), minecraft:river (7 chunks), minecraft:windswept_hills (1 chunks), Current: -30, -3
[13Aug2026 06:22:59.490] [Server thread/INFO] [net.minecraft.server.MinecraftServer/]: [Chunky] Task running for minecraft:overworld. Processed: 4484 chunks (0.58%), ETA: 6:38:15, Rate: 32 cps, Surface biomes: minecraft:plains (18 chunks), minecraft:dark_forest (5 chunks), minecraft:windswept_hills (5 chunks), minecraft:river (4 chunks), Current: -22, -6
[13Aug2026 06:23:00.534] [Server thread/INFO] [net.minecraft.server.MinecraftServer/]: [Chunky] Task running for minecraft:overworld. Processed: 4508 chunks (0.59%), ETA: 6:04:06, Rate: 35 cps, Surface biomes: minecraft:plains (24 chunks), minecraft:windswept_hills (11 chunks), Current: -21, -2
[13Aug2026 06:23:01.363] [Server thread/WARN] [net.minecraft.server.MinecraftServer/]: Can't keep up! Is the server overloaded? Running 3525ms or 70 ticks behind
[13Aug2026 06:23:02.030] [Server thread/INFO] [net.minecraft.server.MinecraftServer/]: [Chunky] Task running for minecraft:overworld. Processed: 4604 chunks (0.60%), ETA: 3:10:10, Rate: 67 cps, Surface biomes: minecraft:dark_forest (56 chunks), minecraft:plains (11 chunks), Current: -13, -15
[13Aug2026 06:23:03.637] [Server thread/INFO] [net.minecraft.server.MinecraftServer/]: [Chunky] Task running for minecraft:overworld. Processed: 4622 chunks (0.60%), ETA: 11:47:52, Rate: 18 cps, Surface biomes: minecraft:dark_forest (16 chunks), minecraft:plains (2 chunks), Current: -14, -15
[13Aug2026 06:23:05.088] [Server thread/INFO] [net.minecraft.server.MinecraftServer/]: [Chunky] Task running for minecraft:overworld. Processed: 4666 chunks (0.61%), ETA: 4:56:18, Rate: 43 cps, Surface biomes: minecraft:dark_forest (39 chunks), minecraft:river (3 chunks), minecraft:plains (1 chunks), Current: -15, -12
[13Aug2026 06:23:06.288] [Server thread/INFO] [net.minecraft.server.MinecraftServer/]: [Chunky] Task running for minecraft:overworld. Processed: 4673 chunks (0.61%), ETA: 30:20:08, Rate: 7 cps, Surface biomes: minecraft:dark_forest (7 chunks), Current: -16, -8
[13Aug2026 06:23:07.338] [Server thread/INFO] [net.minecraft.server.MinecraftServer/]: [Chunky] Task running for minecraft:overworld. Processed: 4704 chunks (0.61%), ETA: 8:29:37, Rate: 25 cps, Surface biomes: minecraft:dark_forest (20 chunks), minecraft:plains (5 chunks), Current: -13, -2
[13Aug2026 06:23:08.388] [Server thread/INFO] [net.minecraft.server.MinecraftServer/]: [Chunky] Task running for minecraft:overworld. Processed: 4785 chunks (0.62%), ETA: 6:50:56, Rate: 31 cps, Surface biomes: minecraft:dark_forest (19 chunks), minecraft:plains (10 chunks), minecraft:river (2 chunks), Current: -1, -5
[13Aug2026 06:23:09.438] [Server thread/INFO] [net.minecraft.server.MinecraftServer/]: [Chunky] Task running for minecraft:overworld. Processed: 4860 chunks (0.63%), ETA: 2:12:41, Rate: 96 cps, Surface biomes: minecraft:dark_forest (77 chunks), minecraft:river (19 chunks), Current: -2, -16
[13Aug2026 06:23:10.488] [Server thread/INFO] [net.minecraft.server.MinecraftServer/]: [Chunky] Task running for minecraft:overworld. Processed: 4878 chunks (0.63%), ETA: 5:44:15, Rate: 37 cps, Surface biomes: minecraft:dark_forest (32 chunks), minecraft:river (4 chunks), minecraft:plains (1 chunks), Current: -2, -21
[13Aug2026 06:23:11.684] [Server thread/INFO] [net.minecraft.server.MinecraftServer/]: [Chunky] Task running for minecraft:overworld. Processed: 4931 chunks (0.64%), ETA: 3:32:16, Rate: 60 cps, Surface biomes: minecraft:dark_forest (31 chunks), minecraft:plains (21 chunks), minecraft:windswept_hills (6 chunks), minecraft:river (2 chunks), Current: -9, -18
[13Aug2026 06:23:12.984] [Server thread/INFO] [net.minecraft.server.MinecraftServer/]: [Chunky] Task running for minecraft:overworld. Processed: 5033 chunks (0.65%), ETA: 3:25:24, Rate: 62 cps, Surface biomes: minecraft:dark_forest (50 chunks), minecraft:river (11 chunks), minecraft:plains (1 chunks), Current: -16, -31
[13Aug2026 06:23:13.988] [Server thread/INFO] [net.minecraft.server.MinecraftServer/]: [Chunky] Task running for minecraft:overworld. Processed: 5062 chunks (0.66%), ETA: 3:39:33, Rate: 58 cps, Surface biomes: minecraft:old_growth_pine_taiga (21 chunks), minecraft:plains (21 chunks), minecraft:dark_forest (13 chunks), minecraft:meadow (3 chunks), Current: -8, -25
[13Aug2026 06:23:15.038] [Server thread/INFO] [net.minecraft.server.MinecraftServer/]: [Chunky] Task running for minecraft:overworld. Processed: 5103 chunks (0.66%), ETA: 5:35:05, Rate: 38 cps, Surface biomes: minecraft:plains (12 chunks), minecraft:old_growth_pine_taiga (10 chunks), minecraft:windswept_hills (10 chunks), minecraft:meadow (4 chunks), minecraft:old_growth_spruce_taiga (2 chunks), Current: -6, -31
[13Aug2026 06:23:16.090] [Server thread/INFO] [net.minecraft.server.MinecraftServer/]: [Chunky] Task running for minecraft:overworld. Processed: 5126 chunks (0.67%), ETA: 9:38:47, Rate: 22 cps, Surface biomes: minecraft:plains (8 chunks), minecraft:windswept_hills (8 chunks), minecraft:meadow (3 chunks), minecraft:old_growth_spruce_taiga (3 chunks), Current: -29, 0
[13Aug2026 06:23:17.141] [Server thread/INFO] [net.minecraft.server.MinecraftServer/]: [Chunky] Task running for minecraft:overworld. Processed: 5162 chunks (0.67%), ETA: 6:03:47, Rate: 35 cps, Surface biomes: minecraft:plains (20 chunks), minecraft:windswept_hills (13 chunks), minecraft:meadow (2 chunks), Current: -26, 4
[13Aug2026 06:23:18.315] [Server thread/INFO] [net.minecraft.server.MinecraftServer/]: [Chunky] Task running for minecraft:overworld. Processed: 5213 chunks (0.68%), ETA: 4:09:38, Rate: 51 cps, Surface biomes: minecraft:meadow (30 chunks), minecraft:windswept_hills (17 chunks), minecraft:plains (4 chunks), Current: -17, 2
[13Aug2026 06:23:19.537] [Server thread/INFO] [net.minecraft.server.MinecraftServer/]: [Chunky] Task running for minecraft:overworld. Processed: 5232 chunks (0.68%), ETA: 19:17:25, Rate: 11 cps, Surface biomes: minecraft:windswept_hills (5 chunks), minecraft:meadow (3 chunks), minecraft:plains (3 chunks), Current: -19, 5
[13Aug2026 06:23:20.628] [Server thread/INFO] [net.minecraft.server.MinecraftServer/]: [Chunky] Task running for minecraft:overworld. Processed: 5258 chunks (0.68%), ETA: 8:09:39, Rate: 26 cps, Surface biomes: minecraft:windswept_hills (11 chunks), minecraft:plains (6 chunks), minecraft:meadow (5 chunks), minecraft:river (4 chunks), Current: -24, 10
[13Aug2026 06:23:21.643] [Server thread/INFO] [net.minecraft.server.MinecraftServer/]: [Chunky] Task running for minecraft:overworld. Processed: 5297 chunks (0.69%), ETA: 8:50:26, Rate: 24 cps, Surface biomes: minecraft:plains (9 chunks), minecraft:river (8 chunks), minecraft:windswept_hills (7 chunks), Current: -17, 13
[13Aug2026 06:23:22.732] [Server thread/INFO] [net.minecraft.server.MinecraftServer/]: [Chunky] Task running for minecraft:overworld. Processed: 5345 chunks (0.69%), ETA: 3:09:59, Rate: 67 cps, Surface biomes: minecraft:windswept_hills (29 chunks), minecraft:plains (24 chunks), minecraft:meadow (9 chunks), minecraft:river (5 chunks), Current: -29, 10
[13Aug2026 06:23:23.753] [Server thread/INFO] [net.minecraft.server.MinecraftServer/]: [Chunky] Task running for minecraft:overworld. Processed: 5391 chunks (0.70%), ETA: 11:09:56, Rate: 19 cps, Surface biomes: minecraft:meadow (8 chunks), minecraft:plains (8 chunks), minecraft:windswept_hills (3 chunks), Current: -30, 19
[13Aug2026 06:23:24.755] [Server thread/INFO] [net.minecraft.server.MinecraftServer/]: [Chunky] Task running for minecraft:overworld. Processed: 5410 chunks (0.70%), ETA: 6:03:40, Rate: 35 cps, Surface biomes: minecraft:plains (15 chunks), minecraft:windswept_hills (13 chunks), minecraft:meadow (7 chunks), Current: -27, 21
[13Aug2026 06:23:25.846] [Server thread/INFO] [net.minecraft.server.MinecraftServer/]: [Chunky] Task running for minecraft:overworld. Processed: 5439 chunks (0.71%), ETA: 5:26:21, Rate: 39 cps, Surface biomes: minecraft:windswept_hills (21 chunks), minecraft:meadow (15 chunks), minecraft:plains (3 chunks), Current: -31, 23
[13Aug2026 06:23:26.854] [Server thread/INFO] [net.minecraft.server.MinecraftServer/]: [Chunky] Task running for minecraft:overworld. Processed: 5487 chunks (0.71%), ETA: 23:34:09, Rate: 9 cps, Surface biomes: minecraft:windswept_hills (6 chunks), minecraft:plains (3 chunks), Current: -28, 26
[13Aug2026 06:23:27.773] [Server thread/WARN] [net.minecraft.server.MinecraftServer/]: Can't keep up! Is the server overloaded? Running 2334ms or 46 ticks behind
[13Aug2026 06:23:27.975] [Server thread/INFO] [net.minecraft.server.MinecraftServer/]: [Chunky] Task running for minecraft:overworld. Processed: 5535 chunks (0.72%), ETA: 4:14:31, Rate: 50 cps, Surface biomes: minecraft:windswept_hills (20 chunks), minecraft:plains (15 chunks), minecraft:meadow (9 chunks), minecraft:river (6 chunks), Current: -22, 28
[13Aug2026 06:23:29.713] [Server thread/INFO] [net.minecraft.server.MinecraftServer/]: [Chunky] Task running for minecraft:overworld. Processed: 5537 chunks (0.72%), ETA: 212:06:32, Rate: 1 cps, Surface biomes: minecraft:plains (1 chunks), Current: -20, 27
[13Aug2026 06:23:34.288] [Server thread/INFO] [net.minecraft.server.MinecraftServer/]: [Chunky] Task running for minecraft:overworld. Processed: 5633 chunks (0.73%), ETA: 4:25:06, Rate: 48 cps, Surface biomes: minecraft:plains (34 chunks), minecraft:windswept_hills (8 chunks), minecraft:river (6 chunks), Current: -16, 17
[13Aug2026 06:23:35.444] [Server thread/INFO] [net.minecraft.server.MinecraftServer/]: [Chunky] Task running for minecraft:overworld. Processed: 5701 chunks (0.74%), ETA: 3:32:03, Rate: 60 cps, Surface biomes: minecraft:plains (44 chunks), minecraft:river (15 chunks), minecraft:dark_forest (1 chunks), Current: -16, 26
[13Aug2026 06:23:36.488] [Server thread/INFO] [net.minecraft.server.MinecraftServer/]: [Chunky] Task running for minecraft:overworld. Processed: 5727 chunks (0.74%), ETA: 10:05:52, Rate: 21 cps, Surface biomes: minecraft:plains (18 chunks), minecraft:river (2 chunks), minecraft:windswept_hills (1 chunks), Current: -12, 27
[13Aug2026 06:23:37.491] [Server thread/INFO] [net.minecraft.server.MinecraftServer/]: [Chunky] Task running for minecraft:overworld. Processed: 5765 chunks (0.75%), ETA: 6:50:24, Rate: 31 cps, Surface biomes: minecraft:windswept_hills (16 chunks), minecraft:plains (10 chunks), minecraft:meadow (5 chunks), Current: -7, 25
[13Aug2026 06:23:38.496] [Server thread/INFO] [net.minecraft.server.MinecraftServer/]: [Chunky] Task running for minecraft:overworld. Processed: 5796 chunks (0.75%), ETA: 5:26:12, Rate: 39 cps, Surface biomes: minecraft:windswept_hills (24 chunks), minecraft:plains (14 chunks), minecraft:meadow (1 chunks), Current: -3, 29
[13Aug2026 06:23:39.588] [Server thread/INFO] [net.minecraft.server.MinecraftServer/]: [Chunky] Task running for minecraft:overworld. Processed: 5857 chunks (0.76%), ETA: 2:54:15, Rate: 73 cps, Surface biomes: minecraft:windswept_hills (48 chunks), minecraft:river (10 chunks), minecraft:plains (8 chunks), minecraft:meadow (6 chunks), minecraft:dark_forest (1 chunks), Current: -6, 19
[13Aug2026 06:23:40.689] [Server thread/INFO] [net.minecraft.server.MinecraftServer/]: [Chunky] Task running for minecraft:overworld. Processed: 5929 chunks (0.77%), ETA: 14:08:00, Rate: 15 cps, Surface biomes: minecraft:plains (9 chunks), minecraft:river (4 chunks), minecraft:windswept_hills (2 chunks), Current: -6, 14
[13Aug2026 06:23:41.997] [Server thread/INFO] [net.minecraft.server.MinecraftServer/]: [Chunky] Task running for minecraft:overworld. Processed: 5994 chunks (0.78%), ETA: 2:56:39, Rate: 72 cps, Surface biomes: minecraft:plains (63 chunks), minecraft:river (5 chunks), minecraft:dark_forest (4 chunks), Current: -9, 10
[13Aug2026 06:23:44.661] [Server thread/INFO] [net.minecraft.server.MinecraftServer/]: [Chunky] Task running for minecraft:overworld. Processed: 6145 chunks (0.80%), ETA: 1:32:08, Rate: 138 cps, Surface biomes: minecraft:plains (66 chunks), minecraft:dark_forest (47 chunks), minecraft:river (16 chunks), minecraft:windswept_hills (9 chunks), Current: -32, 33
[13Aug2026 06:23:44.758] [Server thread/WARN] [net.minecraft.server.MinecraftServer/]: Can't keep up! Is the server overloaded? Running 2020ms or 40 ticks behind
[13Aug2026 06:23:45.688] [Server thread/INFO] [net.minecraft.server.MinecraftServer/]: [Chunky] Task running for minecraft:overworld. Processed: 6203 chunks (0.81%), ETA: 4:48:59, Rate: 44 cps, Surface biomes: minecraft:windswept_hills (28 chunks), minecraft:meadow (16 chunks), Current: -25, 36
[13Aug2026 06:23:46.738] [Server thread/INFO] [net.minecraft.server.MinecraftServer/]: [Chunky] Task running for minecraft:overworld. Processed: 6240 chunks (0.81%), ETA: 9:37:56, Rate: 22 cps, Surface biomes: minecraft:windswept_hills (15 chunks), minecraft:plains (7 chunks), Current: -17, 35
[13Aug2026 06:23:47.788] [Server thread/INFO] [net.minecraft.server.MinecraftServer/]: [Chunky] Task running for minecraft:overworld. Processed: 6265 chunks (0.81%), ETA: 6:03:16, Rate: 35 cps, Surface biomes: minecraft:windswept_hills (34 chunks), minecraft:meadow (1 chunks), Current: -19, 38
[13Aug2026 06:23:48.838] [Server thread/INFO] [net.minecraft.server.MinecraftServer/]: [Chunky] Task running for minecraft:overworld. Processed: 6312 chunks (0.82%), ETA: 4:30:30, Rate: 47 cps, Surface biomes: minecraft:windswept_hills (46 chunks), minecraft:desert (1 chunks), Current: -19, 46
[13Aug2026 06:23:49.888] [Server thread/INFO] [net.minecraft.server.MinecraftServer/]: [Chunky] Task running for minecraft:overworld. Processed: 6347 chunks (0.83%), ETA: 9:37:51, Rate: 22 cps, Surface biomes: minecraft:desert (13 chunks), minecraft:windswept_hills (9 chunks), Current: -26, 47
[13Aug2026 06:23:51.648] [Server thread/INFO] [net.minecraft.server.MinecraftServer/]: [Chunky] Task running for minecraft:overworld. Processed: 6395 chunks (0.83%), ETA: 2:38:54, Rate: 80 cps, Surface biomes: minecraft:windswept_hills (42 chunks), minecraft:desert (14 chunks), minecraft:meadow (14 chunks), minecraft:plains (10 chunks), Current: -29, 47
[13Aug2026 06:23:52.799] [Server thread/INFO] [net.minecraft.server.MinecraftServer/]: [Chunky] Task running for minecraft:overworld. Processed: 6443 chunks (0.84%), ETA: 211:51:26, Rate: 1 cps, Surface biomes: minecraft:plains (1 chunks), Current: -27, 54
[13Aug2026 06:23:54.125] [Server thread/INFO] [net.minecraft.server.MinecraftServer/]: [Chunky] Task running for minecraft:overworld. Processed: 6447 chunks (0.84%), ETA: 70:37:07, Rate: 3 cps, Surface biomes: minecraft:meadow (3 chunks), Current: -29, 52
[13Aug2026 06:23:55.204] [Server thread/INFO] [net.minecraft.server.MinecraftServer/]: [Chunky] Task running for minecraft:overworld. Processed: 6497 chunks (0.84%), ETA: 4:19:23, Rate: 49 cps, Surface biomes: minecraft:meadow (23 chunks), minecraft:plains (22 chunks), minecraft:windswept_hills (3 chunks), minecraft:river (1 chunks), Current: -28, 59
[13Aug2026 06:23:56.219] [Server thread/INFO] [net.minecraft.server.MinecraftServer/]: [Chunky] Task running for minecraft:overworld. Processed: 6528 chunks (0.85%), ETA: 6:50:00, Rate: 31 cps, Surface biomes: minecraft:meadow (24 chunks), minecraft:plains (7 chunks), Current: -25, 63
[13Aug2026 06:23:57.625] [Server thread/INFO] [net.minecraft.server.MinecraftServer/]: [Chunky] Task running for minecraft:overworld. Processed: 6557 chunks (0.85%), ETA: 7:03:39, Rate: 30 cps, Surface biomes: minecraft:meadow (30 chunks), Current: -21, 61
[13Aug2026 06:23:59.300] [Server thread/INFO] [net.minecraft.server.MinecraftServer/]: [Chunky] Task running for minecraft:overworld. Processed: 6668 chunks (0.87%), ETA: 16:17:30, Rate: 13 cps, Surface biomes: minecraft:desert (13 chunks), Current: -13, 50
[13Aug2026 06:24:00.323] [Server thread/INFO] [net.minecraft.server.MinecraftServer/]: [Chunky] Task running for minecraft:overworld. Processed: 6737 chunks (0.88%), ETA: 3:24:56, Rate: 62 cps, Surface biomes: minecraft:desert (40 chunks), minecraft:windswept_hills (22 chunks), Current: -16, 60
[13Aug2026 06:24:01.370] [Server thread/INFO] [net.minecraft.server.MinecraftServer/]: [Chunky] Task running for minecraft:overworld. Processed: 6779 chunks (0.88%), ETA: 4:19:18, Rate: 49 cps, Surface biomes: minecraft:desert (32 chunks), minecraft:meadow (14 chunks), minecraft:windswept_hills (3 chunks), Current: -10, 57
[13Aug2026 06:24:02.943] [Server thread/INFO] [net.minecraft.server.MinecraftServer/]: [Chunky] Task running for minecraft:overworld. Processed: 6827 chunks (0.89%), ETA: 5:17:37, Rate: 40 cps, Surface biomes: minecraft:desert (33 chunks), minecraft:windswept_hills (7 chunks), Current: -2, 61
[13Aug2026 06:24:05.112] [Server thread/INFO] [net.minecraft.server.MinecraftServer/]: [Chunky] Task running for minecraft:overworld. Processed: 6905 chunks (0.90%), ETA: 3:04:06, Rate: 69 cps, Surface biomes: minecraft:desert (45 chunks), minecraft:windswept_hills (24 chunks), Current: -3, 47
[13Aug2026 06:24:05.913] [Server thread/WARN] [net.minecraft.server.MinecraftServer/]: Can't keep up! Is the server overloaded? Running 6175ms or 123 ticks behind
[13Aug2026 06:24:06.952] [Server thread/INFO] [net.minecraft.server.MinecraftServer/]: [Chunky] Task running for minecraft:overworld. Processed: 6954 chunks (0.90%), ETA: 4:19:14, Rate: 49 cps, Surface biomes: minecraft:desert (36 chunks), minecraft:windswept_hills (12 chunks), minecraft:river (1 chunks), Current: -9, 45
[13Aug2026 06:24:07.988] [Server thread/INFO] [net.minecraft.server.MinecraftServer/]: [Chunky] Task running for minecraft:overworld. Processed: 6990 chunks (0.91%), ETA: 70:34:06, Rate: 3 cps, Surface biomes: minecraft:windswept_hills (2 chunks), minecraft:desert (1 chunks), Current: -16, 47
[13Aug2026 06:24:08.997] [Server thread/INFO] [net.minecraft.server.MinecraftServer/]: [Chunky] Task running for minecraft:overworld. Processed: 7026 chunks (0.91%), ETA: 5:52:49, Rate: 36 cps, Surface biomes: minecraft:desert (25 chunks), minecraft:windswept_hills (11 chunks), Current: -13, 40
[13Aug2026 06:24:10.038] [Server thread/INFO] [net.minecraft.server.MinecraftServer/]: [Chunky] Task running for minecraft:overworld. Processed: 7088 chunks (0.92%), ETA: 3:28:12, Rate: 61 cps, Surface biomes: minecraft:windswept_hills (44 chunks), minecraft:desert (17 chunks), Current: -13, 32
[13Aug2026 06:24:11.056] [Server thread/INFO] [net.minecraft.server.MinecraftServer/]: [Chunky] Task running for minecraft:overworld. Processed: 7147 chunks (0.93%), ETA: 3:35:14, Rate: 59 cps, Surface biomes: minecraft:windswept_hills (29 chunks), minecraft:desert (28 chunks), minecraft:river (2 chunks), Current: -1, 38
[13Aug2026 06:24:12.140] [Server thread/INFO] [net.minecraft.server.MinecraftServer/]: [Chunky] Task running for minecraft:overworld. Processed: 7238 chunks (0.94%), ETA: 2:19:32, Rate: 91 cps, Surface biomes: minecraft:plains (55 chunks), minecraft:windswept_hills (24 chunks), minecraft:river (8 chunks), minecraft:dark_forest (2 chunks), minecraft:desert (2 chunks), Current: 9, 34
[13Aug2026 06:24:13.264] [Server thread/INFO] [net.minecraft.server.MinecraftServer/]: [Chunky] Task running for minecraft:overworld. Processed: 7249 chunks (0.94%), ETA: 30:14:00, Rate: 7 cps, Surface biomes: minecraft:windswept_hills (4 chunks), minecraft:plains (2 chunks), minecraft:dark_forest (1 chunks), Current: 12, 32
[13Aug2026 06:24:15.320] [Server thread/INFO] [net.minecraft.server.MinecraftServer/]: [Chunky] Task running for minecraft:overworld. Processed: 7297 chunks (0.95%), ETA: 4:04:10, Rate: 52 cps, Surface biomes: minecraft:windswept_hills (32 chunks), minecraft:plains (19 chunks), minecraft:dark_forest (1 chunks), Current: 10, 40
[13Aug2026 06:24:16.459] [Server thread/INFO] [net.minecraft.server.MinecraftServer/]: [Chunky] Task running for minecraft:overworld. Processed: 7348 chunks (0.96%), ETA: 4:08:56, Rate: 51 cps, Surface biomes: minecraft:windswept_hills (41 chunks), minecraft:river (9 chunks), minecraft:plains (1 chunks), Current: 11, 44
[13Aug2026 06:24:17.867] [Server thread/INFO] [net.minecraft.server.MinecraftServer/]: [Chunky] Task running for minecraft:overworld. Processed: 7449 chunks (0.97%), ETA: 2:36:43, Rate: 81 cps, Surface biomes: minecraft:windswept_hills (57 chunks), minecraft:river (13 chunks), minecraft:desert (9 chunks), minecraft:plains (2 chunks), Current: 4, 50
[13Aug2026 06:24:19.288] [Server thread/INFO] [net.minecraft.server.MinecraftServer/]: [Chunky] Task running for minecraft:overworld. Processed: 7491 chunks (0.97%), ETA: 17:37:49, Rate: 12 cps, Surface biomes: minecraft:desert (10 chunks), minecraft:windswept_hills (2 chunks), Current: 2, 56
[13Aug2026 06:24:20.338] [Server thread/INFO] [net.minecraft.server.MinecraftServer/]: [Chunky] Task running for minecraft:overworld. Processed: 7529 chunks (0.98%), ETA: 6:49:27, Rate: 31 cps, Surface biomes: minecraft:desert (29 chunks), minecraft:windswept_hills (2 chunks), Current: 6, 61
[13Aug2026 06:24:21.388] [Server thread/INFO] [net.minecraft.server.MinecraftServer/]: [Chunky] Task running for minecraft:overworld. Processed: 7569 chunks (0.98%), ETA: 7:03:05, Rate: 30 cps, Surface biomes: minecraft:desert (24 chunks), minecraft:windswept_hills (6 chunks), Current: 8, 60
[13Aug2026 06:24:22.438] [Server thread/INFO] [net.minecraft.server.MinecraftServer/]: [Chunky] Task running for minecraft:overworld. Processed: 7625 chunks (0.99%), ETA: 4:48:26, Rate: 44 cps, Surface biomes: minecraft:desert (40 chunks), minecraft:windswept_hills (4 chunks), Current: 9, 55
[13Aug2026 06:24:23.488] [Server thread/INFO] [net.minecraft.server.MinecraftServer/]: [Chunky] Task running for minecraft:overworld. Processed: 7661 chunks (1.00%), ETA: 4:24:23, Rate: 48 cps, Surface biomes: minecraft:desert (35 chunks), minecraft:windswept_hills (13 chunks), Current: 10, 48
[13Aug2026 06:24:24.538] [Server thread/INFO] [net.minecraft.server.MinecraftServer/]: [Chunky] Task running for minecraft:overworld. Processed: 7691 chunks (1.00%), ETA: 6:49:22, Rate: 31 cps, Surface biomes: minecraft:windswept_hills (28 chunks), minecraft:desert (3 chunks), Current: 19, 50
[13Aug2026 06:24:25.542] [Server thread/INFO] [net.minecraft.server.MinecraftServer/]: [Chunky] Task running for minecraft:overworld. Processed: 7773 chunks (1.01%), ETA: 5:52:28, Rate: 36 cps, Surface biomes: minecraft:windswept_hills (24 chunks), minecraft:desert (12 chunks), Current: 18, 60
[13Aug2026 06:24:26.576] [Server thread/INFO] [net.minecraft.server.MinecraftServer/]: [Chunky] Task running for minecraft:overworld. Processed: 7792 chunks (1.01%), ETA: 3:12:15, Rate: 66 cps, Surface biomes: minecraft:desert (55 chunks), minecraft:plains (8 chunks), minecraft:windswept_hills (3 chunks), Current: 20, 58
[13Aug2026 06:24:27.718] [Server thread/INFO] [net.minecraft.server.MinecraftServer/]: [Chunky] Task running for minecraft:overworld. Processed: 7825 chunks (1.02%), ETA: 4:24:20, Rate: 48 cps, Surface biomes: minecraft:desert (29 chunks), minecraft:plains (18 chunks), minecraft:windswept_hills (1 chunks), Current: 24, 61
[13Aug2026 06:24:27.725] [Server thread/WARN] [net.minecraft.server.MinecraftServer/]: Can't keep up! Is the server overloaded? Running 2187ms or 43 ticks behind
[13Aug2026 06:24:28.759] [Server thread/INFO] [net.minecraft.server.MinecraftServer/]: [Chunky] Task running for minecraft:overworld. Processed: 7875 chunks (1.02%), ETA: 4:29:56, Rate: 47 cps, Surface biomes: minecraft:windswept_hills (42 chunks), minecraft:desert (4 chunks), minecraft:meadow (1 chunks), Current: 27, 54
[13Aug2026 06:24:29.788] [Server thread/INFO] [net.minecraft.server.MinecraftServer/]: [Chunky] Task running for minecraft:overworld. Processed: 7926 chunks (1.03%), ETA: 3:59:22, Rate: 53 cps, Surface biomes: minecraft:windswept_hills (39 chunks), minecraft:desert (6 chunks), minecraft:plains (5 chunks), minecraft:meadow (3 chunks), Current: 29, 48
[13Aug2026 06:24:31.221] [Server thread/INFO] [net.minecraft.server.MinecraftServer/]: [Chunky] Task running for minecraft:overworld. Processed: 7954 chunks (1.03%), ETA: 7:17:27, Rate: 29 cps, Surface biomes: minecraft:meadow (25 chunks), minecraft:windswept_hills (4 chunks), Current: 30, 43
[13Aug2026 06:24:32.261] [Server thread/INFO] [net.minecraft.server.MinecraftServer/]: [Chunky] Task running for minecraft:overworld. Processed: 7974 chunks (1.04%), ETA: 10:34:17, Rate: 20 cps, Surface biomes: minecraft:windswept_hills (18 chunks), minecraft:meadow (1 chunks), minecraft:river (1 chunks), Current: 26, 44
[13Aug2026 06:24:33.322] [Server thread/INFO] [net.minecraft.server.MinecraftServer/]: [Chunky] Task running for minecraft:overworld. Processed: 8050 chunks (1.05%), ETA: 3:31:24, Rate: 60 cps, Surface biomes: minecraft:windswept_hills (32 chunks), minecraft:river (18 chunks), minecraft:desert (6 chunks), minecraft:meadow (4 chunks), Current: 22, 40
[13Aug2026 06:24:34.338] [Server thread/INFO] [net.minecraft.server.MinecraftServer/]: [Chunky] Task running for minecraft:overworld. Processed: 8121 chunks (1.06%), ETA: 2:51:23, Rate: 74 cps, Surface biomes: minecraft:windswept_hills (61 chunks), minecraft:meadow (6 chunks), minecraft:desert (5 chunks), minecraft:river (2 chunks), Current: 21, 35
[13Aug2026 06:24:35.388] [Server thread/INFO] [net.minecraft.server.MinecraftServer/]: [Chunky] Task running for minecraft:overworld. Processed: 8160 chunks (1.06%), ETA: 4:48:14, Rate: 44 cps, Surface biomes: minecraft:windswept_hills (33 chunks), minecraft:meadow (9 chunks), minecraft:desert (1 chunks), minecraft:plains (1 chunks), Current: 27, 37
[13Aug2026 06:24:36.438] [Server thread/INFO] [net.minecraft.server.MinecraftServer/]: [Chunky] Task running for minecraft:overworld. Processed: 8202 chunks (1.07%), ETA: 6:36:18, Rate: 32 cps, Surface biomes: minecraft:windswept_hills (20 chunks), minecraft:river (10 chunks), minecraft:desert (2 chunks), Current: 35, 32
[13Aug2026 06:24:37.488] [Server thread/INFO] [net.minecraft.server.MinecraftServer/]: [Chunky] Task running for minecraft:overworld. Processed: 8246 chunks (1.07%), ETA: 4:29:49, Rate: 47 cps, Surface biomes: minecraft:windswept_hills (34 chunks), minecraft:meadow (13 chunks), Current: 39, 34
[13Aug2026 06:24:38.588] [Server thread/INFO] [net.minecraft.server.MinecraftServer/]: [Chunky] Task running for minecraft:overworld. Processed: 8284 chunks (1.08%), ETA: 6:24:15, Rate: 33 cps, Surface biomes: minecraft:meadow (25 chunks), minecraft:windswept_hills (8 chunks), Current: 47, 34
[13Aug2026 06:24:39.638] [Server thread/INFO] [net.minecraft.server.MinecraftServer/]: [Chunky] Task running for minecraft:overworld. Processed: 8311 chunks (1.08%), ETA: 7:17:15, Rate: 29 cps, Surface biomes: minecraft:desert (15 chunks), minecraft:windswept_hills (14 chunks), Current: 43, 36
[13Aug2026 06:24:40.680] [Server thread/INFO] [net.minecraft.server.MinecraftServer/]: [Chunky] Task running for minecraft:overworld. Processed: 8356 chunks (1.09%), ETA: 6:02:16, Rate: 35 cps, Surface biomes: minecraft:windswept_hills (21 chunks), minecraft:desert (9 chunks), minecraft:meadow (5 chunks), Current: 45, 45
[13Aug2026 06:24:41.819] [Server thread/INFO] [net.minecraft.server.MinecraftServer/]: [Chunky] Task running for minecraft:overworld. Processed: 8454 chunks (1.10%), ETA: 4:08:35, Rate: 51 cps, Surface biomes: minecraft:windswept_hills (35 chunks), minecraft:desert (16 chunks), Current: 33, 50
[13Aug2026 06:24:43.304] [Server thread/INFO] [net.minecraft.server.MinecraftServer/]: [Chunky] Task running for minecraft:overworld. Processed: 8461 chunks (1.10%), ETA: 2:34:36, Rate: 82 cps, Surface biomes: minecraft:meadow (36 chunks), minecraft:windswept_hills (36 chunks), minecraft:river (10 chunks), Current: 35, 48
[13Aug2026 06:24:44.315] [Server thread/INFO] [net.minecraft.server.MinecraftServer/]: [Chunky] Task running for minecraft:overworld. Processed: 8512 chunks (1.11%), ETA: 4:48:06, Rate: 44 cps, Surface biomes: minecraft:windswept_hills (37 chunks), minecraft:river (4 chunks), minecraft:meadow (3 chunks), Current: 32, 56
[13Aug2026 06:24:46.738] [Server thread/INFO] [net.minecraft.server.MinecraftServer/]: [Chunky] Task running for minecraft:overworld. Processed: 8552 chunks (1.11%), ETA: 4:29:42, Rate: 47 cps, Surface biomes: minecraft:windswept_hills (43 chunks), minecraft:meadow (4 chunks), Current: 37, 59
[13Aug2026 06:24:47.788] [Server thread/INFO] [net.minecraft.server.MinecraftServer/]: [Chunky] Task running for minecraft:overworld. Processed: 8583 chunks (1.12%), ETA: 30:10:49, Rate: 7 cps, Surface biomes: minecraft:windswept_hills (6 chunks), minecraft:meadow (1 chunks), Current: 42, 57
[13Aug2026 06:24:48.789] [Server thread/INFO] [net.minecraft.server.MinecraftServer/]: [Chunky] Task running for minecraft:overworld. Processed: 8633 chunks (1.12%), ETA: 6:02:08, Rate: 35 cps, Surface biomes: minecraft:windswept_hills (22 chunks), minecraft:river (7 chunks), minecraft:meadow (6 chunks), Current: 44, 57
[13Aug2026 06:24:49.838] [Server thread/INFO] [net.minecraft.server.MinecraftServer/]: [Chunky] Task running for minecraft:overworld. Processed: 8710 chunks (1.13%), ETA: 3:46:18, Rate: 56 cps, Surface biomes: minecraft:desert (35 chunks), minecraft:river (13 chunks), minecraft:windswept_hills (7 chunks), minecraft:meadow (1 chunks), Current: 48, 51
[13Aug2026 06:24:51.838] [Server thread/INFO] [net.minecraft.server.MinecraftServer/]: [Chunky] Task running for minecraft:overworld. Processed: 8713 chunks (1.13%), ETA: 105:36:48, Rate: 2 cps, Surface biomes: minecraft:desert (2 chunks), Current: 50, 48
[13Aug2026 06:24:52.888] [Server thread/INFO] [net.minecraft.server.MinecraftServer/]: [Chunky] Task running for minecraft:overworld. Processed: 8770 chunks (1.14%), ETA: 52:48:09, Rate: 4 cps, Surface biomes: minecraft:desert (2 chunks), minecraft:windswept_hills (2 chunks), Current: 49, 56
[13Aug2026 06:24:53.988] [Server thread/INFO] [net.minecraft.server.MinecraftServer/]: [Chunky] Task running for minecraft:overworld. Processed: 8793 chunks (1.14%), ETA: 3:54:40, Rate: 54 cps, Surface biomes: minecraft:desert (54 chunks), Current: 50, 61
[13Aug2026 06:24:55.038] [Server thread/INFO] [net.minecraft.server.MinecraftServer/]: [Chunky] Task running for minecraft:overworld. Processed: 8846 chunks (1.15%), ETA: 4:41:35, Rate: 45 cps, Surface biomes: minecraft:desert (16 chunks), minecraft:windswept_hills (14 chunks), minecraft:meadow (13 chunks), minecraft:river (2 chunks), Current: 59, 57
[13Aug2026 06:24:56.058] [Server thread/INFO] [net.minecraft.server.MinecraftServer/]: [Chunky] Task running for minecraft:overworld. Processed: 8892 chunks (1.16%), ETA: 4:41:34, Rate: 45 cps, Surface biomes: minecraft:meadow (15 chunks), minecraft:windswept_hills (15 chunks), minecraft:plains (11 chunks), minecraft:river (4 chunks), Current: 63, 59
[13Aug2026 06:24:57.118] [Server thread/INFO] [net.minecraft.server.MinecraftServer/]: [Chunky] Task running for minecraft:overworld. Processed: 8951 chunks (1.16%), ETA: 21:06:57, Rate: 10 cps, Surface biomes: minecraft:plains (8 chunks), minecraft:meadow (2 chunks), Current: 61, 51
[13Aug2026 06:24:59.160] [Server thread/INFO] [net.minecraft.server.MinecraftServer/]: [Chunky] Task running for minecraft:overworld. Processed: 8955 chunks (1.16%), ETA: 3:54:37, Rate: 54 cps, Surface biomes: minecraft:windswept_hills (18 chunks), minecraft:river (15 chunks), minecraft:meadow (13 chunks), minecraft:plains (6 chunks), minecraft:desert (2 chunks), Current: 62, 49
[13Aug2026 06:24:59.193] [Server thread/WARN] [net.minecraft.server.MinecraftServer/]: Can't keep up! Is the server overloaded? Running 3605ms or 72 ticks behind
[13Aug2026 06:25:00.165] [Server thread/INFO] [net.minecraft.server.MinecraftServer/]: [Chunky] Task running for minecraft:overworld. Processed: 9009 chunks (1.17%), ETA: 4:29:32, Rate: 47 cps, Surface biomes: minecraft:plains (38 chunks), minecraft:river (4 chunks), minecraft:dark_forest (3 chunks), minecraft:windswept_hills (2 chunks), Current: 54, 47
[13Aug2026 06:25:01.165] [Server thread/INFO] [net.minecraft.server.MinecraftServer/]: [Chunky] Task running for minecraft:overworld. Processed: 9108 chunks (1.18%), ETA: 3:27:39, Rate: 61 cps, Surface biomes: minecraft:plains (36 chunks), minecraft:desert (11 chunks), minecraft:river (7 chunks), minecraft:dark_forest (3 chunks), minecraft:meadow (2 chunks), minecraft:windswept_hills (2 chunks), Current: 50, 38
[13Aug2026 06:25:02.188] [Server thread/INFO] [net.minecraft.server.MinecraftServer/]: [Chunky] Task running for minecraft:overworld. Processed: 9164 chunks (1.19%), ETA: 2:10:34, Rate: 97 cps, Surface biomes: minecraft:desert (33 chunks), minecraft:windswept_hills (33 chunks), minecraft:plains (24 chunks), minecraft:dark_forest (7 chunks), Current: 57, 34
[13Aug2026 06:25:03.238] [Server thread/INFO] [net.minecraft.server.MinecraftServer/]: [Chunky] Task running for minecraft:overworld. Processed: 9194 chunks (1.20%), ETA: 8:07:08, Rate: 26 cps, Surface biomes: minecraft:plains (23 chunks), minecraft:dark_forest (3 chunks), Current: 62, 38
[13Aug2026 06:25:04.488] [Server thread/INFO] [net.minecraft.server.MinecraftServer/]: [Chunky] Task running for minecraft:overworld. Processed: 9219 chunks (1.20%), ETA: 7:32:19, Rate: 28 cps, Surface biomes: minecraft:plains (28 chunks), Current: 65, 32
[13Aug2026 06:25:05.538] [Server thread/INFO] [net.minecraft.server.MinecraftServer/]: [Chunky] Task running for minecraft:overworld. Processed: 9258 chunks (1.20%), ETA: 6:01:50, Rate: 35 cps, Surface biomes: minecraft:dark_forest (24 chunks), minecraft:plains (11 chunks), Current: 70, 36
[13Aug2026 06:25:06.588] [Server thread/INFO] [net.minecraft.server.MinecraftServer/]: [Chunky] Task running for minecraft:overworld. Processed: 9276 chunks (1.21%), ETA: 11:43:34, Rate: 18 cps, Surface biomes: minecraft:dark_forest (18 chunks), Current: 68, 32
[13Aug2026 06:25:07.888] [Server thread/INFO] [net.minecraft.server.MinecraftServer/]: [Chunky] Task running for minecraft:overworld. Processed: 9291 chunks (1.21%), ETA: 14:04:15, Rate: 15 cps, Surface biomes: minecraft:dark_forest (15 chunks), Current: 72, 35
[13Aug2026 06:25:08.938] [Server thread/INFO] [net.minecraft.server.MinecraftServer/]: [Chunky] Task running for minecraft:overworld. Processed: 9315 chunks (1.21%), ETA: 17:35:17, Rate: 12 cps, Surface biomes: minecraft:dark_forest (9 chunks), minecraft:plains (3 chunks), Current: 72, 38
[13Aug2026 06:25:09.988] [Server thread/INFO] [net.minecraft.server.MinecraftServer/]: [Chunky] Task running for minecraft:overworld. Processed: 9345 chunks (1.22%), ETA: 9:10:34, Rate: 23 cps, Surface biomes: minecraft:plains (18 chunks), minecraft:dark_forest (5 chunks), Current: 74, 40
[13Aug2026 06:25:11.149] [Server thread/INFO] [net.minecraft.server.MinecraftServer/]: [Chunky] Task running for minecraft:overworld. Processed: 9386 chunks (1.22%), ETA: 5:16:33, Rate: 40 cps, Surface biomes: minecraft:plains (31 chunks), minecraft:river (7 chunks), minecraft:dark_forest (2 chunks), Current: 77, 46
[13Aug2026 06:25:12.674] [Server thread/INFO] [net.minecraft.server.MinecraftServer/]: [Chunky] Task running for minecraft:overworld. Processed: 9467 chunks (1.23%), ETA: 2:36:18, Rate: 81 cps, Surface biomes: minecraft:plains (71 chunks), minecraft:river (9 chunks), minecraft:dark_forest (1 chunks), Current: 64, 46
[13Aug2026 06:25:13.777] [Server thread/INFO] [net.minecraft.server.MinecraftServer/]: [Chunky] Task running for minecraft:overworld. Processed: 9526 chunks (1.24%), ETA: 105:30:01, Rate: 2 cps, Surface biomes: minecraft:dark_forest (2 chunks), Current: 69, 54
[13Aug2026 06:25:14.838] [Server thread/INFO] [net.minecraft.server.MinecraftServer/]: [Chunky] Task running for minecraft:overworld. Processed: 9569 chunks (1.24%), ETA: 2:09:10, Rate: 98 cps, Surface biomes: minecraft:plains (83 chunks), minecraft:dark_forest (7 chunks), minecraft:river (5 chunks), minecraft:meadow (3 chunks), Current: 68, 59
[13Aug2026 06:25:15.888] [Server thread/INFO] [net.minecraft.server.MinecraftServer/]: [Chunky] Task running for minecraft:overworld. Processed: 9626 chunks (1.25%), ETA: 70:19:27, Rate: 3 cps, Surface biomes: minecraft:plains (3 chunks), Current: 74, 62
[13Aug2026 06:25:18.038] [Server thread/INFO] [net.minecraft.server.MinecraftServer/]: [Chunky] Task running for minecraft:overworld. Processed: 9641 chunks (1.25%), ETA: 26:22:16, Rate: 8 cps, Surface biomes: minecraft:plains (8 chunks), Current: 76, 56
[13Aug2026 06:25:19.088] [Server thread/INFO] [net.minecraft.server.MinecraftServer/]: [Chunky] Task running for minecraft:overworld. Processed: 9695 chunks (1.26%), ETA: 3:58:48, Rate: 53 cps, Surface biomes: minecraft:plains (49 chunks), minecraft:river (4 chunks), Current: 73, 52
[13Aug2026 06:25:20.188] [Server thread/INFO] [net.minecraft.server.MinecraftServer/]: [Chunky] Task running for minecraft:overworld. Processed: 9723 chunks (1.26%), ETA: 7:32:01, Rate: 28 cps, Surface biomes: minecraft:plains (20 chunks), minecraft:river (8 chunks), Current: 79, 51
[13Aug2026 06:25:21.196] [Server thread/INFO] [net.minecraft.server.MinecraftServer/]: [Chunky] Task running for minecraft:overworld. Processed: 9761 chunks (1.27%), ETA: 6:35:30, Rate: 32 cps, Surface biomes: minecraft:plains (32 chunks), Current: 84, 52
[13Aug2026 06:25:22.238] [Server thread/INFO] [net.minecraft.server.MinecraftServer/]: [Chunky] Task running for minecraft:overworld. Processed: 9795 chunks (1.27%), ETA: 5:33:02, Rate: 38 cps, Surface biomes: minecraft:plains (29 chunks), minecraft:river (9 chunks), Current: 80, 57
[13Aug2026 06:25:23.388] [Server thread/INFO] [net.minecraft.server.MinecraftServer/]: [Chunky] Task running for minecraft:overworld. Processed: 9817 chunks (1.28%), ETA: 8:26:12, Rate: 25 cps, Surface biomes: minecraft:plains (25 chunks), Current: 82, 60
[13Aug2026 06:25:24.438] [Server thread/INFO] [net.minecraft.server.MinecraftServer/]: [Chunky] Task running for minecraft:overworld. Processed: 9867 chunks (1.28%), ETA: 7:31:56, Rate: 28 cps, Surface biomes: minecraft:plains (26 chunks), minecraft:river (2 chunks), Current: 90, 57
[13Aug2026 06:25:25.767] [Server thread/INFO] [net.minecraft.server.MinecraftServer/]: [Chunky] Task running for minecraft:overworld. Processed: 9889 chunks (1.29%), ETA: 5:33:00, Rate: 38 cps, Surface biomes: minecraft:plains (34 chunks), minecraft:river (4 chunks), Current: 92, 60
[13Aug2026 06:25:26.993] [Server thread/INFO] [net.minecraft.server.MinecraftServer/]: [Chunky] Task running for minecraft:overworld. Processed: 9953 chunks (1.29%), ETA: 6:48:09, Rate: 31 cps, Surface biomes: minecraft:plains (27 chunks), minecraft:river (4 chunks), Current: 88, 51
[13Aug2026 06:25:28.788] [Server thread/INFO] [net.minecraft.server.MinecraftServer/]: [Chunky] Task running for minecraft:overworld. Processed: 9993 chunks (1.30%), ETA: 5:32:57, Rate: 38 cps, Surface biomes: minecraft:plains (38 chunks), Current: 93, 45
[13Aug2026 06:25:29.838] [Server thread/INFO] [net.minecraft.server.MinecraftServer/]: [Chunky] Task running for minecraft:overworld. Processed: 10052 chunks (1.31%), ETA: 11:42:50, Rate: 18 cps, Surface biomes: minecraft:plains (18 chunks), Current: 87, 47
[13Aug2026 06:25:30.888] [Server thread/INFO] [net.minecraft.server.MinecraftServer/]: [Chunky] Task running for minecraft:overworld. Processed: 10079 chunks (1.31%), ETA: 4:18:10, Rate: 49 cps, Surface biomes: minecraft:plains (49 chunks), Current: 81, 44
[13Aug2026 06:25:31.938] [Server thread/INFO] [net.minecraft.server.MinecraftServer/]: [Chunky] Task running for minecraft:overworld. Processed: 10111 chunks (1.31%), ETA: 8:26:00, Rate: 25 cps, Surface biomes: minecraft:plains (25 chunks), Current: 86, 40
[13Aug2026 06:25:33.005] [Server thread/INFO] [net.minecraft.server.MinecraftServer/]: [Chunky] Task running for minecraft:overworld. Processed: 10135 chunks (1.32%), ETA: 9:34:59, Rate: 22 cps, Surface biomes: minecraft:plains (19 chunks), minecraft:river (3 chunks), Current: 80, 39
[13Aug2026 06:25:34.038] [Server thread/INFO] [net.minecraft.server.MinecraftServer/]: [Chunky] Task running for minecraft:overworld. Processed: 10159 chunks (1.32%), ETA: 8:47:03, Rate: 24 cps, Surface biomes: minecraft:plains (15 chunks), minecraft:river (9 chunks), Current: 83, 32
[13Aug2026 06:25:35.088] [Server thread/INFO] [net.minecraft.server.MinecraftServer/]: [Chunky] Task running for minecraft:overworld. Processed: 10202 chunks (1.33%), ETA: 4:54:09, Rate: 43 cps, Surface biomes: minecraft:plains (36 chunks), minecraft:river (7 chunks), Current: 90, 39
[13Aug2026 06:25:36.138] [Server thread/INFO] [net.minecraft.server.MinecraftServer/]: [Chunky] Task running for minecraft:overworld. Processed: 10220 chunks (1.33%), ETA: 11:42:41, Rate: 18 cps, Surface biomes: minecraft:plains (18 chunks), Current: 94, 35
[13Aug2026 06:25:37.219] [Server thread/INFO] [net.minecraft.server.MinecraftServer/]: [Chunky] Task running for minecraft:overworld. Processed: 10236 chunks (1.33%), ETA: 16:12:56, Rate: 13 cps, Surface biomes: minecraft:plains (13 chunks), Current: 94, 34
[13Aug2026 06:25:38.238] [Server thread/INFO] [net.minecraft.server.MinecraftServer/]: [Chunky] Task running for minecraft:overworld. Processed: 10246 chunks (1.33%), ETA: 17:34:00, Rate: 12 cps, Surface biomes: minecraft:plains (9 chunks), minecraft:river (3 chunks), Current: 65, 2
[13Aug2026 06:25:39.239] [Server thread/INFO] [net.minecraft.server.MinecraftServer/]: [Chunky] Task running for minecraft:overworld. Processed: 10271 chunks (1.34%), ETA: 23:25:17, Rate: 9 cps, Surface biomes: minecraft:plains (9 chunks), Current: 65, 7
[13Aug2026 06:25:40.288] [Server thread/INFO] [net.minecraft.server.MinecraftServer/]: [Chunky] Task running for minecraft:overworld. Processed: 10289 chunks (1.34%), ETA: 6:35:13, Rate: 32 cps, Surface biomes: minecraft:plains (25 chunks), minecraft:river (7 chunks), Current: 69, 2
[13Aug2026 06:25:41.319] [Server thread/INFO] [net.minecraft.server.MinecraftServer/]: [Chunky] Task running for minecraft:overworld. Processed: 10317 chunks (1.34%), ETA: 7:01:33, Rate: 30 cps, Surface biomes: minecraft:plains (28 chunks), minecraft:river (2 chunks), Current: 74, 0
[13Aug2026 06:25:42.354] [Server thread/INFO] [net.minecraft.server.MinecraftServer/]: [Chunky] Task running for minecraft:overworld. Processed: 10343 chunks (1.34%), ETA: 7:48:23, Rate: 27 cps, Surface biomes: minecraft:plains (25 chunks), minecraft:river (2 chunks), Current: 75, 4
[13Aug2026 06:25:42.934] [Server thread/WARN] [net.minecraft.server.MinecraftServer/]: Can't keep up! Is the server overloaded? Running 2296ms or 45 ticks behind
[13Aug2026 06:25:43.914] [Server thread/INFO] [net.minecraft.server.MinecraftServer/]: [Chunky] Task running for minecraft:overworld. Processed: 10393 chunks (1.35%), ETA: 4:29:03, Rate: 47 cps, Surface biomes: minecraft:plains (32 chunks), minecraft:river (15 chunks), Current: 76, 10
[13Aug2026 06:25:44.931] [Server thread/INFO] [net.minecraft.server.MinecraftServer/]: [Chunky] Task running for minecraft:overworld. Processed: 10408 chunks (1.35%), ETA: 42:09:04, Rate: 5 cps, Surface biomes: minecraft:plains (5 chunks), Current: 79, 11
[13Aug2026 06:25:45.938] [Server thread/INFO] [net.minecraft.server.MinecraftServer/]: [Chunky] Task running for minecraft:overworld. Processed: 10466 chunks (1.36%), ETA: 4:40:59, Rate: 45 cps, Surface biomes: minecraft:plains (42 chunks), minecraft:dark_forest (2 chunks), minecraft:river (1 chunks), Current: 64, 9
[13Aug2026 06:25:46.988] [Server thread/INFO] [net.minecraft.server.MinecraftServer/]: [Chunky] Task running for minecraft:overworld. Processed: 10500 chunks (1.37%), ETA: 7:48:17, Rate: 27 cps, Surface biomes: minecraft:plains (16 chunks), minecraft:river (9 chunks), minecraft:dark_forest (2 chunks), Current: 65, 17
[13Aug2026 06:25:48.038] [Server thread/INFO] [net.minecraft.server.MinecraftServer/]: [Chunky] Task running for minecraft:overworld. Processed: 10550 chunks (1.37%), ETA: 4:18:01, Rate: 49 cps, Surface biomes: minecraft:plains (42 chunks), minecraft:dark_forest (6 chunks), minecraft:river (1 chunks), Current: 69, 23
[13Aug2026 06:25:49.039] [Server thread/INFO] [net.minecraft.server.MinecraftServer/]: [Chunky] Task running for minecraft:overworld. Processed: 10589 chunks (1.38%), ETA: 5:24:09, Rate: 39 cps, Surface biomes: minecraft:plains (25 chunks), minecraft:dark_forest (14 chunks), Current: 67, 28
[13Aug2026 06:25:50.048] [Server thread/INFO] [net.minecraft.server.MinecraftServer/]: [Chunky] Task running for minecraft:overworld. Processed: 10643 chunks (1.38%), ETA: 3:58:31, Rate: 53 cps, Surface biomes: minecraft:plains (33 chunks), minecraft:dark_forest (20 chunks), Current: 72, 29
[13Aug2026 06:25:51.088] [Server thread/INFO] [net.minecraft.server.MinecraftServer/]: [Chunky] Task running for minecraft:overworld. Processed: 10702 chunks (1.39%), ETA: 3:49:49, Rate: 55 cps, Surface biomes: minecraft:plains (51 chunks), minecraft:dark_forest (4 chunks), Current: 77, 20
[13Aug2026 06:25:52.138] [Server thread/INFO] [net.minecraft.server.MinecraftServer/]: [Chunky] Task running for minecraft:overworld. Processed: 10737 chunks (1.40%), ETA: 5:32:37, Rate: 38 cps, Surface biomes: minecraft:plains (38 chunks), Current: 76, 19
[13Aug2026 06:25:53.188] [Server thread/INFO] [net.minecraft.server.MinecraftServer/]: [Chunky] Task running for minecraft:overworld. Processed: 10776 chunks (1.40%), ETA: 6:11:44, Rate: 34 cps, Surface biomes: minecraft:plains (34 chunks), Current: 86, 17
[13Aug2026 06:25:54.238] [Server thread/INFO] [net.minecraft.server.MinecraftServer/]: [Chunky] Task running for minecraft:overworld. Processed: 10826 chunks (1.41%), ETA: 4:17:55, Rate: 49 cps, Surface biomes: minecraft:plains (49 chunks), Current: 82, 26
[13Aug2026 06:25:55.288] [Server thread/INFO] [net.minecraft.server.MinecraftServer/]: [Chunky] Task running for minecraft:overworld. Processed: 10865 chunks (1.41%), ETA: 6:11:41, Rate: 34 cps, Surface biomes: minecraft:plains (34 chunks), Current: 87, 28
[13Aug2026 06:25:57.054] [Server thread/INFO] [net.minecraft.server.MinecraftServer/]: [Chunky] Task running for minecraft:overworld. Processed: 10919 chunks (1.42%), ETA: 3:08:36, Rate: 67 cps, Surface biomes: minecraft:plains (57 chunks), minecraft:river (10 chunks), Current: 93, 30
[13Aug2026 06:25:58.166] [Server thread/INFO] [net.minecraft.server.MinecraftServer/]: [Chunky] Task running for minecraft:overworld. Processed: 10988 chunks (1.43%), ETA: 3:03:07, Rate: 69 cps, Surface biomes: minecraft:plains (51 chunks), minecraft:river (18 chunks), Current: 90, 16
[13Aug2026 06:26:01.039] [Server thread/INFO] [net.minecraft.server.MinecraftServer/]: [Chunky] Task running for minecraft:overworld. Processed: 11015 chunks (1.43%), ETA: 7:47:58, Rate: 27 cps, Surface biomes: minecraft:plains (20 chunks), minecraft:river (7 chunks), Current: 93, 14
[13Aug2026 06:26:01.180] [Server thread/WARN] [net.minecraft.server.MinecraftServer/]: Can't keep up! Is the server overloaded? Running 3292ms or 65 ticks behind
[13Aug2026 06:26:02.538] [Server thread/INFO] [net.minecraft.server.MinecraftServer/]: [Chunky] Task running for minecraft:overworld. Processed: 11113 chunks (1.44%), ETA: 2:08:54, Rate: 98 cps, Surface biomes: minecraft:plains (84 chunks), minecraft:river (14 chunks), Current: 84, 11
[13Aug2026 06:26:03.588] [Server thread/INFO] [net.minecraft.server.MinecraftServer/]: [Chunky] Task running for minecraft:overworld. Processed: 11142 chunks (1.45%), ETA: 19:08:27, Rate: 11 cps, Surface biomes: minecraft:plains (7 chunks), minecraft:river (4 chunks), Current: 80, 6
[13Aug2026 06:26:04.590] [Server thread/INFO] [net.minecraft.server.MinecraftServer/]: [Chunky] Task running for minecraft:overworld. Processed: 11194 chunks (1.46%), ETA: 5:50:53, Rate: 36 cps, Surface biomes: minecraft:plains (22 chunks), minecraft:river (14 chunks), Current: 86, 3
[13Aug2026 06:26:05.638] [Server thread/INFO] [net.minecraft.server.MinecraftServer/]: [Chunky] Task running for minecraft:overworld. Processed: 11229 chunks (1.46%), ETA: 4:23:09, Rate: 48 cps, Surface biomes: minecraft:plains (48 chunks), Current: 91, 7
[13Aug2026 06:26:06.688] [Server thread/INFO] [net.minecraft.server.MinecraftServer/]: [Chunky] Task running for minecraft:overworld. Processed: 11255 chunks (1.46%), ETA: 8:25:14, Rate: 25 cps, Surface biomes: minecraft:plains (25 chunks), Current: 94, 2
[13Aug2026 06:26:07.707] [Server thread/INFO] [net.minecraft.server.MinecraftServer/]: [Chunky] Task running for minecraft:overworld. Processed: 11311 chunks (1.47%), ETA: 7:01:00, Rate: 30 cps, Surface biomes: minecraft:plains (30 chunks), Current: 68, -29
[13Aug2026 06:26:09.010] [Server thread/INFO] [net.minecraft.server.MinecraftServer/]: [Chunky] Task running for minecraft:overworld. Processed: 11323 chunks (1.47%), ETA: 210:30:06, Rate: 1 cps, Surface biomes: minecraft:plains (1 chunks), Current: 74, -30
[13Aug2026 06:26:10.057] [Server thread/INFO] [net.minecraft.server.MinecraftServer/]: [Chunky] Task running for minecraft:overworld. Processed: 11363 chunks (1.48%), ETA: 5:15:44, Rate: 40 cps, Surface biomes: minecraft:plains (40 chunks), Current: 74, -28
[13Aug2026 06:26:11.069] [Server thread/INFO] [net.minecraft.server.MinecraftServer/]: [Chunky] Task running for minecraft:overworld. Processed: 11404 chunks (1.48%), ETA: 5:32:20, Rate: 38 cps, Surface biomes: minecraft:plains (38 chunks), Current: 76, -22
[13Aug2026 06:26:13.627] [Server thread/INFO] [net.minecraft.server.MinecraftServer/]: [Chunky] Task running for minecraft:overworld. Processed: 11434 chunks (1.49%), ETA: 6:22:40, Rate: 33 cps, Surface biomes: minecraft:plains (33 chunks), Current: 73, -20
[13Aug2026 06:26:14.642] [Server thread/INFO] [net.minecraft.server.MinecraftServer/]: [Chunky] Task running for minecraft:overworld. Processed: 11543 chunks (1.50%), ETA: 3:02:59, Rate: 69 cps, Surface biomes: minecraft:plains (65 chunks), minecraft:river (4 chunks), Current: 70, -15
[13Aug2026 06:26:15.645] [Server thread/INFO] [net.minecraft.server.MinecraftServer/]: [Chunky] Task running for minecraft:overworld. Processed: 11585 chunks (1.51%), ETA: 4:12:30, Rate: 50 cps, Surface biomes: minecraft:plains (41 chunks), minecraft:river (9 chunks), Current: 64, -8
[13Aug2026 06:26:16.907] [Server thread/INFO] [net.minecraft.server.MinecraftServer/]: [Chunky] Task running for minecraft:overworld. Processed: 11649 chunks (1.51%), ETA: 2:39:48, Rate: 79 cps, Surface biomes: minecraft:plains (79 chunks), Current: 72, -4
[13Aug2026 06:26:18.288] [Server thread/INFO] [net.minecraft.server.MinecraftServer/]: [Chunky] Task running for minecraft:overworld. Processed: 11685 chunks (1.52%), ETA: 210:24:04, Rate: 1 cps, Surface biomes: minecraft:plains (1 chunks), Current: 76, -2
[13Aug2026 06:26:19.338] [Server thread/INFO] [net.minecraft.server.MinecraftServer/]: [Chunky] Task running for minecraft:overworld. Processed: 11744 chunks (1.53%), ETA: 3:37:38, Rate: 58 cps, Surface biomes: minecraft:plains (58 chunks), Current: 75, -12
[13Aug2026 06:26:20.562] [Server thread/INFO] [net.minecraft.server.MinecraftServer/]: [Chunky] Task running for minecraft:overworld. Processed: 11778 chunks (1.53%), ETA: 6:47:10, Rate: 31 cps, Surface biomes: minecraft:plains (21 chunks), minecraft:river (10 chunks), Current: 81, -15
[13Aug2026 06:26:21.638] [Server thread/INFO] [net.minecraft.server.MinecraftServer/]: [Chunky] Task running for minecraft:overworld. Processed: 11792 chunks (1.53%), ETA: 17:31:51, Rate: 12 cps, Surface biomes: minecraft:plains (8 chunks), minecraft:river (4 chunks), Current: 84, -15
[13Aug2026 06:26:22.688] [Server thread/INFO] [net.minecraft.server.MinecraftServer/]: [Chunky] Task running for minecraft:overworld. Processed: 11840 chunks (1.54%), ETA: 9:08:45, Rate: 23 cps, Surface biomes: minecraft:plains (15 chunks), minecraft:river (8 chunks), Current: 87, -9
[13Aug2026 06:26:23.788] [Server thread/INFO] [net.minecraft.server.MinecraftServer/]: [Chunky] Task running for minecraft:overworld. Processed: 11875 chunks (1.54%), ETA: 3:58:07, Rate: 53 cps, Surface biomes: minecraft:plains (52 chunks), minecraft:river (1 chunks), Current: 84, -3
[13Aug2026 06:26:24.838] [Server thread/INFO] [net.minecraft.server.MinecraftServer/]: [Chunky] Task running for minecraft:overworld. Processed: 11914 chunks (1.55%), ETA: 9:33:38, Rate: 22 cps, Surface biomes: minecraft:plains (22 chunks), Current: 91, -8
[13Aug2026 06:26:26.072] [Server thread/INFO] [net.minecraft.server.MinecraftServer/]: [Chunky] Task running for minecraft:overworld. Processed: 11977 chunks (1.56%), ETA: 3:41:23, Rate: 57 cps, Surface biomes: minecraft:plains (51 chunks), minecraft:river (6 chunks), Current: 93, -10
[13Aug2026 06:26:27.504] [Server thread/INFO] [net.minecraft.server.MinecraftServer/]: [Chunky] Task running for minecraft:overworld. Processed: 12027 chunks (1.56%), ETA: 4:12:22, Rate: 50 cps, Surface biomes: minecraft:plains (40 chunks), minecraft:river (10 chunks), Current: 95, -13
[13Aug2026 06:26:28.000] [Server thread/WARN] [net.minecraft.server.MinecraftServer/]: Can't keep up! Is the server overloaded? Running 2412ms or 48 ticks behind
[13Aug2026 06:26:28.614] [Server thread/INFO] [net.minecraft.server.MinecraftServer/]: [Chunky] Task running for minecraft:overworld. Processed: 12069 chunks (1.57%), ETA: 17:31:28, Rate: 12 cps, Surface biomes: minecraft:plains (12 chunks), Current: 91, -23
[13Aug2026 06:26:29.633] [Server thread/INFO] [net.minecraft.server.MinecraftServer/]: [Chunky] Task running for minecraft:overworld. Processed: 12129 chunks (1.58%), ETA: 3:37:31, Rate: 58 cps, Surface biomes: minecraft:plains (58 chunks), Current: 80, -21
[13Aug2026 06:26:30.927] [Server thread/INFO] [net.minecraft.server.MinecraftServer/]: [Chunky] Task running for minecraft:overworld. Processed: 12201 chunks (1.59%), ETA: 3:05:31, Rate: 68 cps, Surface biomes: minecraft:plains (68 chunks), Current: 84, -30
[13Aug2026 06:26:31.944] [Server thread/INFO] [net.minecraft.server.MinecraftServer/]: [Chunky] Task running for minecraft:overworld. Processed: 12251 chunks (1.59%), ETA: 4:28:23, Rate: 47 cps, Surface biomes: minecraft:plains (46 chunks), minecraft:old_growth_pine_taiga (1 chunks), Current: 91, -28
[13Aug2026 06:26:33.444] [Server thread/INFO] [net.minecraft.server.MinecraftServer/]: [Chunky] Task running for minecraft:overworld. Processed: 12288 chunks (1.60%), ETA: 6:11:00, Rate: 34 cps, Surface biomes: minecraft:old_growth_spruce_taiga (28 chunks), minecraft:plains (6 chunks), Current: 95, -32
[13Aug2026 06:26:36.712] [Server thread/INFO] [net.minecraft.server.MinecraftServer/]: [Chunky] Task running for minecraft:overworld. Processed: 12295 chunks (1.60%), ETA: 30:01:59, Rate: 7 cps, Surface biomes: minecraft:old_growth_spruce_taiga (7 chunks), Current: 69, -59
[13Aug2026 06:26:38.457] [Server thread/INFO] [net.minecraft.server.MinecraftServer/]: [Chunky] Task running for minecraft:overworld. Processed: 12345 chunks (1.61%), ETA: 19:06:38, Rate: 11 cps, Surface biomes: minecraft:old_growth_spruce_taiga (11 chunks), Current: 68, -63
[13Aug2026 06:26:39.465] [Server thread/INFO] [net.minecraft.server.MinecraftServer/]: [Chunky] Task running for minecraft:overworld. Processed: 12362 chunks (1.61%), ETA: 23:21:25, Rate: 9 cps, Surface biomes: minecraft:old_growth_spruce_taiga (9 chunks), Current: 72, -61
[13Aug2026 06:26:41.523] [Server thread/INFO] [net.minecraft.server.MinecraftServer/]: [Chunky] Task running for minecraft:overworld. Processed: 12416 chunks (1.61%), ETA: 52:32:58, Rate: 4 cps, Surface biomes: minecraft:old_growth_spruce_taiga (4 chunks), Current: 79, -57
[13Aug2026 06:26:42.598] [Server thread/INFO] [net.minecraft.server.MinecraftServer/]: [Chunky] Task running for minecraft:overworld. Processed: 12466 chunks (1.62%), ETA: 11:40:36, Rate: 18 cps, Surface biomes: minecraft:old_growth_spruce_taiga (15 chunks), minecraft:river (3 chunks), Current: 75, -50
[13Aug2026 06:26:44.211] [Server thread/INFO] [net.minecraft.server.MinecraftServer/]: [Chunky] Task running for minecraft:overworld. Processed: 12519 chunks (1.63%), ETA: 4:34:08, Rate: 46 cps, Surface biomes: minecraft:plains (23 chunks), minecraft:old_growth_spruce_taiga (14 chunks), minecraft:river (9 chunks), Current: 65, -56
[13Aug2026 06:26:45.667] [Server thread/INFO] [net.minecraft.server.MinecraftServer/]: [Chunky] Task running for minecraft:overworld. Processed: 12565 chunks (1.63%), ETA: 4:34:07, Rate: 46 cps, Surface biomes: minecraft:plains (40 chunks), minecraft:old_growth_spruce_taiga (3 chunks), minecraft:river (3 chunks), Current: 68, -46
[13Aug2026 06:26:47.214] [Server thread/INFO] [net.minecraft.server.MinecraftServer/]: [Chunky] Task running for minecraft:overworld. Processed: 12615 chunks (1.64%), ETA: 30:01:13, Rate: 7 cps, Surface biomes: minecraft:plains (7 chunks), Current: 64, -34
[13Aug2026 06:26:48.552] [Server thread/INFO] [net.minecraft.server.MinecraftServer/]: [Chunky] Task running for minecraft:overworld. Processed: 12673 chunks (1.65%), ETA: 4:07:12, Rate: 51 cps, Surface biomes: minecraft:plains (36 chunks), minecraft:river (15 chunks), Current: 72, -36
[13Aug2026 06:26:48.939] [Server thread/WARN] [net.minecraft.server.MinecraftServer/]: Can't keep up! Is the server overloaded? Running 5951ms or 119 ticks behind
[13Aug2026 06:26:50.738] [Server thread/INFO] [net.minecraft.server.MinecraftServer/]: [Chunky] Task running for minecraft:overworld. Processed: 12707 chunks (1.65%), ETA: 5:07:29, Rate: 41 cps, Surface biomes: minecraft:plains (25 chunks), minecraft:river (9 chunks), minecraft:old_growth_pine_taiga (5 chunks), minecraft:old_growth_spruce_taiga (2 chunks), Current: 76, -35
[13Aug2026 06:26:51.788] [Server thread/INFO] [net.minecraft.server.MinecraftServer/]: [Chunky] Task running for minecraft:overworld. Processed: 12772 chunks (1.66%), ETA: 16:09:41, Rate: 13 cps, Surface biomes: minecraft:plains (8 chunks), minecraft:river (4 chunks), minecraft:old_growth_spruce_taiga (1 chunks), Current: 73, -45
[13Aug2026 06:26:52.888] [Server thread/INFO] [net.minecraft.server.MinecraftServer/]: [Chunky] Task running for minecraft:overworld. Processed: 12790 chunks (1.66%), ETA: 3:45:06, Rate: 56 cps, Surface biomes: minecraft:old_growth_spruce_taiga (33 chunks), minecraft:plains (18 chunks), minecraft:river (3 chunks), minecraft:old_growth_pine_taiga (2 chunks), Current: 77, -48
[13Aug2026 06:26:54.188] [Server thread/INFO] [net.minecraft.server.MinecraftServer/]: [Chunky] Task running for minecraft:overworld. Processed: 12820 chunks (1.67%), ETA: 10:00:14, Rate: 21 cps, Surface biomes: minecraft:old_growth_spruce_taiga (21 chunks), Current: 86, -47
[13Aug2026 06:26:55.238] [Server thread/INFO] [net.minecraft.server.MinecraftServer/]: [Chunky] Task running for minecraft:overworld. Processed: 12892 chunks (1.68%), ETA: 3:08:07, Rate: 67 cps, Surface biomes: minecraft:plains (32 chunks), minecraft:old_growth_spruce_taiga (21 chunks), minecraft:river (14 chunks), Current: 82, -34
[13Aug2026 06:26:56.428] [Server thread/INFO] [net.minecraft.server.MinecraftServer/]: [Chunky] Task running for minecraft:overworld. Processed: 12945 chunks (1.68%), ETA: 7:00:06, Rate: 30 cps, Surface biomes: minecraft:plains (28 chunks), minecraft:old_growth_spruce_taiga (2 chunks), Current: 89, -36
[13Aug2026 06:26:57.429] [Server thread/INFO] [net.minecraft.server.MinecraftServer/]: [Chunky] Task running for minecraft:overworld. Processed: 12994 chunks (1.69%), ETA: 2:45:49, Rate: 76 cps, Surface biomes: minecraft:old_growth_spruce_taiga (35 chunks), minecraft:river (12 chunks), minecraft:desert (9 chunks), minecraft:old_growth_pine_taiga (7 chunks), minecraft:plains (7 chunks), minecraft:deep_cold_ocean (6 chunks), Current: 88, -41
[13Aug2026 06:26:59.200] [Server thread/INFO] [net.minecraft.server.MinecraftServer/]: [Chunky] Task running for minecraft:overworld. Processed: 13046 chunks (1.70%), ETA: 30:00:11, Rate: 7 cps, Surface biomes: minecraft:old_growth_spruce_taiga (7 chunks), Current: 93, -46
[13Aug2026 06:27:00.251] [Server thread/INFO] [net.minecraft.server.MinecraftServer/]: [Chunky] Task running for minecraft:overworld. Processed: 13051 chunks (1.70%), ETA: 70:00:26, Rate: 3 cps, Surface biomes: minecraft:old_growth_spruce_taiga (3 chunks), Current: 94, -48
[13Aug2026 06:27:02.318] [Server thread/INFO] [net.minecraft.server.MinecraftServer/]: [Chunky] Task running for minecraft:overworld. Processed: 13122 chunks (1.71%), ETA: 9:07:49, Rate: 23 cps, Surface biomes: minecraft:old_growth_spruce_taiga (21 chunks), minecraft:river (2 chunks), Current: 86, -49
[13Aug2026 06:27:03.488] [Server thread/INFO] [net.minecraft.server.MinecraftServer/]: [Chunky] Task running for minecraft:overworld. Processed: 13175 chunks (1.71%), ETA: 3:57:43, Rate: 53 cps, Surface biomes: minecraft:old_growth_spruce_taiga (45 chunks), minecraft:river (8 chunks), Current: 80, -57
[13Aug2026 06:27:04.538] [Server thread/INFO] [net.minecraft.server.MinecraftServer/]: [Chunky] Task running for minecraft:overworld. Processed: 13207 chunks (1.72%), ETA: 19:05:20, Rate: 11 cps, Surface biomes: minecraft:old_growth_spruce_taiga (10 chunks), minecraft:river (1 chunks), Current: 85, -57
[13Aug2026 06:27:05.588] [Server thread/INFO] [net.minecraft.server.MinecraftServer/]: [Chunky] Task running for minecraft:overworld. Processed: 13248 chunks (1.72%), ETA: 4:11:57, Rate: 50 cps, Surface biomes: minecraft:old_growth_pine_taiga (21 chunks), minecraft:old_growth_spruce_taiga (12 chunks), minecraft:river (11 chunks), minecraft:swamp (5 chunks), minecraft:deep_cold_ocean (1 chunks), Current: 87, -64
[13Aug2026 06:27:06.888] [Server thread/INFO] [net.minecraft.server.MinecraftServer/]: [Chunky] Task running for minecraft:overworld. Processed: 13276 chunks (1.73%), ETA: 9:07:43, Rate: 23 cps, Surface biomes: minecraft:swamp (23 chunks), Current: 90, -59
[13Aug2026 06:27:07.889] [Server thread/INFO] [net.minecraft.server.MinecraftServer/]: [Chunky] Task running for minecraft:overworld. Processed: 13312 chunks (1.73%), ETA: 11:39:49, Rate: 18 cps, Surface biomes: minecraft:swamp (10 chunks), minecraft:river (6 chunks), minecraft:old_growth_spruce_taiga (2 chunks), Current: 95, -64
[13Aug2026 06:27:09.188] [Server thread/INFO] [net.minecraft.server.MinecraftServer/]: [Chunky] Task running for minecraft:overworld. Processed: 13318 chunks (1.73%), ETA: 41:59:22, Rate: 5 cps, Surface biomes: minecraft:old_growth_spruce_taiga (5 chunks), Current: 35, -64
[13Aug2026 06:27:10.237] [Server thread/INFO] [net.minecraft.server.MinecraftServer/]: [Chunky] Task running for minecraft:overworld. Processed: 13375 chunks (1.74%), ETA: 3:40:58, Rate: 57 cps, Surface biomes: minecraft:old_growth_spruce_taiga (50 chunks), minecraft:plains (7 chunks), Current: 39, -63
[13Aug2026 06:27:11.618] [Server thread/INFO] [net.minecraft.server.MinecraftServer/]: [Chunky] Task running for minecraft:overworld. Processed: 13379 chunks (1.74%), ETA: 69:58:36, Rate: 3 cps, Surface biomes: minecraft:old_growth_spruce_taiga (3 chunks), Current: 40, -62
[13Aug2026 06:27:12.540] [Server thread/WARN] [net.minecraft.server.MinecraftServer/]: Can't keep up! Is the server overloaded? Running 2051ms or 41 ticks behind
[13Aug2026 06:27:12.650] [Server thread/INFO] [net.minecraft.server.MinecraftServer/]: [Chunky] Task running for minecraft:overworld. Processed: 13457 chunks (1.75%), ETA: 3:53:13, Rate: 54 cps, Surface biomes: minecraft:old_growth_spruce_taiga (23 chunks), minecraft:plains (21 chunks), minecraft:deep_cold_ocean (6 chunks), minecraft:river (4 chunks), Current: 44, -56
[13Aug2026 06:27:13.836] [Server thread/INFO] [net.minecraft.server.MinecraftServer/]: [Chunky] Task running for minecraft:overworld. Processed: 13477 chunks (1.75%), ETA: 7:14:16, Rate: 29 cps, Surface biomes: minecraft:plains (29 chunks), Current: 46, -52
[13Aug2026 06:27:14.865] [Server thread/INFO] [net.minecraft.server.MinecraftServer/]: [Chunky] Task running for minecraft:overworld. Processed: 13534 chunks (1.76%), ETA: 4:59:50, Rate: 42 cps, Surface biomes: minecraft:plains (42 chunks), Current: 37, -56
[13Aug2026 06:27:16.128] [Server thread/INFO] [net.minecraft.server.MinecraftServer/]: [Chunky] Task running for minecraft:overworld. Processed: 13577 chunks (1.77%), ETA: 7:29:44, Rate: 28 cps, Surface biomes: minecraft:plains (17 chunks), minecraft:old_growth_spruce_taiga (11 chunks), Current: 34, -48
[13Aug2026 06:27:17.292] [Server thread/INFO] [net.minecraft.server.MinecraftServer/]: [Chunky] Task running for minecraft:overworld. Processed: 13611 chunks (1.77%), ETA: 6:10:21, Rate: 34 cps, Surface biomes: minecraft:plains (34 chunks), Current: 37, -42
[13Aug2026 06:27:18.376] [Server thread/INFO] [net.minecraft.server.MinecraftServer/]: [Chunky] Task running for minecraft:overworld. Processed: 13627 chunks (1.77%), ETA: 13:06:58, Rate: 16 cps, Surface biomes: minecraft:plains (16 chunks), Current: 35, -40
[13Aug2026 06:27:19.448] [Server thread/INFO] [net.minecraft.server.MinecraftServer/]: [Chunky] Task running for minecraft:overworld. Processed: 13684 chunks (1.78%), ETA: 4:11:48, Rate: 50 cps, Surface biomes: minecraft:plains (42 chunks), minecraft:river (8 chunks), Current: 37, -40
[13Aug2026 06:27:20.798] [Server thread/INFO] [net.minecraft.server.MinecraftServer/]: [Chunky] Task running for minecraft:overworld. Processed: 13727 chunks (1.78%), ETA: 8:44:35, Rate: 24 cps, Surface biomes: minecraft:plains (18 chunks), minecraft:river (6 chunks), Current: 43, -36
[13Aug2026 06:27:21.838] [Server thread/INFO] [net.minecraft.server.MinecraftServer/]: [Chunky] Task running for minecraft:overworld. Processed: 13781 chunks (1.79%), ETA: 6:46:06, Rate: 31 cps, Surface biomes: minecraft:plains (24 chunks), minecraft:river (7 chunks), Current: 43, -44
[13Aug2026 06:27:22.841] [Server thread/INFO] [net.minecraft.server.MinecraftServer/]: [Chunky] Task running for minecraft:overworld. Processed: 13811 chunks (1.80%), ETA: 3:53:07, Rate: 54 cps, Surface biomes: minecraft:plains (47 chunks), minecraft:river (7 chunks), Current: 44, -46
[13Aug2026 06:27:23.925] [Server thread/INFO] [net.minecraft.server.MinecraftServer/]: [Chunky] Task running for minecraft:overworld. Processed: 13848 chunks (1.80%), ETA: 6:10:14, Rate: 34 cps, Surface biomes: minecraft:plains (34 chunks), Current: 51, -43
[13Aug2026 06:27:24.938] [Server thread/INFO] [net.minecraft.server.MinecraftServer/]: [Chunky] Task running for minecraft:overworld. Processed: 13894 chunks (1.81%), ETA: 6:33:21, Rate: 32 cps, Surface biomes: minecraft:plains (32 chunks), Current: 49, -39
[13Aug2026 06:27:25.939] [Server thread/INFO] [net.minecraft.server.MinecraftServer/]: [Chunky] Task running for minecraft:overworld. Processed: 13987 chunks (1.82%), ETA: 4:39:40, Rate: 45 cps, Surface biomes: minecraft:plains (45 chunks), Current: 60, -38
[13Aug2026 06:27:27.583] [Server thread/INFO] [net.minecraft.server.MinecraftServer/]: [Chunky] Task running for minecraft:overworld. Processed: 14085 chunks (1.83%), ETA: 2:47:47, Rate: 75 cps, Surface biomes: minecraft:plains (75 chunks), Current: 62, -54
[13Aug2026 06:27:29.717] [Server thread/INFO] [net.minecraft.server.MinecraftServer/]: [Chunky] Task running for minecraft:overworld. Processed: 14110 chunks (1.83%), ETA: 8:23:20, Rate: 25 cps, Surface biomes: minecraft:plains (19 chunks), minecraft:river (4 chunks), minecraft:old_growth_spruce_taiga (2 chunks), Current: 58, -51
[13Aug2026 06:27:30.788] [Server thread/INFO] [net.minecraft.server.MinecraftServer/]: [Chunky] Task running for minecraft:overworld. Processed: 14161 chunks (1.84%), ETA: 4:11:39, Rate: 50 cps, Surface biomes: minecraft:plains (46 chunks), minecraft:river (4 chunks), Current: 50, -53
[13Aug2026 06:27:31.791] [Server thread/INFO] [net.minecraft.server.MinecraftServer/]: [Chunky] Task running for minecraft:overworld. Processed: 14196 chunks (1.85%), ETA: 26:12:46, Rate: 8 cps, Surface biomes: minecraft:plains (8 chunks), Current: 54, -56
[13Aug2026 06:27:32.838] [Server thread/INFO] [net.minecraft.server.MinecraftServer/]: [Chunky] Task running for minecraft:overworld. Processed: 14237 chunks (1.85%), ETA: 5:31:05, Rate: 38 cps, Surface biomes: minecraft:plains (36 chunks), minecraft:river (2 chunks), Current: 49, -60
[13Aug2026 06:27:33.888] [Server thread/INFO] [net.minecraft.server.MinecraftServer/]: [Chunky] Task running for minecraft:overworld. Processed: 14302 chunks (1.86%), ETA: 5:49:27, Rate: 36 cps, Surface biomes: minecraft:river (21 chunks), minecraft:plains (8 chunks), minecraft:old_growth_pine_taiga (4 chunks), minecraft:deep_cold_ocean (3 chunks), Current: 59, -57
[13Aug2026 06:27:34.938] [Server thread/INFO] [net.minecraft.server.MinecraftServer/]: [Chunky] Task running for minecraft:overworld. Processed: 14329 chunks (1.86%), ETA: 3:26:13, Rate: 61 cps, Surface biomes: minecraft:old_growth_pine_taiga (34 chunks), minecraft:river (10 chunks), minecraft:old_growth_spruce_taiga (8 chunks), minecraft:plains (6 chunks), minecraft:deep_cold_ocean (3 chunks), Current: 60, -64
[13Aug2026 06:27:35.988] [Server thread/INFO] [net.minecraft.server.MinecraftServer/]: [Chunky] Task running for minecraft:overworld. Processed: 14344 chunks (1.86%), ETA: 6:59:19, Rate: 30 cps, Surface biomes: minecraft:old_growth_spruce_taiga (30 chunks), Current: 3, -64
[13Aug2026 06:27:37.049] [Server thread/INFO] [net.minecraft.server.MinecraftServer/]: [Chunky] Task running for minecraft:overworld. Processed: 14386 chunks (1.87%), ETA: 5:06:48, Rate: 41 cps, Surface biomes: minecraft:old_growth_spruce_taiga (41 chunks), Current: 7, -61
[13Aug2026 06:27:38.788] [Server thread/INFO] [net.minecraft.server.MinecraftServer/]: [Chunky] Task running for minecraft:overworld. Processed: 14406 chunks (1.87%), ETA: 10:28:56, Rate: 20 cps, Surface biomes: minecraft:old_growth_spruce_taiga (20 chunks), Current: 10, -61
[13Aug2026 06:27:40.036] [Server thread/INFO] [net.minecraft.server.MinecraftServer/]: [Chunky] Task running for minecraft:overworld. Processed: 14461 chunks (1.88%), ETA: 4:22:02, Rate: 48 cps, Surface biomes: minecraft:old_growth_spruce_taiga (48 chunks), Current: 15, -60
[13Aug2026 06:27:41.163] [Server thread/INFO] [net.minecraft.server.MinecraftServer/]: [Chunky] Task running for minecraft:overworld. Processed: 14473 chunks (1.88%), ETA: 17:28:08, Rate: 12 cps, Surface biomes: minecraft:old_growth_spruce_taiga (12 chunks), Current: 8, -54
[13Aug2026 06:27:42.215] [Server thread/INFO] [net.minecraft.server.MinecraftServer/]: [Chunky] Task running for minecraft:overworld. Processed: 14521 chunks (1.89%), ETA: 4:22:01, Rate: 48 cps, Surface biomes: minecraft:old_growth_spruce_taiga (28 chunks), minecraft:river (14 chunks), minecraft:plains (6 chunks), Current: 5, -56
[13Aug2026 06:27:43.854] [Server thread/INFO] [net.minecraft.server.MinecraftServer/]: [Chunky] Task running for minecraft:overworld. Processed: 14570 chunks (1.89%), ETA: 4:21:59, Rate: 48 cps, Surface biomes: minecraft:old_growth_spruce_taiga (48 chunks), Current: 1, -55
[13Aug2026 06:27:44.032] [Server thread/WARN] [net.minecraft.server.MinecraftServer/]: Can't keep up! Is the server overloaded? Running 3144ms or 62 ticks behind
[13Aug2026 06:27:44.893] [Server thread/INFO] [net.minecraft.server.MinecraftServer/]: [Chunky] Task running for minecraft:overworld. Processed: 14615 chunks (1.90%), ETA: 9:31:36, Rate: 22 cps, Surface biomes: minecraft:old_growth_spruce_taiga (22 chunks), Current: 7, -48
[13Aug2026 06:27:45.902] [Server thread/INFO] [net.minecraft.server.MinecraftServer/]: [Chunky] Task running for minecraft:overworld. Processed: 14643 chunks (1.90%), ETA: 8:03:38, Rate: 26 cps, Surface biomes: minecraft:old_growth_spruce_taiga (14 chunks), minecraft:old_growth_pine_taiga (12 chunks), Current: 1, -44
[13Aug2026 06:27:46.911] [Server thread/INFO] [net.minecraft.server.MinecraftServer/]: [Chunky] Task running for minecraft:overworld. Processed: 14675 chunks (1.91%), ETA: 5:59:15, Rate: 35 cps, Surface biomes: minecraft:river (11 chunks), minecraft:old_growth_spruce_taiga (9 chunks), minecraft:plains (9 chunks), minecraft:old_growth_pine_taiga (6 chunks), Current: 0, -35
[13Aug2026 06:27:48.053] [Server thread/INFO] [net.minecraft.server.MinecraftServer/]: [Chunky] Task running for minecraft:overworld. Processed: 14721 chunks (1.91%), ETA: 11:01:45, Rate: 19 cps, Surface biomes: minecraft:plains (19 chunks), Current: 8, -37
[13Aug2026 06:27:49.987] [Server thread/INFO] [net.minecraft.server.MinecraftServer/]: [Chunky] Task running for minecraft:overworld. Processed: 14765 chunks (1.92%), ETA: 4:45:44, Rate: 44 cps, Surface biomes: minecraft:plains (32 chunks), minecraft:river (12 chunks), Current: 14, -37
[13Aug2026 06:27:51.038] [Server thread/INFO] [net.minecraft.server.MinecraftServer/]: [Chunky] Task running for minecraft:overworld. Processed: 14818 chunks (1.93%), ETA: 4:27:29, Rate: 47 cps, Surface biomes: minecraft:plains (25 chunks), minecraft:old_growth_spruce_taiga (15 chunks), minecraft:river (7 chunks), Current: 13, -46
[13Aug2026 06:27:52.044] [Server thread/INFO] [net.minecraft.server.MinecraftServer/]: [Chunky] Task running for minecraft:overworld. Processed: 14859 chunks (1.93%), ETA: 5:06:36, Rate: 41 cps, Surface biomes: minecraft:plains (32 chunks), minecraft:river (9 chunks), Current: 18, -45
[13Aug2026 06:27:53.488] [Server thread/INFO] [net.minecraft.server.MinecraftServer/]: [Chunky] Task running for minecraft:overworld. Processed: 14869 chunks (1.93%), ETA: 23:16:46, Rate: 9 cps, Surface biomes: minecraft:plains (9 chunks), Current: 22, -47
[13Aug2026 06:27:54.538] [Server thread/INFO] [net.minecraft.server.MinecraftServer/]: [Chunky] Task running for minecraft:overworld. Processed: 14895 chunks (1.94%), ETA: 20:57:03, Rate: 10 cps, Surface biomes: minecraft:plains (10 chunks), Current: 17, -42
[13Aug2026 06:27:56.000] [Server thread/INFO] [net.minecraft.server.MinecraftServer/]: [Chunky] Task running for minecraft:overworld. Processed: 14976 chunks (1.95%), ETA: 5:22:17, Rate: 39 cps, Surface biomes: minecraft:plains (33 chunks), minecraft:river (5 chunks), minecraft:forest (1 chunks), Current: 23, -40
[13Aug2026 06:27:57.014] [Server thread/INFO] [net.minecraft.server.MinecraftServer/]: [Chunky] Task running for minecraft:overworld. Processed: 15075 chunks (1.96%), ETA: 2:08:14, Rate: 98 cps, Surface biomes: minecraft:plains (85 chunks), minecraft:river (13 chunks), Current: 26, -46
[13Aug2026 06:27:58.038] [Server thread/INFO] [net.minecraft.server.MinecraftServer/]: [Chunky] Task running for minecraft:overworld. Processed: 15123 chunks (1.97%), ETA: 4:21:48, Rate: 48 cps, Surface biomes: minecraft:plains (34 chunks), minecraft:old_growth_spruce_taiga (14 chunks), Current: 31, -54
[13Aug2026 06:28:00.041] [Server thread/INFO] [net.minecraft.server.MinecraftServer/]: [Chunky] Task running for minecraft:overworld. Processed: 15125 chunks (1.97%), ETA: 104:43:22, Rate: 2 cps, Surface biomes: minecraft:old_growth_spruce_taiga (2 chunks), Current: 26, -54
[13Aug2026 06:28:01.638] [Server thread/INFO] [net.minecraft.server.MinecraftServer/]: [Chunky] Task running for minecraft:overworld. Processed: 15173 chunks (1.97%), ETA: 4:21:47, Rate: 48 cps, Surface biomes: minecraft:old_growth_spruce_taiga (25 chunks), minecraft:plains (20 chunks), minecraft:river (3 chunks), Current: 16, -49
[13Aug2026 06:28:02.688] [Server thread/INFO] [net.minecraft.server.MinecraftServer/]: [Chunky] Task running for minecraft:overworld. Processed: 15206 chunks (1.98%), ETA: 9:06:19, Rate: 23 cps, Surface biomes: minecraft:plains (19 chunks), minecraft:river (3 chunks), minecraft:old_growth_spruce_taiga (1 chunks), Current: 23, -52
[13Aug2026 06:28:03.697] [Server thread/INFO] [net.minecraft.server.MinecraftServer/]: [Chunky] Task running for minecraft:overworld. Processed: 15244 chunks (1.98%), ETA: 8:43:31, Rate: 24 cps, Surface biomes: minecraft:plains (11 chunks), minecraft:old_growth_spruce_taiga (8 chunks), minecraft:river (5 chunks), Current: 22, -59
[13Aug2026 06:28:04.738] [Server thread/INFO] [net.minecraft.server.MinecraftServer/]: [Chunky] Task running for minecraft:overworld. Processed: 15268 chunks (1.99%), ETA: 5:30:38, Rate: 38 cps, Surface biomes: minecraft:old_growth_spruce_taiga (27 chunks), minecraft:river (11 chunks), Current: 19, -62
[13Aug2026 06:28:05.788] [Server thread/INFO] [net.minecraft.server.MinecraftServer/]: [Chunky] Task running for minecraft:overworld. Processed: 15329 chunks (1.99%), ETA: 9:06:13, Rate: 23 cps, Surface biomes: minecraft:old_growth_spruce_taiga (23 chunks), Current: 28, -60
[13Aug2026 06:28:09.588] [Server thread/INFO] [net.minecraft.server.MinecraftServer/]: [Chunky] Task running for minecraft:overworld. Processed: 15361 chunks (2.00%), ETA: 6:45:15, Rate: 31 cps, Surface biomes: minecraft:old_growth_spruce_taiga (25 chunks), minecraft:river (6 chunks), Current: -31, -63
[13Aug2026 06:28:10.589] [Server thread/INFO] [net.minecraft.server.MinecraftServer/]: [Chunky] Task running for minecraft:overworld. Processed: 15383 chunks (2.00%), ETA: 52:20:36, Rate: 4 cps, Surface biomes: minecraft:old_growth_spruce_taiga (4 chunks), Current: -31, -57
[13Aug2026 06:28:12.673] [Server thread/INFO] [net.minecraft.server.MinecraftServer/]: [Chunky] Task running for minecraft:overworld. Processed: 15432 chunks (2.01%), ETA: 3:07:29, Rate: 67 cps, Surface biomes: minecraft:old_growth_spruce_taiga (47 chunks), minecraft:river (13 chunks), minecraft:old_growth_pine_taiga (4 chunks), minecraft:plains (3 chunks), Current: -22, -62
[13Aug2026 06:28:12.988] [Server thread/WARN] [net.minecraft.server.MinecraftServer/]: Can't keep up! Is the server overloaded? Running 2400ms or 48 ticks behind
[13Aug2026 06:28:14.487] [Server thread/INFO] [net.minecraft.server.MinecraftServer/]: [Chunky] Task running for minecraft:overworld. Processed: 15489 chunks (2.01%), ETA: 5:30:32, Rate: 38 cps, Surface biomes: minecraft:old_growth_pine_taiga (23 chunks), minecraft:river (8 chunks), minecraft:old_growth_spruce_taiga (7 chunks), Current: -22, -56
[13Aug2026 06:28:15.774] [Server thread/INFO] [net.minecraft.server.MinecraftServer/]: [Chunky] Task running for minecraft:overworld. Processed: 15532 chunks (2.02%), ETA: 4:52:05, Rate: 43 cps, Surface biomes: minecraft:old_growth_pine_taiga (41 chunks), minecraft:plains (2 chunks), Current: -19, -50
[13Aug2026 06:28:17.276] [Server thread/INFO] [net.minecraft.server.MinecraftServer/]: [Chunky] Task running for minecraft:overworld. Processed: 15615 chunks (2.03%), ETA: 6:20:33, Rate: 33 cps, Surface biomes: minecraft:old_growth_pine_taiga (27 chunks), minecraft:plains (4 chunks), minecraft:meadow (1 chunks), minecraft:old_growth_spruce_taiga (1 chunks), Current: -32, -50
[13Aug2026 06:28:18.310] [Server thread/INFO] [net.minecraft.server.MinecraftServer/]: [Chunky] Task running for minecraft:overworld. Processed: 15634 chunks (2.03%), ETA: 11:37:40, Rate: 18 cps, Surface biomes: minecraft:plains (13 chunks), minecraft:old_growth_pine_taiga (5 chunks), Current: -27, -48
[13Aug2026 06:28:19.336] [Server thread/INFO] [net.minecraft.server.MinecraftServer/]: [Chunky] Task running for minecraft:overworld. Processed: 15661 chunks (2.04%), ETA: 8:43:14, Rate: 24 cps, Surface biomes: minecraft:meadow (13 chunks), minecraft:plains (8 chunks), minecraft:old_growth_pine_taiga (3 chunks), Current: -27, -42
[13Aug2026 06:28:20.492] [Server thread/INFO] [net.minecraft.server.MinecraftServer/]: [Chunky] Task running for minecraft:overworld. Processed: 15682 chunks (2.04%), ETA: 8:22:17, Rate: 25 cps, Surface biomes: minecraft:river (11 chunks), minecraft:old_growth_pine_taiga (8 chunks), minecraft:plains (6 chunks), Current: -31, -40
[13Aug2026 06:28:22.292] [Server thread/INFO] [net.minecraft.server.MinecraftServer/]: [Chunky] Task running for minecraft:overworld. Processed: 15713 chunks (2.04%), ETA: 6:45:03, Rate: 31 cps, Surface biomes: minecraft:old_growth_pine_taiga (31 chunks), Current: -27, -39
[13Aug2026 06:28:23.388] [Server thread/INFO] [net.minecraft.server.MinecraftServer/]: [Chunky] Task running for minecraft:overworld. Processed: 15782 chunks (2.05%), ETA: 3:52:30, Rate: 54 cps, Surface biomes: minecraft:old_growth_pine_taiga (38 chunks), minecraft:river (12 chunks), minecraft:plains (4 chunks), Current: -19, -35
[13Aug2026 06:28:24.398] [Server thread/INFO] [net.minecraft.server.MinecraftServer/]: [Chunky] Task running for minecraft:overworld. Processed: 15802 chunks (2.05%), ETA: 11:37:31, Rate: 18 cps, Surface biomes: minecraft:old_growth_pine_taiga (11 chunks), minecraft:river (5 chunks), minecraft:meadow (2 chunks), Current: -18, -42
[13Aug2026 06:28:25.414] [Server thread/INFO] [net.minecraft.server.MinecraftServer/]: [Chunky] Task running for minecraft:overworld. Processed: 15853 chunks (2.06%), ETA: 3:25:48, Rate: 61 cps, Surface biomes: minecraft:old_growth_pine_taiga (29 chunks), minecraft:old_growth_spruce_taiga (24 chunks), minecraft:plains (5 chunks), minecraft:river (3 chunks), Current: -22, -47
[13Aug2026 06:28:27.040] [Server thread/INFO] [net.minecraft.server.MinecraftServer/]: [Chunky] Task running for minecraft:overworld. Processed: 15905 chunks (2.07%), ETA: 34:52:17, Rate: 6 cps, Surface biomes: minecraft:old_growth_pine_taiga (6 chunks), Current: -15, -44
[13Aug2026 06:28:28.170] [Server thread/INFO] [net.minecraft.server.MinecraftServer/]: [Chunky] Task running for minecraft:overworld. Processed: 15991 chunks (2.08%), ETA: 2:25:57, Rate: 86 cps, Surface biomes: minecraft:old_growth_pine_taiga (67 chunks), minecraft:plains (8 chunks), minecraft:meadow (5 chunks), minecraft:old_growth_spruce_taiga (4 chunks), minecraft:river (2 chunks), Current: -10, -36
[13Aug2026 06:28:29.236] [Server thread/INFO] [net.minecraft.server.MinecraftServer/]: [Chunky] Task running for minecraft:overworld. Processed: 16097 chunks (2.09%), ETA: 2:05:30, Rate: 100 cps, Surface biomes: minecraft:old_growth_pine_taiga (64 chunks), minecraft:plains (25 chunks), minecraft:river (10 chunks), minecraft:old_growth_spruce_taiga (1 chunks), Current: -2, -45
[13Aug2026 06:28:30.938] [Server thread/INFO] [net.minecraft.server.MinecraftServer/]: [Chunky] Task running for minecraft:overworld. Processed: 16135 chunks (2.10%), ETA: 4:45:13, Rate: 44 cps, Surface biomes: minecraft:old_growth_pine_taiga (43 chunks), minecraft:old_growth_spruce_taiga (1 chunks), Current: -3, -51
[13Aug2026 06:28:32.438] [Server thread/INFO] [net.minecraft.server.MinecraftServer/]: [Chunky] Task running for minecraft:overworld. Processed: 16209 chunks (2.11%), ETA: 2:51:53, Rate: 73 cps, Surface biomes: minecraft:old_growth_spruce_taiga (46 chunks), minecraft:old_growth_pine_taiga (27 chunks), Current: -16, -52
[13Aug2026 06:28:33.488] [Server thread/INFO] [net.minecraft.server.MinecraftServer/]: [Chunky] Task running for minecraft:overworld. Processed: 16227 chunks (2.11%), ETA: 17:25:41, Rate: 12 cps, Surface biomes: minecraft:old_growth_pine_taiga (12 chunks), Current: -16, -53
[13Aug2026 06:28:34.538] [Server thread/INFO] [net.minecraft.server.MinecraftServer/]: [Chunky] Task running for minecraft:overworld. Processed: 16302 chunks (2.12%), ETA: 5:39:06, Rate: 37 cps, Surface biomes: minecraft:old_growth_pine_taiga (22 chunks), minecraft:old_growth_spruce_taiga (14 chunks), minecraft:river (1 chunks), Current: -14, -63
[13Aug2026 06:28:35.795] [Server thread/INFO] [net.minecraft.server.MinecraftServer/]: [Chunky] Task running for minecraft:overworld. Processed: 16313 chunks (2.12%), ETA: 4:26:57, Rate: 47 cps, Surface biomes: minecraft:old_growth_spruce_taiga (29 chunks), minecraft:river (13 chunks), minecraft:old_growth_pine_taiga (5 chunks), Current: -10, -61
[13Aug2026 06:28:42.217] [Server thread/INFO] [net.minecraft.server.MinecraftServer/]: [Chunky] Task running for minecraft:overworld. Processed: 16385 chunks (2.13%), ETA: 4:05:59, Rate: 51 cps, Surface biomes: minecraft:old_growth_spruce_taiga (41 chunks), minecraft:river (10 chunks), Current: -63, -62
[13Aug2026 06:28:42.986] [Server thread/WARN] [net.minecraft.server.MinecraftServer/]: Can't keep up! Is the server overloaded? Running 2597ms or 51 ticks behind
[13Aug2026 06:28:43.996] [Server thread/INFO] [net.minecraft.server.MinecraftServer/]: [Chunky] Task running for minecraft:overworld. Processed: 16463 chunks (2.14%), ETA: 2:42:54, Rate: 77 cps, Surface biomes: minecraft:meadow (33 chunks), minecraft:plains (20 chunks), minecraft:river (18 chunks), minecraft:windswept_hills (6 chunks), Current: -54, -64
[13Aug2026 06:28:45.040] [Server thread/INFO] [net.minecraft.server.MinecraftServer/]: [Chunky] Task running for minecraft:overworld. Processed: 16491 chunks (2.14%), ETA: 9:57:19, Rate: 21 cps, Surface biomes: minecraft:meadow (11 chunks), minecraft:plains (10 chunks), Current: -54, -59
[13Aug2026 06:28:46.878] [Server thread/INFO] [net.minecraft.server.MinecraftServer/]: [Chunky] Task running for minecraft:overworld. Processed: 16535 chunks (2.15%), ETA: 4:45:04, Rate: 44 cps, Surface biomes: minecraft:plains (15 chunks), minecraft:meadow (13 chunks), minecraft:river (11 chunks), minecraft:old_growth_pine_taiga (5 chunks), Current: -56, -52
[13Aug2026 06:28:48.241] [Server thread/INFO] [net.minecraft.server.MinecraftServer/]: [Chunky] Task running for minecraft:overworld. Processed: 16589 chunks (2.16%), ETA: 4:05:55, Rate: 51 cps, Surface biomes: minecraft:plains (27 chunks), minecraft:old_growth_pine_taiga (13 chunks), minecraft:meadow (11 chunks), Current: -61, -56
[13Aug2026 06:28:50.309] [Server thread/INFO] [net.minecraft.server.MinecraftServer/]: [Chunky] Task running for minecraft:overworld. Processed: 16635 chunks (2.16%), ETA: 4:32:38, Rate: 46 cps, Surface biomes: minecraft:meadow (18 chunks), minecraft:river (11 chunks), minecraft:plains (9 chunks), minecraft:windswept_hills (8 chunks), Current: -63, -50
[13Aug2026 06:28:51.408] [Server thread/INFO] [net.minecraft.server.MinecraftServer/]: [Chunky] Task running for minecraft:overworld. Processed: 16685 chunks (2.17%), ETA: 4:10:48, Rate: 50 cps, Surface biomes: minecraft:plains (38 chunks), minecraft:meadow (12 chunks), Current: -61, -44
[13Aug2026 06:28:52.417] [Server thread/INFO] [net.minecraft.server.MinecraftServer/]: [Chunky] Task running for minecraft:overworld. Processed: 16713 chunks (2.17%), ETA: 69:40:05, Rate: 3 cps, Surface biomes: minecraft:meadow (2 chunks), minecraft:plains (1 chunks), Current: -63, -39
[13Aug2026 06:28:53.588] [Server thread/INFO] [net.minecraft.server.MinecraftServer/]: [Chunky] Task running for minecraft:overworld. Processed: 16735 chunks (2.18%), ETA: 4:26:48, Rate: 47 cps, Surface biomes: minecraft:meadow (40 chunks), minecraft:plains (7 chunks), Current: -61, -36
[13Aug2026 06:28:54.638] [Server thread/INFO] [net.minecraft.server.MinecraftServer/]: [Chunky] Task running for minecraft:overworld. Processed: 16752 chunks (2.18%), ETA: 104:29:48, Rate: 2 cps, Surface biomes: minecraft:meadow (2 chunks), Current: -57, -37
[13Aug2026 06:28:56.308] [Server thread/INFO] [net.minecraft.server.MinecraftServer/]: [Chunky] Task running for minecraft:overworld. Processed: 16832 chunks (2.19%), ETA: 3:32:30, Rate: 59 cps, Surface biomes: minecraft:plains (29 chunks), minecraft:old_growth_pine_taiga (27 chunks), minecraft:meadow (3 chunks), Current: -51, -41
[13Aug2026 06:28:57.524] [Server thread/INFO] [net.minecraft.server.MinecraftServer/]: [Chunky] Task running for minecraft:overworld. Processed: 16897 chunks (2.20%), ETA: 3:12:52, Rate: 65 cps, Surface biomes: minecraft:old_growth_pine_taiga (53 chunks), minecraft:plains (12 chunks), Current: -48, -48
[13Aug2026 06:28:58.851] [Server thread/INFO] [net.minecraft.server.MinecraftServer/]: [Chunky] Task running for minecraft:overworld. Processed: 16961 chunks (2.21%), ETA: 5:29:53, Rate: 38 cps, Surface biomes: minecraft:old_growth_pine_taiga (38 chunks), Current: -48, -37
[13Aug2026 06:28:59.858] [Server thread/INFO] [net.minecraft.server.MinecraftServer/]: [Chunky] Task running for minecraft:overworld. Processed: 17018 chunks (2.21%), ETA: 4:58:27, Rate: 42 cps, Surface biomes: minecraft:old_growth_pine_taiga (41 chunks), minecraft:plains (1 chunks), Current: -41, -39
[13Aug2026 06:29:01.588] [Server thread/INFO] [net.minecraft.server.MinecraftServer/]: [Chunky] Task running for minecraft:overworld. Processed: 17025 chunks (2.21%), ETA: 4:21:08, Rate: 48 cps, Surface biomes: minecraft:old_growth_pine_taiga (48 chunks), Current: -35, -34
[13Aug2026 06:29:02.595] [Server thread/INFO] [net.minecraft.server.MinecraftServer/]: [Chunky] Task running for minecraft:overworld. Processed: 17083 chunks (2.22%), ETA: 9:29:43, Rate: 22 cps, Surface biomes: minecraft:old_growth_pine_taiga (18 chunks), minecraft:river (4 chunks), Current: -34, -39
[13Aug2026 06:29:03.638] [Server thread/INFO] [net.minecraft.server.MinecraftServer/]: [Chunky] Task running for minecraft:overworld. Processed: 17147 chunks (2.23%), ETA: 2:29:12, Rate: 84 cps, Surface biomes: minecraft:old_growth_pine_taiga (68 chunks), minecraft:river (16 chunks), Current: -33, -46
[13Aug2026 06:29:04.838] [Server thread/INFO] [net.minecraft.server.MinecraftServer/]: [Chunky] Task running for minecraft:overworld. Processed: 17160 chunks (2.23%), ETA: 9:56:48, Rate: 21 cps, Surface biomes: minecraft:old_growth_pine_taiga (20 chunks), minecraft:plains (1 chunks), Current: -33, -55
[13Aug2026 06:29:05.938] [Server thread/INFO] [net.minecraft.server.MinecraftServer/]: [Chunky] Task running for minecraft:overworld. Processed: 17182 chunks (2.23%), ETA: 17:24:22, Rate: 12 cps, Surface biomes: minecraft:old_growth_pine_taiga (9 chunks), minecraft:plains (3 chunks), Current: -37, -49
[13Aug2026 06:29:06.988] [Server thread/INFO] [net.minecraft.server.MinecraftServer/]: [Chunky] Task running for minecraft:overworld. Processed: 17238 chunks (2.24%), ETA: 9:29:36, Rate: 22 cps, Surface biomes: minecraft:old_growth_pine_taiga (21 chunks), minecraft:plains (1 chunks), Current: -47, -49
[13Aug2026 06:29:07.991] [Server thread/INFO] [net.minecraft.server.MinecraftServer/]: [Chunky] Task running for minecraft:overworld. Processed: 17274 chunks (2.25%), ETA: 3:56:25, Rate: 53 cps, Surface biomes: minecraft:old_growth_pine_taiga (53 chunks), Current: -43, -53
[13Aug2026 06:29:09.038] [Server thread/INFO] [net.minecraft.server.MinecraftServer/]: [Chunky] Task running for minecraft:overworld. Processed: 17314 chunks (2.25%), ETA: 5:29:44, Rate: 38 cps, Surface biomes: minecraft:old_growth_pine_taiga (23 chunks), minecraft:plains (7 chunks), minecraft:river (6 chunks), minecraft:old_growth_spruce_taiga (2 chunks), Current: -47, -61
[13Aug2026 06:29:10.120] [Server thread/INFO] [net.minecraft.server.MinecraftServer/]: [Chunky] Task running for minecraft:overworld. Processed: 17372 chunks (2.26%), ETA: 3:39:48, Rate: 57 cps, Surface biomes: minecraft:plains (30 chunks), minecraft:old_growth_spruce_taiga (16 chunks), minecraft:old_growth_pine_taiga (4 chunks), minecraft:river (4 chunks), minecraft:meadow (3 chunks), Current: -38, -59
[13Aug2026 06:29:11.654] [Server thread/INFO] [net.minecraft.server.MinecraftServer/]: [Chunky] Task running for minecraft:overworld. Processed: 17409 chunks (2.26%), ETA: 34:48:06, Rate: 6 cps, Surface biomes: minecraft:river (4 chunks), minecraft:old_growth_pine_taiga (2 chunks), Current: -63, -32
[13Aug2026 06:29:13.094] [Server thread/INFO] [net.minecraft.server.MinecraftServer/]: [Chunky] Task running for minecraft:overworld. Processed: 17431 chunks (2.27%), ETA: 52:12:04, Rate: 4 cps, Surface biomes: minecraft:river (3 chunks), minecraft:windswept_hills (1 chunks), Current: -63, -26
[13Aug2026 06:29:13.103] [Server thread/WARN] [net.minecraft.server.MinecraftServer/]: Can't keep up! Is the server overloaded? Running 2415ms or 48 ticks behind
[13Aug2026 06:29:14.246] [Server thread/INFO] [net.minecraft.server.MinecraftServer/]: [Chunky] Task running for minecraft:overworld. Processed: 17481 chunks (2.27%), ETA: 4:10:32, Rate: 50 cps, Surface biomes: minecraft:meadow (19 chunks), minecraft:windswept_hills (13 chunks), minecraft:plains (12 chunks), minecraft:river (6 chunks), Current: -54, -32
[13Aug2026 06:29:15.622] [Server thread/INFO] [net.minecraft.server.MinecraftServer/]: [Chunky] Task running for minecraft:overworld. Processed: 17540 chunks (2.28%), ETA: 3:32:18, Rate: 59 cps, Surface biomes: minecraft:plains (31 chunks), minecraft:meadow (27 chunks), minecraft:old_growth_pine_taiga (1 chunks), Current: -54, -23
[13Aug2026 06:29:16.663] [Server thread/INFO] [net.minecraft.server.MinecraftServer/]: [Chunky] Task running for minecraft:overworld. Processed: 17565 chunks (2.28%), ETA: 9:04:36, Rate: 23 cps, Surface biomes: minecraft:meadow (20 chunks), minecraft:plains (3 chunks), Current: -49, -21
[13Aug2026 06:29:17.991] [Server thread/INFO] [net.minecraft.server.MinecraftServer/]: [Chunky] Task running for minecraft:overworld. Processed: 17581 chunks (2.29%), ETA: 14:54:42, Rate: 14 cps, Surface biomes: minecraft:meadow (12 chunks), minecraft:plains (2 chunks), Current: -53, -19
[13Aug2026 06:29:20.002] [Server thread/INFO] [net.minecraft.server.MinecraftServer/]: [Chunky] Task running for minecraft:overworld. Processed: 17591 chunks (2.29%), ETA: 69:35:12, Rate: 3 cps, Surface biomes: minecraft:plains (2 chunks), minecraft:meadow (1 chunks), Current: -54, -18
[13Aug2026 06:29:21.218] [Server thread/INFO] [net.minecraft.server.MinecraftServer/]: [Chunky] Task running for minecraft:overworld. Processed: 17639 chunks (2.29%), ETA: 4:20:56, Rate: 48 cps, Surface biomes: minecraft:meadow (22 chunks), minecraft:windswept_hills (15 chunks), minecraft:river (9 chunks), minecraft:plains (2 chunks), Current: -62, -21
[13Aug2026 06:29:22.345] [Server thread/INFO] [net.minecraft.server.MinecraftServer/]: [Chunky] Task running for minecraft:overworld. Processed: 17681 chunks (2.30%), ETA: 6:08:21, Rate: 34 cps, Surface biomes: minecraft:river (16 chunks), minecraft:plains (6 chunks), minecraft:windswept_hills (5 chunks), minecraft:meadow (4 chunks), minecraft:deep_cold_ocean (2 chunks), minecraft:old_growth_spruce_taiga (1 chunks), Current: -60, -16
[13Aug2026 06:29:23.464] [Server thread/INFO] [net.minecraft.server.MinecraftServer/]: [Chunky] Task running for minecraft:overworld. Processed: 17686 chunks (2.30%), ETA: 16:03:23, Rate: 13 cps, Surface biomes: minecraft:river (8 chunks), minecraft:old_growth_spruce_taiga (2 chunks), minecraft:plains (2 chunks), minecraft:deep_cold_ocean (1 chunks), Current: -59, -13
[13Aug2026 06:29:25.825] [Server thread/INFO] [net.minecraft.server.MinecraftServer/]: [Chunky] Task running for minecraft:overworld. Processed: 17737 chunks (2.31%), ETA: 34:47:12, Rate: 6 cps, Surface biomes: minecraft:deep_cold_ocean (3 chunks), minecraft:river (3 chunks), Current: -60, -7
[13Aug2026 06:29:27.268] [Server thread/INFO] [net.minecraft.server.MinecraftServer/]: [Chunky] Task running for minecraft:overworld. Processed: 17793 chunks (2.31%), ETA: 34:47:02, Rate: 6 cps, Surface biomes: minecraft:old_growth_spruce_taiga (4 chunks), minecraft:plains (1 chunks), minecraft:river (1 chunks), Current: -56, -6
[13Aug2026 06:29:28.616] [Server thread/INFO] [net.minecraft.server.MinecraftServer/]: [Chunky] Task running for minecraft:overworld. Processed: 17827 chunks (2.32%), ETA: 6:08:17, Rate: 34 cps, Surface biomes: minecraft:old_growth_spruce_taiga (19 chunks), minecraft:river (11 chunks), minecraft:deep_cold_ocean (3 chunks), minecraft:plains (1 chunks), Current: -52, -2
[13Aug2026 06:29:31.550] [Server thread/INFO] [net.minecraft.server.MinecraftServer/]: [Chunky] Task running for minecraft:overworld. Processed: 17837 chunks (2.32%), ETA: 20:52:09, Rate: 10 cps, Surface biomes: minecraft:old_growth_spruce_taiga (5 chunks), minecraft:river (4 chunks), minecraft:deep_cold_ocean (1 chunks), Current: -49, -8
[13Aug2026 06:29:33.645] [Server thread/INFO] [net.minecraft.server.MinecraftServer/]: [Chunky] Task running for minecraft:overworld. Processed: 17937 chunks (2.33%), ETA: 9:29:05, Rate: 22 cps, Surface biomes: minecraft:windswept_hills (15 chunks), minecraft:river (4 chunks), minecraft:meadow (2 chunks), minecraft:plains (1 chunks), Current: -44, -16
[13Aug2026 06:29:34.334] [Server thread/WARN] [net.minecraft.server.MinecraftServer/]: Can't keep up! Is the server overloaded? Running 6246ms or 124 ticks behind
[13Aug2026 06:29:36.038] [Server thread/INFO] [net.minecraft.server.MinecraftServer/]: [Chunky] Task running for minecraft:overworld. Processed: 17997 chunks (2.34%), ETA: 18:58:04, Rate: 11 cps, Surface biomes: minecraft:river (6 chunks), minecraft:deep_cold_ocean (4 chunks), minecraft:plains (1 chunks), Current: -48, -5
[13Aug2026 06:29:37.188] [Server thread/INFO] [net.minecraft.server.MinecraftServer/]: [Chunky] Task running for minecraft:overworld. Processed: 18017 chunks (2.34%), ETA: 10:58:52, Rate: 19 cps, Surface biomes: minecraft:river (10 chunks), minecraft:old_growth_spruce_taiga (4 chunks), minecraft:plains (4 chunks), minecraft:deep_ocean (1 chunks), Current: -44, -4
[13Aug2026 06:29:38.200] [Server thread/INFO] [net.minecraft.server.MinecraftServer/]: [Chunky] Task running for minecraft:overworld. Processed: 18061 chunks (2.35%), ETA: 5:29:24, Rate: 38 cps, Surface biomes: minecraft:river (10 chunks), minecraft:old_growth_spruce_taiga (8 chunks), minecraft:plains (6 chunks), minecraft:windswept_hills (6 chunks), minecraft:dark_forest (5 chunks), minecraft:deep_ocean (3 chunks), Current: -39, -5
[13Aug2026 06:29:39.238] [Server thread/INFO] [net.minecraft.server.MinecraftServer/]: [Chunky] Task running for minecraft:overworld. Processed: 18112 chunks (2.35%), ETA: 4:15:26, Rate: 49 cps, Surface biomes: minecraft:windswept_hills (18 chunks), minecraft:river (17 chunks), minecraft:plains (8 chunks), minecraft:dark_forest (3 chunks), minecraft:deep_ocean (3 chunks), Current: -33, -8
[13Aug2026 06:29:40.288] [Server thread/INFO] [net.minecraft.server.MinecraftServer/]: [Chunky] Task running for minecraft:overworld. Processed: 18161 chunks (2.36%), ETA: 4:10:19, Rate: 50 cps, Surface biomes: minecraft:plains (25 chunks), minecraft:windswept_hills (23 chunks), minecraft:dark_forest (1 chunks), minecraft:meadow (1 chunks), Current: -36, -15
[13Aug2026 06:29:41.351] [Server thread/INFO] [net.minecraft.server.MinecraftServer/]: [Chunky] Task running for minecraft:overworld. Processed: 18261 chunks (2.37%), ETA: 3:09:36, Rate: 66 cps, Surface biomes: minecraft:plains (35 chunks), minecraft:dark_forest (28 chunks), minecraft:windswept_hills (3 chunks), Current: -48, -19
[13Aug2026 06:29:42.352] [Server thread/INFO] [net.minecraft.server.MinecraftServer/]: [Chunky] Task running for minecraft:overworld. Processed: 18349 chunks (2.39%), ETA: 2:36:24, Rate: 80 cps, Surface biomes: minecraft:plains (36 chunks), minecraft:meadow (30 chunks), minecraft:windswept_hills (7 chunks), minecraft:dark_forest (6 chunks), minecraft:river (1 chunks), Current: -43, -31
[13Aug2026 06:29:44.888] [Server thread/INFO] [net.minecraft.server.MinecraftServer/]: [Chunky] Task running for minecraft:overworld. Processed: 18433 chunks (2.40%), ETA: 1:33:22, Rate: 134 cps, Surface biomes: minecraft:old_growth_pine_taiga (55 chunks), minecraft:dark_forest (35 chunks), minecraft:plains (29 chunks), minecraft:river (8 chunks), minecraft:old_growth_spruce_taiga (7 chunks), Current: -63, 0
[13Aug2026 06:29:45.938] [Server thread/INFO] [net.minecraft.server.MinecraftServer/]: [Chunky] Task running for minecraft:overworld. Processed: 18476 chunks (2.40%), ETA: 69:30:17, Rate: 3 cps, Surface biomes: minecraft:deep_cold_ocean (3 chunks), Current: -63, 6
[13Aug2026 06:29:46.988] [Server thread/INFO] [net.minecraft.server.MinecraftServer/]: [Chunky] Task running for minecraft:overworld. Processed: 18512 chunks (2.41%), ETA: 4:57:51, Rate: 42 cps, Surface biomes: minecraft:deep_cold_ocean (42 chunks), Current: -53, 3
[13Aug2026 06:29:48.038] [Server thread/INFO] [net.minecraft.server.MinecraftServer/]: [Chunky] Task running for minecraft:overworld. Processed: 18559 chunks (2.41%), ETA: 4:57:50, Rate: 42 cps, Surface biomes: minecraft:deep_cold_ocean (38 chunks), minecraft:river (2 chunks), minecraft:old_growth_spruce_taiga (1 chunks), minecraft:plains (1 chunks), Current: -55, 7
[13Aug2026 06:29:49.152] [Server thread/INFO] [net.minecraft.server.MinecraftServer/]: [Chunky] Task running for minecraft:overworld. Processed: 18589 chunks (2.42%), ETA: 6:56:58, Rate: 30 cps, Surface biomes: minecraft:deep_cold_ocean (30 chunks), Current: -51, 11
[13Aug2026 06:29:50.188] [Server thread/INFO] [net.minecraft.server.MinecraftServer/]: [Chunky] Task running for minecraft:overworld. Processed: 18643 chunks (2.42%), ETA: 5:05:04, Rate: 41 cps, Surface biomes: minecraft:deep_cold_ocean (41 chunks), Current: -60, 9
[13Aug2026 06:29:51.238] [Server thread/INFO] [net.minecraft.server.MinecraftServer/]: [Chunky] Task running for minecraft:overworld. Processed: 18669 chunks (2.43%), ETA: 6:56:55, Rate: 30 cps, Surface biomes: minecraft:deep_cold_ocean (30 chunks), Current: -64, 10
[13Aug2026 06:29:52.295] [Server thread/INFO] [net.minecraft.server.MinecraftServer/]: [Chunky] Task running for minecraft:overworld. Processed: 18722 chunks (2.43%), ETA: 3:55:58, Rate: 53 cps, Surface biomes: minecraft:deep_cold_ocean (53 chunks), Current: -60, 21
[13Aug2026 06:29:53.333] [Server thread/INFO] [net.minecraft.server.MinecraftServer/]: [Chunky] Task running for minecraft:overworld. Processed: 18743 chunks (2.44%), ETA: 8:41:06, Rate: 24 cps, Surface biomes: minecraft:deep_cold_ocean (24 chunks), Current: -58, 23
[13Aug2026 06:29:54.383] [Server thread/INFO] [net.minecraft.server.MinecraftServer/]: [Chunky] Task running for minecraft:overworld. Processed: 18789 chunks (2.44%), ETA: 5:57:18, Rate: 35 cps, Surface biomes: minecraft:deep_cold_ocean (35 chunks), Current: -62, 31
[13Aug2026 06:29:55.413] [Server thread/INFO] [net.minecraft.server.MinecraftServer/]: [Chunky] Task running for minecraft:overworld. Processed: 18823 chunks (2.45%), ETA: 4:26:03, Rate: 47 cps, Surface biomes: minecraft:deep_cold_ocean (47 chunks), Current: -55, 24
[13Aug2026 06:29:56.420] [Server thread/INFO] [net.minecraft.server.MinecraftServer/]: [Chunky] Task running for minecraft:overworld. Processed: 18874 chunks (2.45%), ETA: 3:51:33, Rate: 54 cps, Surface biomes: minecraft:deep_cold_ocean (54 chunks), Current: -52, 24
[13Aug2026 06:29:57.914] [Server thread/INFO] [net.minecraft.server.MinecraftServer/]: [Chunky] Task running for minecraft:overworld. Processed: 18945 chunks (2.46%), ETA: 2:53:39, Rate: 72 cps, Surface biomes: minecraft:deep_cold_ocean (72 chunks), Current: -48, 17
[13Aug2026 06:29:58.234] [Server thread/WARN] [net.minecraft.server.MinecraftServer/]: Can't keep up! Is the server overloaded? Running 2696ms or 53 ticks behind
[13Aug2026 06:29:58.956] [Server thread/INFO] [net.minecraft.server.MinecraftServer/]: [Chunky] Task running for minecraft:overworld. Processed: 18977 chunks (2.47%), ETA: 208:22:32, Rate: 1 cps, Surface biomes: minecraft:deep_cold_ocean (1 chunks), Current: -48, 21
[13Aug2026 06:30:00.273] [Server thread/INFO] [net.minecraft.server.MinecraftServer/]: [Chunky] Task running for minecraft:overworld. Processed: 19025 chunks (2.47%), ETA: 4:44:07, Rate: 44 cps, Surface biomes: minecraft:deep_ocean (24 chunks), minecraft:deep_cold_ocean (9 chunks), minecraft:dark_forest (8 chunks), minecraft:river (2 chunks), minecraft:plains (1 chunks), Current: -47, 28
[13Aug2026 06:30:01.993] [Server thread/INFO] [net.minecraft.server.MinecraftServer/]: [Chunky] Task running for minecraft:overworld. Processed: 19073 chunks (2.48%), ETA: 4:20:26, Rate: 48 cps, Surface biomes: minecraft:plains (19 chunks), minecraft:deep_ocean (16 chunks), minecraft:deep_cold_ocean (12 chunks), minecraft:dark_forest (1 chunks), Current: -40, 25
[13Aug2026 06:30:02.998] [Server thread/INFO] [net.minecraft.server.MinecraftServer/]: [Chunky] Task running for minecraft:overworld. Processed: 19155 chunks (2.49%), ETA: 208:19:34, Rate: 1 cps, Surface biomes: minecraft:plains (1 chunks), Current: -37, 22
[13Aug2026 06:30:04.187] [Server thread/INFO] [net.minecraft.server.MinecraftServer/]: [Chunky] Task running for minecraft:overworld. Processed: 19204 chunks (2.50%), ETA: 5:04:50, Rate: 41 cps, Surface biomes: minecraft:dark_forest (18 chunks), minecraft:plains (18 chunks), minecraft:river (3 chunks), minecraft:windswept_hills (2 chunks), Current: -35, 15
[13Aug2026 06:30:05.404] [Server thread/INFO] [net.minecraft.server.MinecraftServer/]: [Chunky] Task running for minecraft:overworld. Processed: 19225 chunks (2.50%), ETA: 9:55:09, Rate: 21 cps, Surface biomes: minecraft:plains (16 chunks), minecraft:river (5 chunks), Current: -35, 11
[13Aug2026 06:30:06.688] [Server thread/INFO] [net.minecraft.server.MinecraftServer/]: [Chunky] Task running for minecraft:overworld. Processed: 19273 chunks (2.51%), ETA: 5:12:26, Rate: 40 cps, Surface biomes: minecraft:dark_forest (25 chunks), minecraft:river (13 chunks), minecraft:plains (2 chunks), Current: -47, 13
[13Aug2026 06:30:07.690] [Server thread/INFO] [net.minecraft.server.MinecraftServer/]: [Chunky] Task running for minecraft:overworld. Processed: 19308 chunks (2.51%), ETA: 9:28:02, Rate: 22 cps, Surface biomes: minecraft:dark_forest (10 chunks), minecraft:river (8 chunks), minecraft:deep_cold_ocean (3 chunks), minecraft:deep_ocean (1 chunks), Current: -44, 11
[13Aug2026 06:30:08.738] [Server thread/INFO] [net.minecraft.server.MinecraftServer/]: [Chunky] Task running for minecraft:overworld. Processed: 19359 chunks (2.52%), ETA: 5:04:47, Rate: 41 cps, Surface biomes: minecraft:deep_cold_ocean (19 chunks), minecraft:dark_forest (16 chunks), minecraft:snowy_taiga (2 chunks), minecraft:deep_frozen_ocean (1 chunks), minecraft:deep_ocean (1 chunks), minecraft:river (1 chunks), minecraft:snowy_plains (1 chunks), Current: -48, 5
[13Aug2026 06:30:09.788] [Server thread/INFO] [net.minecraft.server.MinecraftServer/]: [Chunky] Task running for minecraft:overworld. Processed: 19424 chunks (2.53%), ETA: 4:20:18, Rate: 48 cps, Surface biomes: minecraft:dark_forest (13 chunks), minecraft:old_growth_spruce_taiga (11 chunks), minecraft:deep_cold_ocean (8 chunks), minecraft:river (8 chunks), minecraft:plains (5 chunks), minecraft:snowy_taiga (2 chunks), minecraft:taiga (1 chunks), Current: -37, 5
[13Aug2026 06:30:10.883] [Server thread/INFO] [net.minecraft.server.MinecraftServer/]: [Chunky] Task running for minecraft:overworld. Processed: 19466 chunks (2.53%), ETA: 3:18:19, Rate: 63 cps, Surface biomes: minecraft:river (23 chunks), minecraft:dark_forest (18 chunks), minecraft:plains (14 chunks), minecraft:deep_ocean (5 chunks), minecraft:old_growth_spruce_taiga (3 chunks), Current: -61, 34
[13Aug2026 06:30:12.318] [Server thread/INFO] [net.minecraft.server.MinecraftServer/]: [Chunky] Task running for minecraft:overworld. Processed: 19491 chunks (2.53%), ETA: 11:34:06, Rate: 18 cps, Surface biomes: minecraft:deep_cold_ocean (18 chunks), Current: -60, 37
[13Aug2026 06:30:13.456] [Server thread/INFO] [net.minecraft.server.MinecraftServer/]: [Chunky] Task running for minecraft:overworld. Processed: 19541 chunks (2.54%), ETA: 4:09:51, Rate: 50 cps, Surface biomes: minecraft:deep_cold_ocean (50 chunks), Current: -49, 33
[13Aug2026 06:30:14.769] [Server thread/INFO] [net.minecraft.server.MinecraftServer/]: [Chunky] Task running for minecraft:overworld. Processed: 19591 chunks (2.55%), ETA: 4:09:50, Rate: 50 cps, Surface biomes: minecraft:deep_cold_ocean (50 chunks), Current: -55, 42
[13Aug2026 06:30:15.775] [Server thread/INFO] [net.minecraft.server.MinecraftServer/]: [Chunky] Task running for minecraft:overworld. Processed: 19642 chunks (2.55%), ETA: 5:12:17, Rate: 40 cps, Surface biomes: minecraft:deep_cold_ocean (40 chunks), Current: -57, 42
[13Aug2026 06:30:16.983] [Server thread/INFO] [net.minecraft.server.MinecraftServer/]: [Chunky] Task running for minecraft:overworld. Processed: 19685 chunks (2.56%), ETA: 9:27:45, Rate: 22 cps, Surface biomes: minecraft:deep_cold_ocean (22 chunks), Current: -62, 40
[13Aug2026 06:30:18.188] [Server thread/INFO] [net.minecraft.server.MinecraftServer/]: [Chunky] Task running for minecraft:overworld. Processed: 19717 chunks (2.56%), ETA: 6:42:54, Rate: 31 cps, Surface biomes: minecraft:deep_cold_ocean (31 chunks), Current: -62, 48
[13Aug2026 06:30:19.738] [Server thread/INFO] [net.minecraft.server.MinecraftServer/]: [Chunky] Task running for minecraft:overworld. Processed: 19760 chunks (2.57%), ETA: 4:50:27, Rate: 43 cps, Surface biomes: minecraft:deep_cold_ocean (43 chunks), Current: -61, 52
[13Aug2026 06:30:20.105] [Server thread/WARN] [net.minecraft.server.MinecraftServer/]: Can't keep up! Is the server overloaded? Running 6917ms or 138 ticks behind
[13Aug2026 06:30:21.088] [Server thread/INFO] [net.minecraft.server.MinecraftServer/]: [Chunky] Task running for minecraft:overworld. Processed: 19810 chunks (2.58%), ETA: 4:09:46, Rate: 50 cps, Surface biomes: minecraft:deep_cold_ocean (50 chunks), Current: -60, 58
[13Aug2026 06:30:22.138] [Server thread/INFO] [net.minecraft.server.MinecraftServer/]: [Chunky] Task running for minecraft:overworld. Processed: 19833 chunks (2.58%), ETA: 9:54:40, Rate: 21 cps, Surface biomes: minecraft:deep_cold_ocean (21 chunks), Current: -58, 61
[13Aug2026 06:30:23.188] [Server thread/INFO] [net.minecraft.server.MinecraftServer/]: [Chunky] Task running for minecraft:overworld. Processed: 19871 chunks (2.58%), ETA: 5:37:30, Rate: 37 cps, Surface biomes: minecraft:deep_cold_ocean (37 chunks), Current: -53, 62
[13Aug2026 06:30:24.238] [Server thread/INFO] [net.minecraft.server.MinecraftServer/]: [Chunky] Task running for minecraft:overworld. Processed: 19927 chunks (2.59%), ETA: 4:14:49, Rate: 49 cps, Surface biomes: minecraft:deep_cold_ocean (49 chunks), Current: -55, 54
[13Aug2026 06:30:25.290] [Server thread/INFO] [net.minecraft.server.MinecraftServer/]: [Chunky] Task running for minecraft:overworld. Processed: 19958 chunks (2.59%), ETA: 5:46:50, Rate: 36 cps, Surface biomes: minecraft:deep_cold_ocean (36 chunks), Current: -51, 49
[13Aug2026 06:30:26.392] [Server thread/INFO] [net.minecraft.server.MinecraftServer/]: [Chunky] Task running for minecraft:overworld. Processed: 20017 chunks (2.60%), ETA: 3:15:04, Rate: 64 cps, Surface biomes: minecraft:deep_cold_ocean (41 chunks), minecraft:plains (20 chunks), minecraft:old_growth_pine_taiga (3 chunks), Current: -48, 54
[13Aug2026 06:30:27.578] [Server thread/INFO] [net.minecraft.server.MinecraftServer/]: [Chunky] Task running for minecraft:overworld. Processed: 20060 chunks (2.61%), ETA: 4:50:20, Rate: 43 cps, Surface biomes: minecraft:deep_cold_ocean (37 chunks), minecraft:plains (3 chunks), minecraft:meadow (2 chunks), minecraft:old_growth_pine_taiga (1 chunks), Current: -44, 59
[13Aug2026 06:30:28.621] [Server thread/INFO] [net.minecraft.server.MinecraftServer/]: [Chunky] Task running for minecraft:overworld. Processed: 20199 chunks (2.63%), ETA: 3:55:30, Rate: 53 cps, Surface biomes: minecraft:plains (32 chunks), minecraft:meadow (13 chunks), minecraft:deep_cold_ocean (6 chunks), minecraft:old_growth_pine_taiga (1 chunks), minecraft:windswept_hills (1 chunks), Current: -37, 51
[13Aug2026 06:30:29.956] [Server thread/INFO] [net.minecraft.server.MinecraftServer/]: [Chunky] Task running for minecraft:overworld. Processed: 20253 chunks (2.63%), ETA: 1:47:35, Rate: 116 cps, Surface biomes: minecraft:plains (51 chunks), minecraft:meadow (32 chunks), minecraft:river (14 chunks), minecraft:windswept_hills (12 chunks), minecraft:dark_forest (6 chunks), minecraft:old_growth_pine_taiga (1 chunks), Current: -37, 40
[13Aug2026 06:30:30.988] [Server thread/INFO] [net.minecraft.server.MinecraftServer/]: [Chunky] Task running for minecraft:overworld. Processed: 20312 chunks (2.64%), ETA: 4:37:20, Rate: 45 cps, Surface biomes: minecraft:plains (36 chunks), minecraft:windswept_hills (6 chunks), minecraft:dark_forest (3 chunks), Current: -48, 43
[13Aug2026 06:30:31.997] [Server thread/INFO] [net.minecraft.server.MinecraftServer/]: [Chunky] Task running for minecraft:overworld. Processed: 20349 chunks (2.65%), ETA: 5:19:59, Rate: 39 cps, Surface biomes: minecraft:plains (22 chunks), minecraft:deep_cold_ocean (10 chunks), minecraft:dark_forest (7 chunks), Current: -42, 41
[13Aug2026 06:30:33.088] [Server thread/INFO] [net.minecraft.server.MinecraftServer/]: [Chunky] Task running for minecraft:overworld. Processed: 20385 chunks (2.65%), ETA: 5:56:32, Rate: 35 cps, Surface biomes: minecraft:dark_forest (16 chunks), minecraft:deep_cold_ocean (8 chunks), minecraft:deep_ocean (8 chunks), minecraft:plains (3 chunks), Current: -47, 35
[13Aug2026 06:30:34.138] [Server thread/INFO] [net.minecraft.server.MinecraftServer/]: [Chunky] Task running for minecraft:overworld. Processed: 20447 chunks (2.66%), ETA: 3:24:33, Rate: 61 cps, Surface biomes: minecraft:plains (30 chunks), minecraft:deep_cold_ocean (10 chunks), minecraft:deep_ocean (9 chunks), minecraft:dark_forest (6 chunks), minecraft:river (6 chunks), Current: -37, 37
[13Aug2026 06:30:35.146] [Server thread/INFO] [net.minecraft.server.MinecraftServer/]: [Chunky] Task running for minecraft:overworld. Processed: 20474 chunks (2.66%), ETA: 8:19:06, Rate: 25 cps, Surface biomes: minecraft:plains (12 chunks), minecraft:river (9 chunks), minecraft:windswept_hills (4 chunks), Current: -35, 33
[13Aug2026 06:30:36.288] [Server thread/INFO] [net.minecraft.server.MinecraftServer/]: [Chunky] Task running for minecraft:overworld. Processed: 20501 chunks (2.67%), ETA: 7:42:06, Rate: 27 cps, Surface biomes: minecraft:deep_cold_ocean (17 chunks), minecraft:plains (10 chunks), Current: -63, 70
[13Aug2026 06:30:37.338] [Server thread/INFO] [net.minecraft.server.MinecraftServer/]: [Chunky] Task running for minecraft:overworld. Processed: 20512 chunks (2.67%), ETA: 29:42:25, Rate: 7 cps, Surface biomes: minecraft:deep_cold_ocean (7 chunks), Current: -61, 71
[13Aug2026 06:30:38.702] [Server thread/INFO] [net.minecraft.server.MinecraftServer/]: [Chunky] Task running for minecraft:overworld. Processed: 20569 chunks (2.67%), ETA: 3:14:56, Rate: 64 cps, Surface biomes: minecraft:deep_cold_ocean (64 chunks), Current: -51, 66
[13Aug2026 06:30:39.760] [Server thread/INFO] [net.minecraft.server.MinecraftServer/]: [Chunky] Task running for minecraft:overworld. Processed: 20621 chunks (2.68%), ETA: 6:18:02, Rate: 33 cps, Surface biomes: minecraft:deep_cold_ocean (33 chunks), Current: -53, 72
[13Aug2026 06:30:40.762] [Server thread/INFO] [net.minecraft.server.MinecraftServer/]: [Chunky] Task running for minecraft:overworld. Processed: 20696 chunks (2.69%), ETA: 6:29:48, Rate: 32 cps, Surface biomes: minecraft:deep_cold_ocean (32 chunks), Current: -59, 72
[13Aug2026 06:30:41.781] [Server thread/INFO] [net.minecraft.server.MinecraftServer/]: [Chunky] Task running for minecraft:overworld. Processed: 20731 chunks (2.70%), ETA: 2:37:53, Rate: 79 cps, Surface biomes: minecraft:deep_cold_ocean (79 chunks), Current: -61, 79
[13Aug2026 06:30:43.059] [Server thread/INFO] [net.minecraft.server.MinecraftServer/]: [Chunky] Task running for minecraft:overworld. Processed: 20771 chunks (2.70%), ETA: 7:25:27, Rate: 28 cps, Surface biomes: minecraft:deep_cold_ocean (28 chunks), Current: -62, 84
[13Aug2026 06:30:43.236] [Server thread/WARN] [net.minecraft.server.MinecraftServer/]: Can't keep up! Is the server overloaded? Running 2498ms or 49 ticks behind
[13Aug2026 06:30:44.717] [Server thread/INFO] [net.minecraft.server.MinecraftServer/]: [Chunky] Task running for minecraft:overworld. Processed: 20821 chunks (2.71%), ETA: 4:09:26, Rate: 50 cps, Surface biomes: minecraft:deep_cold_ocean (50 chunks), Current: -59, 90
[13Aug2026 06:30:45.730] [Server thread/INFO] [net.minecraft.server.MinecraftServer/]: [Chunky] Task running for minecraft:overworld. Processed: 20892 chunks (2.72%), ETA: 4:43:25, Rate: 44 cps, Surface biomes: minecraft:deep_cold_ocean (44 chunks), Current: -54, 94
[13Aug2026 06:30:46.847] [Server thread/INFO] [net.minecraft.server.MinecraftServer/]: [Chunky] Task running for minecraft:overworld. Processed: 20912 chunks (2.72%), ETA: 6:17:53, Rate: 33 cps, Surface biomes: minecraft:deep_cold_ocean (33 chunks), Current: -51, 91
[13Aug2026 06:30:47.972] [Server thread/INFO] [net.minecraft.server.MinecraftServer/]: [Chunky] Task running for minecraft:overworld. Processed: 21009 chunks (2.73%), ETA: 12:13:27, Rate: 17 cps, Surface biomes: minecraft:deep_cold_ocean (17 chunks), Current: -44, 80
[13Aug2026 06:30:49.888] [Server thread/INFO] [net.minecraft.server.MinecraftServer/]: [Chunky] Task running for minecraft:overworld. Processed: 21012 chunks (2.73%), ETA: 2:08:32, Rate: 97 cps, Surface biomes: minecraft:deep_cold_ocean (97 chunks), Current: -44, 82
[13Aug2026 06:30:50.938] [Server thread/INFO] [net.minecraft.server.MinecraftServer/]: [Chunky] Task running for minecraft:overworld. Processed: 21046 chunks (2.74%), ETA: 207:48:03, Rate: 1 cps, Surface biomes: minecraft:deep_cold_ocean (1 chunks), Current: -44, 86
[13Aug2026 06:30:52.238] [Server thread/INFO] [net.minecraft.server.MinecraftServer/]: [Chunky] Task running for minecraft:overworld. Processed: 21109 chunks (2.74%), ETA: 5:36:56, Rate: 37 cps, Surface biomes: minecraft:deep_cold_ocean (37 chunks), Current: -42, 90
[13Aug2026 06:30:53.288] [Server thread/INFO] [net.minecraft.server.MinecraftServer/]: [Chunky] Task running for minecraft:overworld. Processed: 21152 chunks (2.75%), ETA: 5:19:38, Rate: 39 cps, Surface biomes: minecraft:deep_cold_ocean (39 chunks), Current: -37, 95
[13Aug2026 06:30:54.338] [Server thread/INFO] [net.minecraft.server.MinecraftServer/]: [Chunky] Task running for minecraft:overworld. Processed: 21178 chunks (2.75%), ETA: 13:51:03, Rate: 15 cps, Surface biomes: minecraft:deep_cold_ocean (15 chunks), Current: -36, 87
[13Aug2026 06:30:55.342] [Server thread/INFO] [net.minecraft.server.MinecraftServer/]: [Chunky] Task running for minecraft:overworld. Processed: 21211 chunks (2.76%), ETA: 4:56:47, Rate: 42 cps, Surface biomes: minecraft:deep_cold_ocean (42 chunks), Current: -39, 85
[13Aug2026 06:30:58.447] [Server thread/INFO] [net.minecraft.server.MinecraftServer/]: [Chunky] Task running for minecraft:overworld. Processed: 21263 chunks (2.76%), ETA: 51:56:06, Rate: 4 cps, Surface biomes: minecraft:plains (4 chunks), Current: -37, 78
[13Aug2026 06:30:59.728] [Server thread/INFO] [net.minecraft.server.MinecraftServer/]: [Chunky] Task running for minecraft:overworld. Processed: 21382 chunks (2.78%), ETA: 2:31:58, Rate: 82 cps, Surface biomes: minecraft:deep_cold_ocean (51 chunks), minecraft:plains (27 chunks), minecraft:old_growth_spruce_taiga (3 chunks), minecraft:old_growth_pine_taiga (1 chunks), Current: -44, 71
[13Aug2026 06:31:00.782] [Server thread/INFO] [net.minecraft.server.MinecraftServer/]: [Chunky] Task running for minecraft:overworld. Processed: 21481 chunks (2.79%), ETA: 2:09:48, Rate: 96 cps, Surface biomes: minecraft:deep_cold_ocean (83 chunks), minecraft:plains (11 chunks), minecraft:old_growth_pine_taiga (2 chunks), Current: -34, 70
[13Aug2026 06:31:01.015] [Server thread/WARN] [net.minecraft.server.MinecraftServer/]: Can't keep up! Is the server overloaded? Running 2827ms or 56 ticks behind
[13Aug2026 06:31:02.338] [Server thread/INFO] [net.minecraft.server.MinecraftServer/]: [Chunky] Task running for minecraft:overworld. Processed: 21510 chunks (2.80%), ETA: 3:00:35, Rate: 69 cps, Surface biomes: minecraft:plains (38 chunks), minecraft:meadow (13 chunks), minecraft:old_growth_pine_taiga (9 chunks), minecraft:old_growth_spruce_taiga (7 chunks), minecraft:river (2 chunks), Current: -32, 68
[13Aug2026 06:31:03.400] [Server thread/INFO] [net.minecraft.server.MinecraftServer/]: [Chunky] Task running for minecraft:overworld. Processed: 21552 chunks (2.80%), ETA: 6:55:19, Rate: 30 cps, Surface biomes: minecraft:plains (21 chunks), minecraft:river (8 chunks), minecraft:old_growth_pine_taiga (1 chunks), Current: -26, 70
[13Aug2026 06:31:04.438] [Server thread/INFO] [net.minecraft.server.MinecraftServer/]: [Chunky] Task running for minecraft:overworld. Processed: 21599 chunks (2.81%), ETA: 4:19:33, Rate: 48 cps, Surface biomes: minecraft:meadow (34 chunks), minecraft:plains (14 chunks), Current: -18, 67
[13Aug2026 06:31:05.489] [Server thread/INFO] [net.minecraft.server.MinecraftServer/]: [Chunky] Task running for minecraft:overworld. Processed: 21646 chunks (2.81%), ETA: 7:41:24, Rate: 27 cps, Surface biomes: minecraft:meadow (27 chunks), Current: -22, 75
[13Aug2026 06:31:07.288] [Server thread/INFO] [net.minecraft.server.MinecraftServer/]: [Chunky] Task running for minecraft:overworld. Processed: 21677 chunks (2.82%), ETA: 34:36:15, Rate: 6 cps, Surface biomes: minecraft:meadow (6 chunks), Current: -17, 79
[13Aug2026 06:31:08.338] [Server thread/INFO] [net.minecraft.server.MinecraftServer/]: [Chunky] Task running for minecraft:overworld. Processed: 21727 chunks (2.82%), ETA: 6:55:13, Rate: 30 cps, Surface biomes: minecraft:plains (27 chunks), minecraft:meadow (3 chunks), Current: -28, 75
[13Aug2026 06:31:09.388] [Server thread/INFO] [net.minecraft.server.MinecraftServer/]: [Chunky] Task running for minecraft:overworld. Processed: 21747 chunks (2.83%), ETA: 5:55:53, Rate: 35 cps, Surface biomes: minecraft:plains (23 chunks), minecraft:river (11 chunks), minecraft:windswept_hills (1 chunks), Current: -30, 76
[13Aug2026 06:31:10.905] [Server thread/INFO] [net.minecraft.server.MinecraftServer/]: [Chunky] Task running for minecraft:overworld. Processed: 21824 chunks (2.84%), ETA: 9:53:05, Rate: 21 cps, Surface biomes: minecraft:plains (14 chunks), minecraft:river (7 chunks), Current: -32, 87
[13Aug2026 06:31:12.147] [Server thread/INFO] [net.minecraft.server.MinecraftServer/]: [Chunky] Task running for minecraft:overworld. Processed: 21889 chunks (2.85%), ETA: 3:14:35, Rate: 64 cps, Surface biomes: minecraft:plains (37 chunks), minecraft:deep_cold_ocean (27 chunks), Current: -24, 89
[13Aug2026 06:31:13.569] [Server thread/INFO] [net.minecraft.server.MinecraftServer/]: [Chunky] Task running for minecraft:overworld. Processed: 21925 chunks (2.85%), ETA: 51:53:21, Rate: 4 cps, Surface biomes: minecraft:plains (4 chunks), Current: -20, 94
[13Aug2026 06:31:14.694] [Server thread/INFO] [net.minecraft.server.MinecraftServer/]: [Chunky] Task running for minecraft:overworld. Processed: 21957 chunks (2.85%), ETA: 3:59:28, Rate: 52 cps, Surface biomes: minecraft:plains (49 chunks), minecraft:meadow (3 chunks), Current: -17, 85
[13Aug2026 06:31:16.140] [Server thread/INFO] [net.minecraft.server.MinecraftServer/]: [Chunky] Task running for minecraft:overworld. Processed: 22025 chunks (2.86%), ETA: 6:06:13, Rate: 34 cps, Surface biomes: minecraft:plains (25 chunks), minecraft:meadow (5 chunks), minecraft:river (4 chunks), Current: -14, 80
[13Aug2026 06:31:17.537] [Server thread/INFO] [net.minecraft.server.MinecraftServer/]: [Chunky] Task running for minecraft:overworld. Processed: 22099 chunks (2.87%), ETA: 3:42:19, Rate: 56 cps, Surface biomes: minecraft:meadow (35 chunks), minecraft:windswept_hills (8 chunks), minecraft:plains (7 chunks), minecraft:river (6 chunks), Current: -16, 93
[13Aug2026 06:31:18.842] [Server thread/INFO] [net.minecraft.server.MinecraftServer/]: [Chunky] Task running for minecraft:overworld. Processed: 22149 chunks (2.88%), ETA: 4:04:06, Rate: 51 cps, Surface biomes: minecraft:plains (37 chunks), minecraft:meadow (7 chunks), minecraft:windswept_hills (7 chunks), Current: -6, 89
[13Aug2026 06:31:18.952] [Server thread/WARN] [net.minecraft.server.MinecraftServer/]: Can't keep up! Is the server overloaded? Running 2964ms or 59 ticks behind
[13Aug2026 06:31:19.988] [Server thread/INFO] [net.minecraft.server.MinecraftServer/]: [Chunky] Task running for minecraft:overworld. Processed: 22169 chunks (2.88%), ETA: 5:45:48, Rate: 36 cps, Surface biomes: minecraft:meadow (33 chunks), minecraft:windswept_hills (3 chunks), Current: -6, 93
[13Aug2026 06:31:21.038] [Server thread/INFO] [net.minecraft.server.MinecraftServer/]: [Chunky] Task running for minecraft:overworld. Processed: 22199 chunks (2.89%), ETA: 7:09:16, Rate: 29 cps, Surface biomes: minecraft:windswept_hills (26 chunks), minecraft:meadow (3 chunks), Current: -1, 92
[13Aug2026 06:31:22.050] [Server thread/INFO] [net.minecraft.server.MinecraftServer/]: [Chunky] Task running for minecraft:overworld. Processed: 22247 chunks (2.89%), ETA: 4:24:51, Rate: 47 cps, Surface biomes: minecraft:meadow (27 chunks), minecraft:windswept_hills (20 chunks), Current: -8, 82
[13Aug2026 06:31:23.088] [Server thread/INFO] [net.minecraft.server.MinecraftServer/]: [Chunky] Task running for minecraft:overworld. Processed: 22280 chunks (2.90%), ETA: 6:17:11, Rate: 33 cps, Surface biomes: minecraft:meadow (25 chunks), minecraft:desert (5 chunks), minecraft:windswept_hills (2 chunks), minecraft:flower_forest (1 chunks), Current: -4, 78
[13Aug2026 06:31:24.092] [Server thread/INFO] [net.minecraft.server.MinecraftServer/]: [Chunky] Task running for minecraft:overworld. Processed: 22324 chunks (2.90%), ETA: 4:56:21, Rate: 42 cps, Surface biomes: minecraft:meadow (28 chunks), minecraft:windswept_hills (14 chunks), Current: -6, 75
[13Aug2026 06:31:25.188] [Server thread/INFO] [net.minecraft.server.MinecraftServer/]: [Chunky] Task running for minecraft:overworld. Processed: 22364 chunks (2.91%), ETA: 4:56:20, Rate: 42 cps, Surface biomes: minecraft:meadow (42 chunks), Current: -13, 77
[13Aug2026 06:31:26.190] [Server thread/INFO] [net.minecraft.server.MinecraftServer/]: [Chunky] Task running for minecraft:overworld. Processed: 22509 chunks (2.93%), ETA: 1:53:07, Rate: 110 cps, Surface biomes: minecraft:meadow (71 chunks), minecraft:desert (37 chunks), minecraft:plains (1 chunks), minecraft:windswept_hills (1 chunks), Current: -4, 67
[13Aug2026 06:31:27.192] [Server thread/INFO] [net.minecraft.server.MinecraftServer/]: [Chunky] Task running for minecraft:overworld. Processed: 22561 chunks (2.93%), ETA: 2:21:23, Rate: 88 cps, Surface biomes: minecraft:meadow (38 chunks), minecraft:desert (33 chunks), minecraft:windswept_hills (17 chunks), Current: 4, 68
[13Aug2026 06:31:28.218] [Server thread/INFO] [net.minecraft.server.MinecraftServer/]: [Chunky] Task running for minecraft:overworld. Processed: 22621 chunks (2.94%), ETA: 3:42:10, Rate: 56 cps, Surface biomes: minecraft:desert (49 chunks), minecraft:windswept_hills (7 chunks), Current: 15, 67
[13Aug2026 06:31:29.784] [Server thread/INFO] [net.minecraft.server.MinecraftServer/]: [Chunky] Task running for minecraft:overworld. Processed: 22674 chunks (2.95%), ETA: 5:11:01, Rate: 40 cps, Surface biomes: minecraft:desert (31 chunks), minecraft:windswept_hills (9 chunks), Current: 12, 73
[13Aug2026 06:31:30.786] [Server thread/INFO] [net.minecraft.server.MinecraftServer/]: [Chunky] Task running for minecraft:overworld. Processed: 22727 chunks (2.95%), ETA: 9:25:27, Rate: 22 cps, Surface biomes: minecraft:desert (19 chunks), minecraft:windswept_hills (3 chunks), Current: 6, 76
[13Aug2026 06:31:31.888] [Server thread/INFO] [net.minecraft.server.MinecraftServer/]: [Chunky] Task running for minecraft:overworld. Processed: 22774 chunks (2.96%), ETA: 2:12:19, Rate: 94 cps, Surface biomes: minecraft:desert (57 chunks), minecraft:windswept_hills (37 chunks), Current: 0, 77
[13Aug2026 06:31:33.188] [Server thread/INFO] [net.minecraft.server.MinecraftServer/]: [Chunky] Task running for minecraft:overworld. Processed: 22786 chunks (2.96%), ETA: 20:43:54, Rate: 10 cps, Surface biomes: minecraft:desert (6 chunks), minecraft:windswept_hills (4 chunks), Current: 1, 80
[13Aug2026 06:31:34.238] [Server thread/INFO] [net.minecraft.server.MinecraftServer/]: [Chunky] Task running for minecraft:overworld. Processed: 22833 chunks (2.97%), ETA: 4:49:15, Rate: 43 cps, Surface biomes: minecraft:windswept_hills (24 chunks), minecraft:desert (19 chunks), Current: 7, 84
[13Aug2026 06:31:35.288] [Server thread/INFO] [net.minecraft.server.MinecraftServer/]: [Chunky] Task running for minecraft:overworld. Processed: 22876 chunks (2.97%), ETA: 5:36:09, Rate: 37 cps, Surface biomes: minecraft:windswept_hills (36 chunks), minecraft:desert (1 chunks), Current: 3, 92
[13Aug2026 06:31:36.338] [Server thread/INFO] [net.minecraft.server.MinecraftServer/]: [Chunky] Task running for minecraft:overworld. Processed: 22900 chunks (2.98%), ETA: 7:24:11, Rate: 28 cps, Surface biomes: minecraft:windswept_hills (28 chunks), Current: 5, 90
[13Aug2026 06:31:37.388] [Server thread/INFO] [net.minecraft.server.MinecraftServer/]: [Chunky] Task running for minecraft:overworld. Processed: 22918 chunks (2.98%), ETA: 12:11:34, Rate: 17 cps, Surface biomes: minecraft:windswept_hills (17 chunks), Current: 11, 88
[13Aug2026 06:31:38.438] [Server thread/INFO] [net.minecraft.server.MinecraftServer/]: [Chunky] Task running for minecraft:overworld. Processed: 22955 chunks (2.98%), ETA: 5:45:27, Rate: 36 cps, Surface biomes: minecraft:windswept_hills (28 chunks), minecraft:river (5 chunks), minecraft:desert (3 chunks), Current: 14, 94
[13Aug2026 06:31:39.488] [Server thread/INFO] [net.minecraft.server.MinecraftServer/]: [Chunky] Task running for minecraft:overworld. Processed: 23005 chunks (2.99%), ETA: 5:27:14, Rate: 38 cps, Surface biomes: minecraft:windswept_hills (22 chunks), minecraft:river (9 chunks), minecraft:desert (7 chunks), Current: 15, 84
[13Aug2026 06:31:40.565] [Server thread/INFO] [net.minecraft.server.MinecraftServer/]: [Chunky] Task running for minecraft:overworld. Processed: 23055 chunks (3.00%), ETA: 4:49:10, Rate: 43 cps, Surface biomes: minecraft:desert (30 chunks), minecraft:windswept_hills (13 chunks), Current: 18, 80
[13Aug2026 06:31:41.970] [Server thread/INFO] [net.minecraft.server.MinecraftServer/]: [Chunky] Task running for minecraft:overworld. Processed: 23100 chunks (3.00%), ETA: 3:59:06, Rate: 52 cps, Surface biomes: minecraft:windswept_hills (45 chunks), minecraft:desert (6 chunks), minecraft:plains (1 chunks), Current: 22, 87
[13Aug2026 06:31:43.085] [Server thread/INFO] [net.minecraft.server.MinecraftServer/]: [Chunky] Task running for minecraft:overworld. Processed: 23137 chunks (3.01%), ETA: 6:16:45, Rate: 33 cps, Surface biomes: minecraft:windswept_hills (23 chunks), minecraft:river (10 chunks), Current: 20, 90
[13Aug2026 06:31:43.235] [Server thread/WARN] [net.minecraft.server.MinecraftServer/]: Can't keep up! Is the server overloaded? Running 2746ms or 54 ticks behind
[13Aug2026 06:31:44.215] [Server thread/INFO] [net.minecraft.server.MinecraftServer/]: [Chunky] Task running for minecraft:overworld. Processed: 23171 chunks (3.01%), ETA: 6:05:39, Rate: 34 cps, Surface biomes: minecraft:windswept_hills (21 chunks), minecraft:river (8 chunks), minecraft:plains (5 chunks), Current: 25, 89
[13Aug2026 06:31:45.567] [Server thread/INFO] [net.minecraft.server.MinecraftServer/]: [Chunky] Task running for minecraft:overworld. Processed: 23185 chunks (3.01%), ETA: 14:48:01, Rate: 14 cps, Surface biomes: minecraft:plains (9 chunks), minecraft:river (4 chunks), minecraft:windswept_hills (1 chunks), Current: 24, 92
[13Aug2026 06:31:46.789] [Server thread/INFO] [net.minecraft.server.MinecraftServer/]: [Chunky] Task running for minecraft:overworld. Processed: 23234 chunks (3.02%), ETA: 4:13:42, Rate: 49 cps, Surface biomes: minecraft:windswept_hills (19 chunks), minecraft:dark_forest (13 chunks), minecraft:plains (9 chunks), minecraft:river (8 chunks), Current: 24, 87
[13Aug2026 06:31:47.960] [Server thread/INFO] [net.minecraft.server.MinecraftServer/]: [Chunky] Task running for minecraft:overworld. Processed: 23289 chunks (3.03%), ETA: 3:46:00, Rate: 55 cps, Surface biomes: minecraft:windswept_hills (35 chunks), minecraft:plains (13 chunks), minecraft:river (7 chunks), Current: 30, 83
[13Aug2026 06:31:49.031] [Server thread/INFO] [net.minecraft.server.MinecraftServer/]: [Chunky] Task running for minecraft:overworld. Processed: 23390 chunks (3.04%), ETA: 2:06:49, Rate: 98 cps, Surface biomes: minecraft:windswept_hills (80 chunks), minecraft:desert (18 chunks), Current: 18, 77
[13Aug2026 06:31:50.033] [Server thread/INFO] [net.minecraft.server.MinecraftServer/]: [Chunky] Task running for minecraft:overworld. Processed: 23444 chunks (3.05%), ETA: 4:03:41, Rate: 51 cps, Surface biomes: minecraft:desert (49 chunks), minecraft:windswept_hills (2 chunks), Current: 19, 70
[13Aug2026 06:31:51.065] [Server thread/INFO] [net.minecraft.server.MinecraftServer/]: [Chunky] Task running for minecraft:overworld. Processed: 23496 chunks (3.05%), ETA: 3:45:56, Rate: 55 cps, Surface biomes: minecraft:desert (49 chunks), minecraft:windswept_hills (6 chunks), Current: 24, 67
[13Aug2026 06:31:52.088] [Server thread/INFO] [net.minecraft.server.MinecraftServer/]: [Chunky] Task running for minecraft:overworld. Processed: 23533 chunks (3.06%), ETA: 5:45:11, Rate: 36 cps, Surface biomes: minecraft:windswept_hills (34 chunks), minecraft:desert (2 chunks), Current: 30, 71
[13Aug2026 06:31:53.138] [Server thread/INFO] [net.minecraft.server.MinecraftServer/]: [Chunky] Task running for minecraft:overworld. Processed: 23552 chunks (3.06%), ETA: 10:54:00, Rate: 19 cps, Surface biomes: minecraft:windswept_hills (19 chunks), Current: 31, 64
[13Aug2026 06:31:54.188] [Server thread/INFO] [net.minecraft.server.MinecraftServer/]: [Chunky] Task running for minecraft:overworld. Processed: 23600 chunks (3.07%), ETA: 5:26:59, Rate: 38 cps, Surface biomes: minecraft:windswept_hills (30 chunks), minecraft:desert (8 chunks), Current: 36, 67
[13Aug2026 06:31:55.238] [Server thread/INFO] [net.minecraft.server.MinecraftServer/]: [Chunky] Task running for minecraft:overworld. Processed: 23612 chunks (3.07%), ETA: 9:51:40, Rate: 21 cps, Surface biomes: minecraft:windswept_hills (10 chunks), minecraft:river (7 chunks), minecraft:desert (4 chunks), Current: 37, 64
[13Aug2026 06:31:57.988] [Server thread/INFO] [net.minecraft.server.MinecraftServer/]: [Chunky] Task running for minecraft:overworld. Processed: 23671 chunks (3.08%), ETA: 3:23:40, Rate: 61 cps, Surface biomes: minecraft:windswept_hills (45 chunks), minecraft:desert (8 chunks), minecraft:river (8 chunks), Current: 40, 70
[13Aug2026 06:31:59.073] [Server thread/INFO] [net.minecraft.server.MinecraftServer/]: [Chunky] Task running for minecraft:overworld. Processed: 23714 chunks (3.08%), ETA: 4:55:47, Rate: 42 cps, Surface biomes: minecraft:windswept_hills (25 chunks), minecraft:river (12 chunks), minecraft:meadow (5 chunks), Current: 44, 76
[13Aug2026 06:32:00.141] [Server thread/INFO] [net.minecraft.server.MinecraftServer/]: [Chunky] Task running for minecraft:overworld. Processed: 23745 chunks (3.09%), ETA: 6:40:44, Rate: 31 cps, Surface biomes: minecraft:windswept_hills (23 chunks), minecraft:meadow (4 chunks), minecraft:river (2 chunks), minecraft:beach (1 chunks), minecraft:stony_shore (1 chunks), Current: 38, 78
[13Aug2026 06:32:00.793] [Server thread/WARN] [net.minecraft.server.MinecraftServer/]: Can't keep up! Is the server overloaded? Running 2605ms or 52 ticks behind
[13Aug2026 06:32:01.491] [Server thread/INFO] [net.minecraft.server.MinecraftServer/]: [Chunky] Task running for minecraft:overworld. Processed: 23815 chunks (3.10%), ETA: 3:00:01, Rate: 69 cps, Surface biomes: minecraft:desert (31 chunks), minecraft:windswept_hills (20 chunks), minecraft:river (14 chunks), minecraft:beach (3 chunks), minecraft:stony_shore (1 chunks), Current: 34, 80
[13Aug2026 06:32:02.494] [Server thread/INFO] [net.minecraft.server.MinecraftServer/]: [Chunky] Task running for minecraft:overworld. Processed: 23891 chunks (3.11%), ETA: 3:00:00, Rate: 69 cps, Surface biomes: minecraft:windswept_hills (48 chunks), minecraft:river (12 chunks), minecraft:desert (9 chunks), Current: 33, 91
[13Aug2026 06:32:03.538] [Server thread/INFO] [net.minecraft.server.MinecraftServer/]: [Chunky] Task running for minecraft:overworld. Processed: 23920 chunks (3.11%), ETA: 6:54:00, Rate: 30 cps, Surface biomes: minecraft:windswept_hills (29 chunks), minecraft:desert (1 chunks), Current: 38, 89
[13Aug2026 06:32:04.588] [Server thread/INFO] [net.minecraft.server.MinecraftServer/]: [Chunky] Task running for minecraft:overworld. Processed: 23947 chunks (3.11%), ETA: 10:20:59, Rate: 20 cps, Surface biomes: minecraft:windswept_hills (17 chunks), minecraft:desert (3 chunks), Current: 39, 95
[13Aug2026 06:32:05.594] [Server thread/INFO] [net.minecraft.server.MinecraftServer/]: [Chunky] Task running for minecraft:overworld. Processed: 23986 chunks (3.12%), ETA: 6:40:36, Rate: 31 cps, Surface biomes: minecraft:windswept_hills (18 chunks), minecraft:desert (13 chunks), Current: 46, 91
[13Aug2026 06:32:06.638] [Server thread/INFO] [net.minecraft.server.MinecraftServer/]: [Chunky] Task running for minecraft:overworld. Processed: 24041 chunks (3.13%), ETA: 3:20:17, Rate: 62 cps, Surface biomes: minecraft:desert (32 chunks), minecraft:windswept_hills (30 chunks), Current: 40, 81
[13Aug2026 06:32:07.838] [Server thread/INFO] [net.minecraft.server.MinecraftServer/]: [Chunky] Task running for minecraft:overworld. Processed: 24079 chunks (3.13%), ETA: 8:37:23, Rate: 24 cps, Surface biomes: minecraft:desert (12 chunks), minecraft:windswept_hills (12 chunks), Current: 52, 82
[13Aug2026 06:32:08.888] [Server thread/INFO] [net.minecraft.server.MinecraftServer/]: [Chunky] Task running for minecraft:overworld. Processed: 24135 chunks (3.14%), ETA: 6:16:15, Rate: 33 cps, Surface biomes: minecraft:windswept_hills (33 chunks), Current: 51, 88
[13Aug2026 06:32:09.938] [Server thread/INFO] [net.minecraft.server.MinecraftServer/]: [Chunky] Task running for minecraft:overworld. Processed: 24156 chunks (3.14%), ETA: 3:45:44, Rate: 55 cps, Surface biomes: minecraft:desert (32 chunks), minecraft:windswept_hills (20 chunks), minecraft:stony_shore (2 chunks), minecraft:river (1 chunks), Current: 53, 88
[13Aug2026 06:32:11.911] [Server thread/INFO] [net.minecraft.server.MinecraftServer/]: [Chunky] Task running for minecraft:overworld. Processed: 24214 chunks (3.15%), ETA: 3:37:48, Rate: 57 cps, Surface biomes: minecraft:windswept_hills (30 chunks), minecraft:desert (22 chunks), minecraft:plains (5 chunks), Current: 59, 92
[13Aug2026 06:32:12.912] [Server thread/INFO] [net.minecraft.server.MinecraftServer/]: [Chunky] Task running for minecraft:overworld. Processed: 24253 chunks (3.15%), ETA: 15:54:58, Rate: 13 cps, Surface biomes: minecraft:windswept_hills (13 chunks), Current: 62, 89
[13Aug2026 06:32:14.085] [Server thread/INFO] [net.minecraft.server.MinecraftServer/]: [Chunky] Task running for minecraft:overworld. Processed: 24281 chunks (3.16%), ETA: 7:39:46, Rate: 27 cps, Surface biomes: minecraft:windswept_hills (19 chunks), minecraft:plains (5 chunks), minecraft:river (3 chunks), Current: 56, 87
[13Aug2026 06:32:16.860] [Server thread/INFO] [net.minecraft.server.MinecraftServer/]: [Chunky] Task running for minecraft:overworld. Processed: 24322 chunks (3.16%), ETA: 5:02:46, Rate: 41 cps, Surface biomes: minecraft:windswept_hills (18 chunks), minecraft:river (14 chunks), minecraft:plains (7 chunks), minecraft:desert (2 chunks), Current: 60, 79
[13Aug2026 06:32:17.885] [Server thread/INFO] [net.minecraft.server.MinecraftServer/]: [Chunky] Task running for minecraft:overworld. Processed: 24422 chunks (3.18%), ETA: 5:10:17, Rate: 40 cps, Surface biomes: minecraft:plains (23 chunks), minecraft:river (10 chunks), minecraft:meadow (4 chunks), minecraft:windswept_hills (3 chunks), Current: 52, 75
[13Aug2026 06:32:19.086] [Server thread/INFO] [net.minecraft.server.MinecraftServer/]: [Chunky] Task running for minecraft:overworld. Processed: 24433 chunks (3.18%), ETA: 2:54:48, Rate: 71 cps, Surface biomes: minecraft:windswept_hills (39 chunks), minecraft:meadow (29 chunks), minecraft:desert (2 chunks), minecraft:plains (1 chunks), Current: 55, 73
[13Aug2026 06:32:20.088] [Server thread/INFO] [net.minecraft.server.MinecraftServer/]: [Chunky] Task running for minecraft:overworld. Processed: 24502 chunks (3.19%), ETA: 3:10:55, Rate: 65 cps, Surface biomes: minecraft:windswept_hills (20 chunks), minecraft:meadow (16 chunks), minecraft:desert (15 chunks), minecraft:river (14 chunks), Current: 53, 65
[13Aug2026 06:32:21.138] [Server thread/INFO] [net.minecraft.server.MinecraftServer/]: [Chunky] Task running for minecraft:overworld. Processed: 24544 chunks (3.19%), ETA: 4:48:35, Rate: 43 cps, Surface biomes: minecraft:meadow (13 chunks), minecraft:windswept_hills (13 chunks), minecraft:river (10 chunks), minecraft:plains (7 chunks), Current: 59, 70
[13Aug2026 06:32:22.188] [Server thread/INFO] [net.minecraft.server.MinecraftServer/]: [Chunky] Task running for minecraft:overworld. Processed: 24582 chunks (3.20%), ETA: 5:18:10, Rate: 39 cps, Surface biomes: minecraft:meadow (18 chunks), minecraft:windswept_hills (10 chunks), minecraft:plains (8 chunks), minecraft:river (2 chunks), minecraft:stony_shore (1 chunks), Current: 66, 65
[13Aug2026 06:32:23.238] [Server thread/INFO] [net.minecraft.server.MinecraftServer/]: [Chunky] Task running for minecraft:overworld. Processed: 24622 chunks (3.20%), ETA: 5:26:32, Rate: 38 cps, Surface biomes: minecraft:plains (17 chunks), minecraft:meadow (11 chunks), minecraft:windswept_hills (6 chunks), minecraft:dark_forest (4 chunks), Current: 70, 69
[13Aug2026 06:32:24.241] [Server thread/INFO] [net.minecraft.server.MinecraftServer/]: [Chunky] Task running for minecraft:overworld. Processed: 24658 chunks (3.21%), ETA: 6:40:15, Rate: 31 cps, Surface biomes: minecraft:plains (30 chunks), minecraft:dark_forest (1 chunks), Current: 77, 64
[13Aug2026 06:32:25.288] [Server thread/INFO] [net.minecraft.server.MinecraftServer/]: [Chunky] Task running for minecraft:overworld. Processed: 24683 chunks (3.21%), ETA: 8:36:58, Rate: 24 cps, Surface biomes: minecraft:plains (24 chunks), Current: 78, 70
[13Aug2026 06:32:26.706] [Server thread/INFO] [net.minecraft.server.MinecraftServer/]: [Chunky] Task running for minecraft:overworld. Processed: 24738 chunks (3.22%), ETA: 3:10:52, Rate: 65 cps, Surface biomes: minecraft:plains (65 chunks), Current: 77, 76
[13Aug2026 06:32:27.742] [Server thread/INFO] [net.minecraft.server.MinecraftServer/]: [Chunky] Task running for minecraft:overworld. Processed: 24758 chunks (3.22%), ETA: 10:52:57, Rate: 19 cps, Surface biomes: minecraft:plains (11 chunks), minecraft:river (8 chunks), Current: 74, 76
[13Aug2026 06:32:27.806] [Server thread/WARN] [net.minecraft.server.MinecraftServer/]: Can't keep up! Is the server overloaded? Running 2168ms or 43 ticks behind
[13Aug2026 06:32:28.972] [Server thread/INFO] [net.minecraft.server.MinecraftServer/]: [Chunky] Task running for minecraft:overworld. Processed: 24838 chunks (3.23%), ETA: 3:26:44, Rate: 60 cps, Surface biomes: minecraft:plains (28 chunks), minecraft:river (14 chunks), minecraft:dark_forest (12 chunks), minecraft:windswept_hills (6 chunks), Current: 66, 80
[13Aug2026 06:32:30.038] [Server thread/INFO] [net.minecraft.server.MinecraftServer/]: [Chunky] Task running for minecraft:overworld. Processed: 24896 chunks (3.24%), ETA: 3:58:32, Rate: 52 cps, Surface biomes: minecraft:plains (35 chunks), minecraft:windswept_hills (10 chunks), minecraft:dark_forest (4 chunks), minecraft:river (3 chunks), Current: 65, 87
[13Aug2026 06:32:31.088] [Server thread/INFO] [net.minecraft.server.MinecraftServer/]: [Chunky] Task running for minecraft:overworld. Processed: 24898 chunks (3.24%), ETA: 103:21:55, Rate: 2 cps, Surface biomes: minecraft:windswept_hills (2 chunks), Current: 66, 88
[13Aug2026 06:32:32.138] [Server thread/INFO] [net.minecraft.server.MinecraftServer/]: [Chunky] Task running for minecraft:overworld. Processed: 24936 chunks (3.24%), ETA: 5:44:32, Rate: 36 cps, Surface biomes: minecraft:dark_forest (12 chunks), minecraft:windswept_hills (11 chunks), minecraft:river (8 chunks), minecraft:plains (5 chunks), Current: 70, 94
[13Aug2026 06:32:33.188] [Server thread/INFO] [net.minecraft.server.MinecraftServer/]: [Chunky] Task running for minecraft:overworld. Processed: 24963 chunks (3.25%), ETA: 7:07:40, Rate: 29 cps, Surface biomes: minecraft:dark_forest (20 chunks), minecraft:plains (8 chunks), minecraft:river (1 chunks), Current: 73, 88
[13Aug2026 06:32:34.238] [Server thread/INFO] [net.minecraft.server.MinecraftServer/]: [Chunky] Task running for minecraft:overworld. Processed: 24992 chunks (3.25%), ETA: 8:16:05, Rate: 25 cps, Surface biomes: minecraft:plains (18 chunks), minecraft:dark_forest (3 chunks), minecraft:river (3 chunks), minecraft:savanna (1 chunks), Current: 74, 95
[13Aug2026 06:32:35.338] [Server thread/INFO] [net.minecraft.server.MinecraftServer/]: [Chunky] Task running for minecraft:overworld. Processed: 25050 chunks (3.26%), ETA: 3:37:34, Rate: 57 cps, Surface biomes: minecraft:savanna (34 chunks), minecraft:plains (23 chunks), Current: 72, 84
[13Aug2026 06:32:36.348] [Server thread/INFO] [net.minecraft.server.MinecraftServer/]: [Chunky] Task running for minecraft:overworld. Processed: 25088 chunks (3.26%), ETA: 5:10:01, Rate: 40 cps, Surface biomes: minecraft:plains (37 chunks), minecraft:savanna (3 chunks), Current: 79, 80
[13Aug2026 06:32:37.438] [Server thread/INFO] [net.minecraft.server.MinecraftServer/]: [Chunky] Task running for minecraft:overworld. Processed: 25103 chunks (3.26%), ETA: 13:46:41, Rate: 15 cps, Surface biomes: minecraft:savanna (11 chunks), minecraft:plains (4 chunks), Current: 82, 80
[13Aug2026 06:32:38.489] [Server thread/INFO] [net.minecraft.server.MinecraftServer/]: [Chunky] Task running for minecraft:overworld. Processed: 25136 chunks (3.27%), ETA: 7:56:55, Rate: 26 cps, Surface biomes: minecraft:savanna (26 chunks), Current: 84, 87
[13Aug2026 06:32:39.638] [Server thread/INFO] [net.minecraft.server.MinecraftServer/]: [Chunky] Task running for minecraft:overworld. Processed: 25152 chunks (3.27%), ETA: 10:19:58, Rate: 20 cps, Surface biomes: minecraft:savanna (17 chunks), minecraft:plains (3 chunks), Current: 87, 87
[13Aug2026 06:32:40.862] [Server thread/INFO] [net.minecraft.server.MinecraftServer/]: [Chunky] Task running for minecraft:overworld. Processed: 25217 chunks (3.28%), ETA: 11:28:48, Rate: 18 cps, Surface biomes: minecraft:savanna (17 chunks), minecraft:plains (1 chunks), Current: 88, 88
[13Aug2026 06:32:42.249] [Server thread/INFO] [net.minecraft.server.MinecraftServer/]: [Chunky] Task running for minecraft:overworld. Processed: 25233 chunks (3.28%), ETA: 13:46:33, Rate: 15 cps, Surface biomes: minecraft:windswept_hills (9 chunks), minecraft:savanna (6 chunks), Current: 88, 93
[13Aug2026 06:32:43.754] [Server thread/INFO] [net.minecraft.server.MinecraftServer/]: [Chunky] Task running for minecraft:overworld. Processed: 25283 chunks (3.29%), ETA: 4:35:29, Rate: 45 cps, Surface biomes: minecraft:plains (20 chunks), minecraft:savanna (13 chunks), minecraft:river (12 chunks), Current: 89, 86
[13Aug2026 06:32:44.936] [Server thread/INFO] [net.minecraft.server.MinecraftServer/]: [Chunky] Task running for minecraft:overworld. Processed: 25327 chunks (3.29%), ETA: 10:52:27, Rate: 19 cps, Surface biomes: minecraft:plains (9 chunks), minecraft:savanna (9 chunks), minecraft:river (1 chunks), Current: 92, 82
[13Aug2026 06:32:46.069] [Server thread/INFO] [net.minecraft.server.MinecraftServer/]: [Chunky] Task running for minecraft:overworld. Processed: 25336 chunks (3.29%), ETA: 41:19:18, Rate: 5 cps, Surface biomes: minecraft:plains (4 chunks), minecraft:river (1 chunks), Current: 92, 79
[13Aug2026 06:32:47.070] [Server thread/INFO] [net.minecraft.server.MinecraftServer/]: [Chunky] Task running for minecraft:overworld. Processed: 25396 chunks (3.30%), ETA: 3:26:35, Rate: 60 cps, Surface biomes: minecraft:plains (47 chunks), minecraft:river (13 chunks), Current: 87, 76
[13Aug2026 06:32:47.167] [Server thread/WARN] [net.minecraft.server.MinecraftServer/]: Can't keep up! Is the server overloaded? Running 4379ms or 87 ticks behind
[13Aug2026 06:32:49.088] [Server thread/INFO] [net.minecraft.server.MinecraftServer/]: [Chunky] Task running for minecraft:overworld. Processed: 25441 chunks (3.31%), ETA: 4:35:26, Rate: 45 cps, Surface biomes: minecraft:plains (33 chunks), minecraft:river (11 chunks), minecraft:savanna (1 chunks), Current: 86, 75
[13Aug2026 06:32:50.138] [Server thread/INFO] [net.minecraft.server.MinecraftServer/]: [Chunky] Task running for minecraft:overworld. Processed: 25500 chunks (3.32%), ETA: 3:37:26, Rate: 57 cps, Surface biomes: minecraft:plains (55 chunks), minecraft:savanna (2 chunks), Current: 83, 68
[13Aug2026 06:32:51.188] [Server thread/INFO] [net.minecraft.server.MinecraftServer/]: [Chunky] Task running for minecraft:overworld. Processed: 25561 chunks (3.32%), ETA: 3:33:40, Rate: 58 cps, Surface biomes: minecraft:plains (52 chunks), minecraft:dark_forest (6 chunks), Current: 90, 71
[13Aug2026 06:32:52.238] [Server thread/INFO] [net.minecraft.server.MinecraftServer/]: [Chunky] Task running for minecraft:overworld. Processed: 25585 chunks (3.33%), ETA: 8:15:41, Rate: 25 cps, Surface biomes: minecraft:plains (25 chunks), Current: 92, 67
[13Aug2026 06:32:53.288] [Server thread/INFO] [net.minecraft.server.MinecraftServer/]: [Chunky] Task running for minecraft:overworld. Processed: 25611 chunks (3.33%), ETA: 10:19:35, Rate: 20 cps, Surface biomes: minecraft:plains (20 chunks), Current: 98, 66
[13Aug2026 06:32:54.352] [Server thread/INFO] [net.minecraft.server.MinecraftServer/]: [Chunky] Task running for minecraft:overworld. Processed: 25632 chunks (3.33%), ETA: 9:50:04, Rate: 21 cps, Surface biomes: minecraft:plains (21 chunks), Current: 99, 71
[13Aug2026 06:32:55.354] [Server thread/INFO] [net.minecraft.server.MinecraftServer/]: [Chunky] Task running for minecraft:overworld. Processed: 25668 chunks (3.34%), ETA: 5:09:46, Rate: 40 cps, Surface biomes: minecraft:plains (39 chunks), minecraft:savanna (1 chunks), Current: 104, 67
[13Aug2026 06:32:56.535] [Server thread/INFO] [net.minecraft.server.MinecraftServer/]: [Chunky] Task running for minecraft:overworld. Processed: 25677 chunks (3.34%), ETA: 13:46:03, Rate: 15 cps, Surface biomes: minecraft:plains (11 chunks), minecraft:river (4 chunks), Current: 106, 64
[13Aug2026 06:32:59.818] [Server thread/INFO] [net.minecraft.server.MinecraftServer/]: [Chunky] Task running for minecraft:overworld. Processed: 25729 chunks (3.35%), ETA: 3:58:16, Rate: 52 cps, Surface biomes: minecraft:plains (40 chunks), minecraft:river (10 chunks), minecraft:savanna (2 chunks), Current: 106, 72
[13Aug2026 06:33:02.372] [Server thread/INFO] [net.minecraft.server.MinecraftServer/]: [Chunky] Task running for minecraft:overworld. Processed: 25769 chunks (3.35%), ETA: 7:07:13, Rate: 29 cps, Surface biomes: minecraft:plains (16 chunks), minecraft:river (11 chunks), minecraft:savanna (2 chunks), Current: 103, 75
[13Aug2026 06:33:03.944] [Server thread/INFO] [net.minecraft.server.MinecraftServer/]: [Chunky] Task running for minecraft:overworld. Processed: 25874 chunks (3.36%), ETA: 2:00:16, Rate: 103 cps, Surface biomes: minecraft:plains (64 chunks), minecraft:river (39 chunks), Current: 101, 80
[13Aug2026 06:33:04.442] [Server thread/WARN] [net.minecraft.server.MinecraftServer/]: Can't keep up! Is the server overloaded? Running 2304ms or 46 ticks behind
[13Aug2026 06:33:06.988] [Server thread/INFO] [net.minecraft.server.MinecraftServer/]: [Chunky] Task running for minecraft:overworld. Processed: 25923 chunks (3.37%), ETA: 4:29:16, Rate: 46 cps, Surface biomes: minecraft:plains (18 chunks), minecraft:savanna (18 chunks), minecraft:river (10 chunks), Current: 99, 90
[13Aug2026 06:33:08.038] [Server thread/INFO] [net.minecraft.server.MinecraftServer/]: [Chunky] Task running for minecraft:overworld. Processed: 25952 chunks (3.37%), ETA: 7:22:22, Rate: 28 cps, Surface biomes: minecraft:plains (10 chunks), minecraft:savanna (10 chunks), minecraft:river (8 chunks), Current: 96, 95
[13Aug2026 06:33:09.088] [Server thread/INFO] [net.minecraft.server.MinecraftServer/]: [Chunky] Task running for minecraft:overworld. Processed: 25976 chunks (3.38%), ETA: 8:58:31, Rate: 23 cps, Surface biomes: minecraft:plains (14 chunks), minecraft:river (7 chunks), minecraft:savanna (2 chunks), Current: 101, 90
[13Aug2026 06:33:10.138] [Server thread/INFO] [net.minecraft.server.MinecraftServer/]: [Chunky] Task running for minecraft:overworld. Processed: 25989 chunks (3.38%), ETA: 17:12:08, Rate: 12 cps, Surface biomes: minecraft:savanna (8 chunks), minecraft:river (4 chunks), Current: 104, 90
[13Aug2026 06:33:11.466] [Server thread/INFO] [net.minecraft.server.MinecraftServer/]: [Chunky] Task running for minecraft:overworld. Processed: 26043 chunks (3.39%), ETA: 3:41:09, Rate: 56 cps, Surface biomes: minecraft:plains (27 chunks), minecraft:river (24 chunks), minecraft:savanna (5 chunks), Current: 108, 88
[13Aug2026 06:33:12.946] [Server thread/INFO] [net.minecraft.server.MinecraftServer/]: [Chunky] Task running for minecraft:overworld. Processed: 26127 chunks (3.40%), ETA: 3:13:29, Rate: 64 cps, Surface biomes: minecraft:plains (63 chunks), minecraft:river (1 chunks), Current: 116, 81
[13Aug2026 06:33:15.238] [Server thread/INFO] [net.minecraft.server.MinecraftServer/]: [Chunky] Task running for minecraft:overworld. Processed: 26145 chunks (3.40%), ETA: 206:23:04, Rate: 1 cps, Surface biomes: minecraft:plains (1 chunks), Current: 113, 86
[13Aug2026 06:33:16.288] [Server thread/INFO] [net.minecraft.server.MinecraftServer/]: [Chunky] Task running for minecraft:overworld. Processed: 26166 chunks (3.40%), ETA: 10:19:08, Rate: 20 cps, Surface biomes: minecraft:plains (16 chunks), minecraft:river (4 chunks), Current: 116, 86
[13Aug2026 06:33:17.338] [Server thread/INFO] [net.minecraft.server.MinecraftServer/]: [Chunky] Task running for minecraft:overworld. Processed: 26190 chunks (3.41%), ETA: 14:44:27, Rate: 14 cps, Surface biomes: minecraft:plains (8 chunks), minecraft:river (4 chunks), minecraft:savanna (2 chunks), Current: 115, 89
[13Aug2026 06:33:18.388] [Server thread/INFO] [net.minecraft.server.MinecraftServer/]: [Chunky] Task running for minecraft:overworld. Processed: 26219 chunks (3.41%), ETA: 6:15:12, Rate: 33 cps, Surface biomes: minecraft:savanna (16 chunks), minecraft:river (10 chunks), minecraft:plains (7 chunks), Current: 118, 91
[13Aug2026 06:33:19.438] [Server thread/INFO] [net.minecraft.server.MinecraftServer/]: [Chunky] Task running for minecraft:overworld. Processed: 26236 chunks (3.41%), ETA: 12:53:50, Rate: 16 cps, Surface biomes: minecraft:savanna (10 chunks), minecraft:river (6 chunks), Current: 117, 88
[13Aug2026 06:33:20.538] [Server thread/INFO] [net.minecraft.server.MinecraftServer/]: [Chunky] Task running for minecraft:overworld. Processed: 26268 chunks (3.42%), ETA: 9:49:34, Rate: 21 cps, Surface biomes: minecraft:savanna (13 chunks), minecraft:river (7 chunks), minecraft:plains (1 chunks), Current: 123, 93
[13Aug2026 06:33:21.588] [Server thread/INFO] [net.minecraft.server.MinecraftServer/]: [Chunky] Task running for minecraft:overworld. Processed: 26314 chunks (3.42%), ETA: 4:35:07, Rate: 45 cps, Surface biomes: minecraft:savanna (30 chunks), minecraft:river (15 chunks), Current: 124, 86
[13Aug2026 06:33:22.589] [Server thread/INFO] [net.minecraft.server.MinecraftServer/]: [Chunky] Task running for minecraft:overworld. Processed: 26341 chunks (3.42%), ETA: 6:04:06, Rate: 34 cps, Surface biomes: minecraft:savanna (34 chunks), Current: 121, 82
[13Aug2026 06:33:23.638] [Server thread/INFO] [net.minecraft.server.MinecraftServer/]: [Chunky] Task running for minecraft:overworld. Processed: 26357 chunks (3.43%), ETA: 8:35:48, Rate: 24 cps, Surface biomes: minecraft:savanna (24 chunks), Current: 124, 81
[13Aug2026 06:33:24.738] [Server thread/INFO] [net.minecraft.server.MinecraftServer/]: [Chunky] Task running for minecraft:overworld. Processed: 26387 chunks (3.43%), ETA: 18:45:22, Rate: 11 cps, Surface biomes: minecraft:savanna (11 chunks), Current: 125, 75
[13Aug2026 06:33:25.745] [Server thread/INFO] [net.minecraft.server.MinecraftServer/]: [Chunky] Task running for minecraft:overworld. Processed: 26448 chunks (3.44%), ETA: 7:06:49, Rate: 29 cps, Surface biomes: minecraft:savanna (24 chunks), minecraft:plains (5 chunks), Current: 116, 79
[13Aug2026 06:33:26.977] [Server thread/INFO] [net.minecraft.server.MinecraftServer/]: [Chunky] Task running for minecraft:overworld. Processed: 26498 chunks (3.45%), ETA: 3:37:08, Rate: 57 cps, Surface biomes: minecraft:savanna (27 chunks), minecraft:plains (26 chunks), minecraft:river (4 chunks), Current: 118, 71
[13Aug2026 06:33:28.147] [Server thread/INFO] [net.minecraft.server.MinecraftServer/]: [Chunky] Task running for minecraft:overworld. Processed: 26553 chunks (3.45%), ETA: 3:49:11, Rate: 54 cps, Surface biomes: minecraft:plains (40 chunks), minecraft:river (14 chunks), Current: 118, 67
[13Aug2026 06:33:28.148] [Server thread/WARN] [net.minecraft.server.MinecraftServer/]: Can't keep up! Is the server overloaded? Running 2210ms or 44 ticks behind
[13Aug2026 06:33:29.185] [Server thread/INFO] [net.minecraft.server.MinecraftServer/]: [Chunky] Task running for minecraft:overworld. Processed: 26569 chunks (3.45%), ETA: 13:45:04, Rate: 15 cps, Surface biomes: minecraft:plains (12 chunks), minecraft:river (3 chunks), Current: 121, 66
[13Aug2026 06:33:31.151] [Server thread/INFO] [net.minecraft.server.MinecraftServer/]: [Chunky] Task running for minecraft:overworld. Processed: 26625 chunks (3.46%), ETA: 34:22:30, Rate: 6 cps, Surface biomes: minecraft:river (4 chunks), minecraft:plains (1 chunks), minecraft:savanna (1 chunks), Current: 96, 34
[13Aug2026 06:33:32.195] [Server thread/INFO] [net.minecraft.server.MinecraftServer/]: [Chunky] Task running for minecraft:overworld. Processed: 26665 chunks (3.47%), ETA: 7:55:56, Rate: 26 cps, Surface biomes: minecraft:plains (19 chunks), minecraft:river (7 chunks), Current: 101, 39
[13Aug2026 06:33:33.488] [Server thread/INFO] [net.minecraft.server.MinecraftServer/]: [Chunky] Task running for minecraft:overworld. Processed: 26671 chunks (3.47%), ETA: 10:18:42, Rate: 20 cps, Surface biomes: minecraft:plains (13 chunks), minecraft:river (7 chunks), Current: 100, 34
[13Aug2026 06:33:34.588] [Server thread/INFO] [net.minecraft.server.MinecraftServer/]: [Chunky] Task running for minecraft:overworld. Processed: 26676 chunks (3.47%), ETA: 41:14:50, Rate: 5 cps, Surface biomes: minecraft:plains (4 chunks), minecraft:river (1 chunks), Current: 102, 37
[13Aug2026 06:33:35.638] [Server thread/INFO] [net.minecraft.server.MinecraftServer/]: [Chunky] Task running for minecraft:overworld. Processed: 26699 chunks (3.47%), ETA: 34:22:18, Rate: 6 cps, Surface biomes: minecraft:plains (5 chunks), minecraft:river (1 chunks), Current: 102, 32
[13Aug2026 06:33:36.732] [Server thread/INFO] [net.minecraft.server.MinecraftServer/]: [Chunky] Task running for minecraft:overworld. Processed: 26753 chunks (3.48%), ETA: 6:03:54, Rate: 34 cps, Surface biomes: minecraft:plains (28 chunks), minecraft:river (6 chunks), Current: 104, 40
[13Aug2026 06:33:37.759] [Server thread/INFO] [net.minecraft.server.MinecraftServer/]: [Chunky] Task running for minecraft:overworld. Processed: 26754 chunks (3.48%), ETA: 5:25:36, Rate: 38 cps, Surface biomes: minecraft:plains (32 chunks), minecraft:river (6 chunks), Current: 105, 40
[13Aug2026 06:33:38.955] [Server thread/INFO] [net.minecraft.server.MinecraftServer/]: [Chunky] Task running for minecraft:overworld. Processed: 26809 chunks (3.49%), ETA: 206:12:00, Rate: 1 cps, Surface biomes: minecraft:plains (1 chunks), Current: 105, 44
[13Aug2026 06:33:40.154] [Server thread/INFO] [net.minecraft.server.MinecraftServer/]: [Chunky] Task running for minecraft:overworld. Processed: 26883 chunks (3.50%), ETA: 2:51:48, Rate: 72 cps, Surface biomes: minecraft:plains (68 chunks), minecraft:river (4 chunks), Current: 96, 48
[13Aug2026 06:33:41.156] [Server thread/INFO] [net.minecraft.server.MinecraftServer/]: [Chunky] Task running for minecraft:overworld. Processed: 26959 chunks (3.51%), ETA: 2:42:45, Rate: 76 cps, Surface biomes: minecraft:plains (72 chunks), minecraft:river (4 chunks), Current: 96, 58
[13Aug2026 06:33:42.174] [Server thread/INFO] [net.minecraft.server.MinecraftServer/]: [Chunky] Task running for minecraft:overworld. Processed: 27004 chunks (3.51%), ETA: 4:34:51, Rate: 45 cps, Surface biomes: minecraft:plains (38 chunks), minecraft:river (7 chunks), Current: 103, 57
[13Aug2026 06:33:43.206] [Server thread/INFO] [net.minecraft.server.MinecraftServer/]: [Chunky] Task running for minecraft:overworld. Processed: 27041 chunks (3.52%), ETA: 5:34:16, Rate: 37 cps, Surface biomes: minecraft:plains (27 chunks), minecraft:river (10 chunks), Current: 109, 61
[13Aug2026 06:33:44.224] [Server thread/INFO] [net.minecraft.server.MinecraftServer/]: [Chunky] Task running for minecraft:overworld. Processed: 27136 chunks (3.53%), ETA: 7:06:25, Rate: 29 cps, Surface biomes: minecraft:plains (26 chunks), minecraft:river (3 chunks), Current: 111, 48
[13Aug2026 06:33:47.221] [Server thread/INFO] [net.minecraft.server.MinecraftServer/]: [Chunky] Task running for minecraft:overworld. Processed: 27149 chunks (3.53%), ETA: 2:36:32, Rate: 79 cps, Surface biomes: minecraft:plains (75 chunks), minecraft:river (4 chunks), Current: 114, 49
[13Aug2026 06:33:47.593] [Server thread/WARN] [net.minecraft.server.MinecraftServer/]: Can't keep up! Is the server overloaded? Running 4455ms or 89 ticks behind
[13Aug2026 06:33:48.388] [Server thread/INFO] [net.minecraft.server.MinecraftServer/]: [Chunky] Task running for minecraft:overworld. Processed: 27231 chunks (3.54%), ETA: 2:32:39, Rate: 81 cps, Surface biomes: minecraft:plains (66 chunks), minecraft:river (15 chunks), Current: 115, 63
[13Aug2026 06:33:49.438] [Server thread/INFO] [net.minecraft.server.MinecraftServer/]: [Chunky] Task running for minecraft:overworld. Processed: 27259 chunks (3.54%), ETA: 18:44:02, Rate: 11 cps, Surface biomes: minecraft:plains (11 chunks), Current: 119, 61
[13Aug2026 06:33:50.488] [Server thread/INFO] [net.minecraft.server.MinecraftServer/]: [Chunky] Task running for minecraft:overworld. Processed: 27321 chunks (3.55%), ETA: 2:51:42, Rate: 72 cps, Surface biomes: minecraft:plains (50 chunks), minecraft:river (16 chunks), minecraft:savanna (6 chunks), Current: 124, 57
[13Aug2026 06:33:51.538] [Server thread/INFO] [net.minecraft.server.MinecraftServer/]: [Chunky] Task running for minecraft:overworld. Processed: 27360 chunks (3.56%), ETA: 8:35:07, Rate: 24 cps, Surface biomes: minecraft:plains (22 chunks), minecraft:river (2 chunks), Current: 125, 52
[13Aug2026 06:33:52.938] [Server thread/INFO] [net.minecraft.server.MinecraftServer/]: [Chunky] Task running for minecraft:overworld. Processed: 27393 chunks (3.56%), ETA: 4:47:29, Rate: 43 cps, Surface biomes: minecraft:plains (38 chunks), minecraft:river (5 chunks), Current: 125, 46
[13Aug2026 06:33:53.988] [Server thread/INFO] [net.minecraft.server.MinecraftServer/]: [Chunky] Task running for minecraft:overworld. Processed: 27403 chunks (3.56%), ETA: 13:44:08, Rate: 15 cps, Surface biomes: minecraft:plains (15 chunks), Current: 125, 45
[13Aug2026 06:33:55.138] [Server thread/INFO] [net.minecraft.server.MinecraftServer/]: [Chunky] Task running for minecraft:overworld. Processed: 27417 chunks (3.56%), ETA: 15:50:54, Rate: 13 cps, Surface biomes: minecraft:plains (13 chunks), Current: 122, 43
[13Aug2026 06:33:56.210] [Server thread/INFO] [net.minecraft.server.MinecraftServer/]: [Chunky] Task running for minecraft:overworld. Processed: 27472 chunks (3.57%), ETA: 3:44:44, Rate: 55 cps, Surface biomes: minecraft:plains (50 chunks), minecraft:river (5 chunks), Current: 116, 47
[13Aug2026 06:33:57.235] [Server thread/INFO] [net.minecraft.server.MinecraftServer/]: [Chunky] Task running for minecraft:overworld. Processed: 27559 chunks (3.58%), ETA: 4:07:11, Rate: 50 cps, Surface biomes: minecraft:plains (42 chunks), minecraft:river (8 chunks), Current: 114, 35
[13Aug2026 06:33:58.454] [Server thread/INFO] [net.minecraft.server.MinecraftServer/]: [Chunky] Task running for minecraft:overworld. Processed: 27577 chunks (3.59%), ETA: 3:44:42, Rate: 55 cps, Surface biomes: minecraft:plains (55 chunks), Current: 118, 35
[13Aug2026 06:33:59.538] [Server thread/INFO] [net.minecraft.server.MinecraftServer/]: [Chunky] Task running for minecraft:overworld. Processed: 27625 chunks (3.59%), ETA: 4:22:56, Rate: 47 cps, Surface biomes: minecraft:plains (47 chunks), Current: 126, 39
[13Aug2026 06:34:00.610] [Server thread/INFO] [net.minecraft.server.MinecraftServer/]: [Chunky] Task running for minecraft:overworld. Processed: 27649 chunks (3.59%), ETA: 8:14:19, Rate: 25 cps, Surface biomes: minecraft:plains (22 chunks), minecraft:river (3 chunks), Current: 96, 0
[13Aug2026 06:34:02.217] [Server thread/INFO] [net.minecraft.server.MinecraftServer/]: [Chunky] Task running for minecraft:overworld. Processed: 27675 chunks (3.60%), ETA: 41:11:30, Rate: 5 cps, Surface biomes: minecraft:plains (5 chunks), Current: 99, 4
[13Aug2026 06:34:04.533] [Server thread/INFO] [net.minecraft.server.MinecraftServer/]: [Chunky] Task running for minecraft:overworld. Processed: 27727 chunks (3.60%), ETA: 25:44:35, Rate: 8 cps, Surface biomes: minecraft:plains (8 chunks), Current: 108, 2
[13Aug2026 06:34:05.310] [Server thread/WARN] [net.minecraft.server.MinecraftServer/]: Can't keep up! Is the server overloaded? Running 2722ms or 54 ticks behind
[13Aug2026 06:34:08.088] [Server thread/INFO] [net.minecraft.server.MinecraftServer/]: [Chunky] Task running for minecraft:overworld. Processed: 27777 chunks (3.61%), ETA: 8:34:49, Rate: 24 cps, Surface biomes: minecraft:plains (22 chunks), minecraft:river (2 chunks), Current: 111, 9
[13Aug2026 06:34:09.089] [Server thread/INFO] [net.minecraft.server.MinecraftServer/]: [Chunky] Task running for minecraft:overworld. Processed: 27789 chunks (3.61%), ETA: 25:44:27, Rate: 8 cps, Surface biomes: minecraft:river (6 chunks), minecraft:plains (2 chunks), Current: 110, 11
[13Aug2026 06:34:10.138] [Server thread/INFO] [net.minecraft.server.MinecraftServer/]: [Chunky] Task running for minecraft:overworld. Processed: 27845 chunks (3.62%), ETA: 3:40:37, Rate: 56 cps, Surface biomes: minecraft:plains (41 chunks), minecraft:river (15 chunks), Current: 100, 14
[13Aug2026 06:34:11.300] [Server thread/INFO] [net.minecraft.server.MinecraftServer/]: [Chunky] Task running for minecraft:overworld. Processed: 27905 chunks (3.63%), ETA: 3:13:01, Rate: 64 cps, Surface biomes: minecraft:plains (54 chunks), minecraft:river (10 chunks), Current: 96, 16
[13Aug2026 06:34:12.336] [Server thread/INFO] [net.minecraft.server.MinecraftServer/]: [Chunky] Task running for minecraft:overworld. Processed: 27969 chunks (3.64%), ETA: 4:17:20, Rate: 48 cps, Surface biomes: minecraft:plains (48 chunks), Current: 96, 24
[13Aug2026 06:34:13.365] [Server thread/INFO] [net.minecraft.server.MinecraftServer/]: [Chunky] Task running for minecraft:overworld. Processed: 28033 chunks (3.64%), ETA: 2:42:31, Rate: 76 cps, Surface biomes: minecraft:plains (74 chunks), minecraft:river (2 chunks), Current: 104, 25
[13Aug2026 06:34:14.671] [Server thread/INFO] [net.minecraft.server.MinecraftServer/]: [Chunky] Task running for minecraft:overworld. Processed: 28073 chunks (3.65%), ETA: 5:25:01, Rate: 38 cps, Surface biomes: minecraft:plains (26 chunks), minecraft:river (12 chunks), Current: 110, 30
[13Aug2026 06:34:15.838] [Server thread/INFO] [net.minecraft.server.MinecraftServer/]: [Chunky] Task running for minecraft:overworld. Processed: 28102 chunks (3.65%), ETA: 5:52:52, Rate: 35 cps, Surface biomes: minecraft:plains (33 chunks), minecraft:river (2 chunks), Current: 109, 23
[13Aug2026 06:34:16.938] [Server thread/INFO] [net.minecraft.server.MinecraftServer/]: [Chunky] Task running for minecraft:overworld. Processed: 28123 chunks (3.66%), ETA: 29:24:18, Rate: 7 cps, Surface biomes: minecraft:plains (6 chunks), minecraft:river (1 chunks), Current: 105, 22
[13Aug2026 06:34:18.038] [Server thread/INFO] [net.minecraft.server.MinecraftServer/]: [Chunky] Task running for minecraft:overworld. Processed: 28136 chunks (3.66%), ETA: 18:42:43, Rate: 11 cps, Surface biomes: minecraft:plains (6 chunks), minecraft:river (5 chunks), Current: 105, 16
[13Aug2026 06:34:19.042] [Server thread/INFO] [net.minecraft.server.MinecraftServer/]: [Chunky] Task running for minecraft:overworld. Processed: 28164 chunks (3.66%), ETA: 7:21:03, Rate: 28 cps, Surface biomes: minecraft:plains (15 chunks), minecraft:river (13 chunks), Current: 113, 17
[13Aug2026 06:34:20.138] [Server thread/INFO] [net.minecraft.server.MinecraftServer/]: [Chunky] Task running for minecraft:overworld. Processed: 28169 chunks (3.66%), ETA: 51:27:20, Rate: 4 cps, Surface biomes: minecraft:plains (2 chunks), minecraft:river (2 chunks), Current: 114, 17
[13Aug2026 06:34:21.188] [Server thread/INFO] [net.minecraft.server.MinecraftServer/]: [Chunky] Task running for minecraft:overworld. Processed: 28210 chunks (3.67%), ETA: 6:03:11, Rate: 34 cps, Surface biomes: minecraft:plains (21 chunks), minecraft:river (13 chunks), Current: 114, 23
[13Aug2026 06:34:22.190] [Server thread/INFO] [net.minecraft.server.MinecraftServer/]: [Chunky] Task running for minecraft:overworld. Processed: 28245 chunks (3.67%), ETA: 6:25:52, Rate: 32 cps, Surface biomes: minecraft:plains (28 chunks), minecraft:river (4 chunks), Current: 112, 29
[13Aug2026 06:34:23.191] [Server thread/INFO] [net.minecraft.server.MinecraftServer/]: [Chunky] Task running for minecraft:overworld. Processed: 28278 chunks (3.68%), ETA: 6:03:09, Rate: 34 cps, Surface biomes: minecraft:plains (34 chunks), Current: 119, 27
[13Aug2026 06:34:24.238] [Server thread/INFO] [net.minecraft.server.MinecraftServer/]: [Chunky] Task running for minecraft:overworld. Processed: 28315 chunks (3.68%), ETA: 5:33:42, Rate: 37 cps, Surface biomes: minecraft:plains (27 chunks), minecraft:river (10 chunks), Current: 123, 31
[13Aug2026 06:34:25.289] [Server thread/INFO] [net.minecraft.server.MinecraftServer/]: [Chunky] Task running for minecraft:overworld. Processed: 28377 chunks (3.69%), ETA: 4:34:21, Rate: 45 cps, Surface biomes: minecraft:plains (36 chunks), minecraft:river (9 chunks), Current: 120, 21
[13Aug2026 06:34:28.368] [Server thread/INFO] [net.minecraft.server.MinecraftServer/]: [Chunky] Task running for minecraft:overworld. Processed: 28430 chunks (3.70%), ETA: 68:34:59, Rate: 3 cps, Surface biomes: minecraft:old_growth_spruce_taiga (3 chunks), Current: 126, 12
[13Aug2026 06:34:28.472] [Server thread/WARN] [net.minecraft.server.MinecraftServer/]: Can't keep up! Is the server overloaded? Running 2984ms or 59 ticks behind
[13Aug2026 06:34:29.771] [Server thread/INFO] [net.minecraft.server.MinecraftServer/]: [Chunky] Task running for minecraft:overworld. Processed: 28481 chunks (3.70%), ETA: 4:02:02, Rate: 51 cps, Surface biomes: minecraft:old_growth_spruce_taiga (26 chunks), minecraft:old_growth_pine_taiga (20 chunks), minecraft:plains (3 chunks), minecraft:river (1 chunks), minecraft:swamp (1 chunks), Current: 119, 13
[13Aug2026 06:34:30.872] [Server thread/INFO] [net.minecraft.server.MinecraftServer/]: [Chunky] Task running for minecraft:overworld. Processed: 28535 chunks (3.71%), ETA: 4:28:19, Rate: 46 cps, Surface biomes: minecraft:plains (29 chunks), minecraft:river (10 chunks), minecraft:old_growth_spruce_taiga (7 chunks), Current: 119, 9
[13Aug2026 06:34:32.538] [Server thread/INFO] [net.minecraft.server.MinecraftServer/]: [Chunky] Task running for minecraft:overworld. Processed: 28601 chunks (3.72%), ETA: 3:12:50, Rate: 64 cps, Surface biomes: minecraft:old_growth_spruce_taiga (23 chunks), minecraft:old_growth_pine_taiga (20 chunks), minecraft:river (14 chunks), minecraft:plains (7 chunks), Current: 118, 2
[13Aug2026 06:34:33.545] [Server thread/INFO] [net.minecraft.server.MinecraftServer/]: [Chunky] Task running for minecraft:overworld. Processed: 28671 chunks (3.73%), ETA: 5:08:31, Rate: 40 cps, Surface biomes: minecraft:old_growth_pine_taiga (38 chunks), minecraft:old_growth_spruce_taiga (2 chunks), Current: 126, 0
[13Aug2026 06:34:34.949] [Server thread/INFO] [net.minecraft.server.MinecraftServer/]: [Chunky] Task running for minecraft:overworld. Processed: 28689 chunks (3.73%), ETA: 6:25:38, Rate: 32 cps, Surface biomes: minecraft:old_growth_pine_taiga (28 chunks), minecraft:swamp (4 chunks), Current: 102, -25
[13Aug2026 06:34:37.738] [Server thread/INFO] [net.minecraft.server.MinecraftServer/]: [Chunky] Task running for minecraft:overworld. Processed: 28715 chunks (3.73%), ETA: 8:34:10, Rate: 24 cps, Surface biomes: minecraft:river (12 chunks), minecraft:plains (4 chunks), minecraft:deep_cold_ocean (3 chunks), minecraft:old_growth_pine_taiga (3 chunks), minecraft:desert (1 chunks), minecraft:old_growth_spruce_taiga (1 chunks), Current: 102, -29
[13Aug2026 06:34:38.788] [Server thread/INFO] [net.minecraft.server.MinecraftServer/]: [Chunky] Task running for minecraft:overworld. Processed: 28748 chunks (3.74%), ETA: 29:22:48, Rate: 7 cps, Surface biomes: minecraft:old_growth_pine_taiga (6 chunks), minecraft:desert (1 chunks), Current: 109, -31
[13Aug2026 06:34:39.850] [Server thread/INFO] [net.minecraft.server.MinecraftServer/]: [Chunky] Task running for minecraft:overworld. Processed: 28801 chunks (3.74%), ETA: 6:25:35, Rate: 32 cps, Surface biomes: minecraft:old_growth_pine_taiga (19 chunks), minecraft:deep_cold_ocean (7 chunks), minecraft:river (5 chunks), minecraft:desert (1 chunks), Current: 104, -24
[13Aug2026 06:34:40.946] [Server thread/INFO] [net.minecraft.server.MinecraftServer/]: [Chunky] Task running for minecraft:overworld. Processed: 28815 chunks (3.75%), ETA: 4:01:55, Rate: 51 cps, Surface biomes: minecraft:old_growth_pine_taiga (34 chunks), minecraft:river (9 chunks), minecraft:deep_cold_ocean (5 chunks), minecraft:desert (2 chunks), minecraft:plains (1 chunks), Current: 110, -24
[13Aug2026 06:34:42.022] [Server thread/INFO] [net.minecraft.server.MinecraftServer/]: [Chunky] Task running for minecraft:overworld. Processed: 28908 chunks (3.76%), ETA: 2:18:37, Rate: 89 cps, Surface biomes: minecraft:plains (47 chunks), minecraft:old_growth_pine_taiga (21 chunks), minecraft:river (8 chunks), minecraft:deep_cold_ocean (7 chunks), minecraft:desert (6 chunks), Current: 96, -23
[13Aug2026 06:34:43.427] [Server thread/INFO] [net.minecraft.server.MinecraftServer/]: [Chunky] Task running for minecraft:overworld. Processed: 28961 chunks (3.77%), ETA: 3:52:45, Rate: 53 cps, Surface biomes: minecraft:plains (53 chunks), Current: 100, -12
[13Aug2026 06:34:44.477] [Server thread/INFO] [net.minecraft.server.MinecraftServer/]: [Chunky] Task running for minecraft:overworld. Processed: 29008 chunks (3.77%), ETA: 205:35:21, Rate: 1 cps, Surface biomes: minecraft:plains (1 chunks), Current: 96, -5
[13Aug2026 06:34:45.498] [Server thread/WARN] [net.minecraft.server.MinecraftServer/]: Can't keep up! Is the server overloaded? Running 2060ms or 41 ticks behind
[13Aug2026 06:34:46.788] [Server thread/INFO] [net.minecraft.server.MinecraftServer/]: [Chunky] Task running for minecraft:overworld. Processed: 29060 chunks (3.78%), ETA: 9:20:39, Rate: 22 cps, Surface biomes: minecraft:plains (20 chunks), minecraft:river (2 chunks), Current: 107, -1
[13Aug2026 06:34:47.888] [Server thread/INFO] [net.minecraft.server.MinecraftServer/]: [Chunky] Task running for minecraft:overworld. Processed: 29088 chunks (3.78%), ETA: 18:41:16, Rate: 11 cps, Surface biomes: minecraft:plains (11 chunks), Current: 108, -2
[13Aug2026 06:34:49.038] [Server thread/INFO] [net.minecraft.server.MinecraftServer/]: [Chunky] Task running for minecraft:overworld. Processed: 29146 chunks (3.79%), ETA: 3:36:22, Rate: 57 cps, Surface biomes: minecraft:plains (44 chunks), minecraft:river (13 chunks), Current: 105, -13
[13Aug2026 06:34:50.088] [Server thread/INFO] [net.minecraft.server.MinecraftServer/]: [Chunky] Task running for minecraft:overworld. Processed: 29167 chunks (3.79%), ETA: 10:16:38, Rate: 20 cps, Surface biomes: minecraft:plains (17 chunks), minecraft:deep_cold_ocean (2 chunks), minecraft:river (1 chunks), Current: 107, -14
[13Aug2026 06:34:51.138] [Server thread/INFO] [net.minecraft.server.MinecraftServer/]: [Chunky] Task running for minecraft:overworld. Processed: 29194 chunks (3.80%), ETA: 7:20:26, Rate: 28 cps, Surface biomes: minecraft:plains (25 chunks), minecraft:river (2 chunks), minecraft:deep_cold_ocean (1 chunks), Current: 114, -13
[13Aug2026 06:34:52.188] [Server thread/INFO] [net.minecraft.server.MinecraftServer/]: [Chunky] Task running for minecraft:overworld. Processed: 29253 chunks (3.80%), ETA: 7:05:12, Rate: 29 cps, Surface biomes: minecraft:river (13 chunks), minecraft:old_growth_pine_taiga (9 chunks), minecraft:plains (7 chunks), Current: 114, -8
[13Aug2026 06:34:53.238] [Server thread/INFO] [net.minecraft.server.MinecraftServer/]: [Chunky] Task running for minecraft:overworld. Processed: 29313 chunks (3.81%), ETA: 2:21:43, Rate: 87 cps, Surface biomes: minecraft:old_growth_pine_taiga (55 chunks), minecraft:plains (16 chunks), minecraft:river (15 chunks), minecraft:deep_cold_ocean (1 chunks), Current: 120, -8
[13Aug2026 06:34:54.239] [Server thread/INFO] [net.minecraft.server.MinecraftServer/]: [Chunky] Task running for minecraft:overworld. Processed: 29335 chunks (3.81%), ETA: 10:48:56, Rate: 19 cps, Surface biomes: minecraft:old_growth_pine_taiga (19 chunks), Current: 122, -3
[13Aug2026 06:34:55.288] [Server thread/INFO] [net.minecraft.server.MinecraftServer/]: [Chunky] Task running for minecraft:overworld. Processed: 29385 chunks (3.82%), ETA: 4:06:34, Rate: 50 cps, Surface biomes: minecraft:old_growth_pine_taiga (50 chunks), Current: 127, -11
[13Aug2026 06:34:57.210] [Server thread/INFO] [net.minecraft.server.MinecraftServer/]: [Chunky] Task running for minecraft:overworld. Processed: 29436 chunks (3.83%), ETA: 3:36:17, Rate: 57 cps, Surface biomes: minecraft:old_growth_pine_taiga (57 chunks), Current: 126, -15
[13Aug2026 06:34:58.959] [Server thread/INFO] [net.minecraft.server.MinecraftServer/]: [Chunky] Task running for minecraft:overworld. Processed: 29537 chunks (3.84%), ETA: 2:02:02, Rate: 101 cps, Surface biomes: minecraft:old_growth_pine_taiga (79 chunks), minecraft:plains (9 chunks), minecraft:river (9 chunks), minecraft:deep_cold_ocean (2 chunks), minecraft:desert (2 chunks), Current: 112, -21
[13Aug2026 06:35:00.032] [Server thread/INFO] [net.minecraft.server.MinecraftServer/]: [Chunky] Task running for minecraft:overworld. Processed: 29587 chunks (3.85%), ETA: 4:11:32, Rate: 49 cps, Surface biomes: minecraft:old_growth_pine_taiga (19 chunks), minecraft:river (11 chunks), minecraft:desert (10 chunks), minecraft:old_growth_spruce_taiga (6 chunks), minecraft:deep_cold_ocean (3 chunks), Current: 112, -27
[13Aug2026 06:35:01.038] [Server thread/INFO] [net.minecraft.server.MinecraftServer/]: [Chunky] Task running for minecraft:overworld. Processed: 29617 chunks (3.85%), ETA: 6:50:50, Rate: 30 cps, Surface biomes: minecraft:river (11 chunks), minecraft:deep_cold_ocean (8 chunks), minecraft:old_growth_spruce_taiga (5 chunks), minecraft:desert (3 chunks), minecraft:old_growth_pine_taiga (3 chunks), Current: 116, -32
[13Aug2026 06:35:02.088] [Server thread/INFO] [net.minecraft.server.MinecraftServer/]: [Chunky] Task running for minecraft:overworld. Processed: 29653 chunks (3.86%), ETA: 5:42:21, Rate: 36 cps, Surface biomes: minecraft:old_growth_spruce_taiga (25 chunks), minecraft:old_growth_pine_taiga (11 chunks), Current: 123, -25
[13Aug2026 06:35:03.138] [Server thread/INFO] [net.minecraft.server.MinecraftServer/]: [Chunky] Task running for minecraft:overworld. Processed: 29688 chunks (3.86%), ETA: 6:02:28, Rate: 34 cps, Surface biomes: minecraft:old_growth_spruce_taiga (23 chunks), minecraft:old_growth_pine_taiga (11 chunks), Current: 126, -31
[13Aug2026 06:35:04.188] [Server thread/INFO] [net.minecraft.server.MinecraftServer/]: [Chunky] Task running for minecraft:overworld. Processed: 29700 chunks (3.86%), ETA: 18:40:20, Rate: 11 cps, Surface biomes: minecraft:old_growth_spruce_taiga (10 chunks), minecraft:river (1 chunks), Current: 96, -60
[13Aug2026 06:35:05.877] [Server thread/INFO] [net.minecraft.server.MinecraftServer/]: [Chunky] Task running for minecraft:overworld. Processed: 29749 chunks (3.87%), ETA: 5:15:58, Rate: 39 cps, Surface biomes: minecraft:taiga (20 chunks), minecraft:river (8 chunks), minecraft:swamp (7 chunks), minecraft:old_growth_spruce_taiga (3 chunks), minecraft:old_growth_pine_taiga (1 chunks), Current: 102, -61
[13Aug2026 06:35:06.887] [Server thread/INFO] [net.minecraft.server.MinecraftServer/]: [Chunky] Task running for minecraft:overworld. Processed: 29781 chunks (3.87%), ETA: 12:04:51, Rate: 17 cps, Surface biomes: minecraft:taiga (17 chunks), Current: 108, -63
[13Aug2026 06:35:07.929] [Server thread/INFO] [net.minecraft.server.MinecraftServer/]: [Chunky] Task running for minecraft:overworld. Processed: 29825 chunks (3.88%), ETA: 6:25:03, Rate: 32 cps, Surface biomes: minecraft:swamp (23 chunks), minecraft:taiga (9 chunks), Current: 106, -56
[13Aug2026 06:35:08.973] [Server thread/INFO] [net.minecraft.server.MinecraftServer/]: [Chunky] Task running for minecraft:overworld. Processed: 29830 chunks (3.88%), ETA: 5:00:31, Rate: 41 cps, Surface biomes: minecraft:swamp (23 chunks), minecraft:taiga (18 chunks), Current: 105, -55
[13Aug2026 06:35:10.044] [Server thread/INFO] [net.minecraft.server.MinecraftServer/]: [Chunky] Task running for minecraft:overworld. Processed: 29881 chunks (3.89%), ETA: 4:16:41, Rate: 48 cps, Surface biomes: minecraft:taiga (39 chunks), minecraft:river (5 chunks), minecraft:old_growth_spruce_taiga (3 chunks), minecraft:swamp (1 chunks), Current: 105, -51
[13Aug2026 06:35:11.186] [Server thread/INFO] [net.minecraft.server.MinecraftServer/]: [Chunky] Task running for minecraft:overworld. Processed: 29953 chunks (3.89%), ETA: 2:51:06, Rate: 72 cps, Surface biomes: minecraft:old_growth_spruce_taiga (57 chunks), minecraft:taiga (15 chunks), Current: 96, -48
[13Aug2026 06:35:12.413] [Server thread/INFO] [net.minecraft.server.MinecraftServer/]: [Chunky] Task running for minecraft:overworld. Processed: 30041 chunks (3.91%), ETA: 4:11:23, Rate: 49 cps, Surface biomes: minecraft:old_growth_spruce_taiga (32 chunks), minecraft:old_growth_pine_taiga (12 chunks), minecraft:desert (2 chunks), minecraft:river (2 chunks), minecraft:deep_cold_ocean (1 chunks), Current: 98, -35
[13Aug2026 06:35:12.996] [Server thread/WARN] [net.minecraft.server.MinecraftServer/]: Can't keep up! Is the server overloaded? Running 2208ms or 44 ticks behind
[13Aug2026 06:35:13.487] [Server thread/INFO] [net.minecraft.server.MinecraftServer/]: [Chunky] Task running for minecraft:overworld. Processed: 30091 chunks (3.91%), ETA: 2:30:12, Rate: 82 cps, Surface biomes: minecraft:river (30 chunks), minecraft:deep_cold_ocean (20 chunks), minecraft:desert (13 chunks), minecraft:old_growth_pine_taiga (13 chunks), minecraft:plains (5 chunks), minecraft:old_growth_spruce_taiga (1 chunks), Current: 105, -38
[13Aug2026 06:35:14.725] [Server thread/INFO] [net.minecraft.server.MinecraftServer/]: [Chunky] Task running for minecraft:overworld. Processed: 30147 chunks (3.92%), ETA: 7:04:42, Rate: 29 cps, Surface biomes: minecraft:deep_cold_ocean (28 chunks), minecraft:river (1 chunks), Current: 111, -42
[13Aug2026 06:35:15.730] [Server thread/INFO] [net.minecraft.server.MinecraftServer/]: [Chunky] Task running for minecraft:overworld. Processed: 30193 chunks (3.93%), ETA: 5:24:05, Rate: 38 cps, Surface biomes: minecraft:deep_cold_ocean (26 chunks), minecraft:old_growth_pine_taiga (9 chunks), minecraft:desert (3 chunks), Current: 108, -48
[13Aug2026 06:35:16.932] [Server thread/INFO] [net.minecraft.server.MinecraftServer/]: [Chunky] Task running for minecraft:overworld. Processed: 30241 chunks (3.93%), ETA: 3:18:37, Rate: 62 cps, Surface biomes: minecraft:river (18 chunks), minecraft:old_growth_pine_taiga (14 chunks), minecraft:desert (10 chunks), minecraft:old_growth_spruce_taiga (8 chunks), minecraft:taiga (6 chunks), minecraft:deep_cold_ocean (5 chunks), minecraft:plains (1 chunks), Current: 116, -44
[13Aug2026 06:35:17.938] [Server thread/INFO] [net.minecraft.server.MinecraftServer/]: [Chunky] Task running for minecraft:overworld. Processed: 30261 chunks (3.93%), ETA: 5:42:04, Rate: 36 cps, Surface biomes: minecraft:old_growth_pine_taiga (18 chunks), minecraft:taiga (11 chunks), minecraft:old_growth_spruce_taiga (7 chunks), Current: 113, -43
[13Aug2026 06:35:18.988] [Server thread/INFO] [net.minecraft.server.MinecraftServer/]: [Chunky] Task running for minecraft:overworld. Processed: 30298 chunks (3.94%), ETA: 13:40:55, Rate: 15 cps, Surface biomes: minecraft:old_growth_pine_taiga (15 chunks), Current: 114, -35
[13Aug2026 06:35:19.990] [Server thread/INFO] [net.minecraft.server.MinecraftServer/]: [Chunky] Task running for minecraft:overworld. Processed: 30358 chunks (3.95%), ETA: 5:51:47, Rate: 35 cps, Surface biomes: minecraft:old_growth_pine_taiga (24 chunks), minecraft:desert (5 chunks), minecraft:old_growth_spruce_taiga (5 chunks), minecraft:deep_cold_ocean (1 chunks), Current: 120, -33
[13Aug2026 06:35:21.088] [Server thread/INFO] [net.minecraft.server.MinecraftServer/]: [Chunky] Task running for minecraft:overworld. Processed: 30390 chunks (3.95%), ETA: 6:37:10, Rate: 31 cps, Surface biomes: minecraft:old_growth_spruce_taiga (31 chunks), Current: 127, -36
[13Aug2026 06:35:22.090] [Server thread/INFO] [net.minecraft.server.MinecraftServer/]: [Chunky] Task running for minecraft:overworld. Processed: 30428 chunks (3.96%), ETA: 8:12:28, Rate: 25 cps, Surface biomes: minecraft:old_growth_spruce_taiga (25 chunks), Current: 122, -43
[13Aug2026 06:35:23.138] [Server thread/INFO] [net.minecraft.server.MinecraftServer/]: [Chunky] Task running for minecraft:overworld. Processed: 30466 chunks (3.96%), ETA: 4:11:14, Rate: 49 cps, Surface biomes: minecraft:old_growth_spruce_taiga (29 chunks), minecraft:taiga (18 chunks), minecraft:desert (2 chunks), Current: 124, -50
[13Aug2026 06:35:24.188] [Server thread/INFO] [net.minecraft.server.MinecraftServer/]: [Chunky] Task running for minecraft:overworld. Processed: 30473 chunks (3.96%), ETA: 34:11:49, Rate: 6 cps, Surface biomes: minecraft:taiga (6 chunks), Current: 124, -52
[13Aug2026 06:35:25.238] [Server thread/INFO] [net.minecraft.server.MinecraftServer/]: [Chunky] Task running for minecraft:overworld. Processed: 30489 chunks (3.96%), ETA: 17:05:53, Rate: 12 cps, Surface biomes: minecraft:taiga (9 chunks), minecraft:old_growth_spruce_taiga (3 chunks), Current: 127, -53
[13Aug2026 06:35:26.858] [Server thread/INFO] [net.minecraft.server.MinecraftServer/]: [Chunky] Task running for minecraft:overworld. Processed: 30543 chunks (3.97%), ETA: 3:21:47, Rate: 61 cps, Surface biomes: minecraft:taiga (53 chunks), minecraft:swamp (4 chunks), minecraft:old_growth_spruce_taiga (3 chunks), minecraft:river (1 chunks), Current: 117, -49
[13Aug2026 06:35:28.329] [Server thread/INFO] [net.minecraft.server.MinecraftServer/]: [Chunky] Task running for minecraft:overworld. Processed: 30593 chunks (3.98%), ETA: 205:08:56, Rate: 1 cps, Surface biomes: minecraft:taiga (1 chunks), Current: 112, -57
[13Aug2026 06:35:29.500] [Server thread/INFO] [net.minecraft.server.MinecraftServer/]: [Chunky] Task running for minecraft:overworld. Processed: 30644 chunks (3.98%), ETA: 4:01:20, Rate: 51 cps, Surface biomes: minecraft:swamp (41 chunks), minecraft:river (7 chunks), minecraft:taiga (3 chunks), Current: 116, -63
[13Aug2026 06:35:30.517] [Server thread/INFO] [net.minecraft.server.MinecraftServer/]: [Chunky] Task running for minecraft:overworld. Processed: 30695 chunks (3.99%), ETA: 8:55:05, Rate: 23 cps, Surface biomes: minecraft:swamp (23 chunks), Current: 125, -57
[13Aug2026 06:35:31.634] [Server thread/INFO] [net.minecraft.server.MinecraftServer/]: [Chunky] Task running for minecraft:overworld. Processed: 30709 chunks (3.99%), ETA: 6:50:14, Rate: 30 cps, Surface biomes: minecraft:swamp (13 chunks), minecraft:river (10 chunks), minecraft:taiga (7 chunks), Current: 126, -61
[13Aug2026 06:35:33.672] [Server thread/INFO] [net.minecraft.server.MinecraftServer/]: [Chunky] Task running for minecraft:overworld. Processed: 30745 chunks (4.00%), ETA: 20:30:38, Rate: 10 cps, Surface biomes: minecraft:swamp (10 chunks), Current: 98, -90
[13Aug2026 06:35:35.065] [Server thread/INFO] [net.minecraft.server.MinecraftServer/]: [Chunky] Task running for minecraft:overworld. Processed: 30795 chunks (4.00%), ETA: 4:06:06, Rate: 50 cps, Surface biomes: minecraft:swamp (22 chunks), minecraft:river (14 chunks), minecraft:deep_frozen_ocean (12 chunks), minecraft:plains (2 chunks), Current: 107, -94
[13Aug2026 06:35:35.790] [Server thread/WARN] [net.minecraft.server.MinecraftServer/]: Can't keep up! Is the server overloaded? Running 7802ms or 156 ticks behind
[13Aug2026 06:35:38.188] [Server thread/INFO] [net.minecraft.server.MinecraftServer/]: [Chunky] Task running for minecraft:overworld. Processed: 30849 chunks (4.01%), ETA: 3:47:51, Rate: 54 cps, Surface biomes: minecraft:swamp (54 chunks), Current: 109, -87
[13Aug2026 06:35:39.238] [Server thread/INFO] [net.minecraft.server.MinecraftServer/]: [Chunky] Task running for minecraft:overworld. Processed: 30879 chunks (4.01%), ETA: 8:12:10, Rate: 25 cps, Surface biomes: minecraft:swamp (25 chunks), Current: 110, -83
[13Aug2026 06:35:40.243] [Server thread/INFO] [net.minecraft.server.MinecraftServer/]: [Chunky] Task running for minecraft:overworld. Processed: 30933 chunks (4.02%), ETA: 4:46:07, Rate: 43 cps, Surface biomes: minecraft:swamp (43 chunks), Current: 101, -85
[13Aug2026 06:35:41.315] [Server thread/INFO] [net.minecraft.server.MinecraftServer/]: [Chunky] Task running for minecraft:overworld. Processed: 30995 chunks (4.03%), ETA: 3:39:40, Rate: 56 cps, Surface biomes: minecraft:swamp (56 chunks), Current: 101, -80
[13Aug2026 06:35:42.371] [Server thread/INFO] [net.minecraft.server.MinecraftServer/]: [Chunky] Task running for minecraft:overworld. Processed: 31001 chunks (4.03%), ETA: 7:35:38, Rate: 27 cps, Surface biomes: minecraft:swamp (27 chunks), Current: 100, -77
[13Aug2026 06:35:43.549] [Server thread/INFO] [net.minecraft.server.MinecraftServer/]: [Chunky] Task running for minecraft:overworld. Processed: 31052 chunks (4.04%), ETA: 4:16:16, Rate: 48 cps, Surface biomes: minecraft:swamp (48 chunks), Current: 98, -69
[13Aug2026 06:35:44.726] [Server thread/INFO] [net.minecraft.server.MinecraftServer/]: [Chunky] Task running for minecraft:overworld. Processed: 31105 chunks (4.04%), ETA: 3:35:47, Rate: 57 cps, Surface biomes: minecraft:swamp (49 chunks), minecraft:river (8 chunks), Current: 106, -65
[13Aug2026 06:35:45.959] [Server thread/INFO] [net.minecraft.server.MinecraftServer/]: [Chunky] Task running for minecraft:overworld. Processed: 31145 chunks (4.05%), ETA: 5:07:29, Rate: 40 cps, Surface biomes: minecraft:swamp (34 chunks), minecraft:river (6 chunks), Current: 109, -69
[13Aug2026 06:35:46.988] [Server thread/INFO] [net.minecraft.server.MinecraftServer/]: [Chunky] Task running for minecraft:overworld. Processed: 31215 chunks (4.06%), ETA: 5:07:27, Rate: 40 cps, Surface biomes: minecraft:swamp (34 chunks), minecraft:river (6 chunks), Current: 107, -80
[13Aug2026 06:35:48.038] [Server thread/INFO] [net.minecraft.server.MinecraftServer/]: [Chunky] Task running for minecraft:overworld. Processed: 31248 chunks (4.06%), ETA: 6:24:18, Rate: 32 cps, Surface biomes: minecraft:swamp (32 chunks), Current: 116, -79
[13Aug2026 06:35:49.088] [Server thread/INFO] [net.minecraft.server.MinecraftServer/]: [Chunky] Task running for minecraft:overworld. Processed: 31282 chunks (4.07%), ETA: 6:12:39, Rate: 33 cps, Surface biomes: minecraft:swamp (33 chunks), Current: 115, -73
[13Aug2026 06:35:50.788] [Server thread/INFO] [net.minecraft.server.MinecraftServer/]: [Chunky] Task running for minecraft:overworld. Processed: 31332 chunks (4.07%), ETA: 4:01:06, Rate: 51 cps, Surface biomes: minecraft:swamp (43 chunks), minecraft:river (8 chunks), Current: 116, -65
[13Aug2026 06:35:51.838] [Server thread/INFO] [net.minecraft.server.MinecraftServer/]: [Chunky] Task running for minecraft:overworld. Processed: 31366 chunks (4.08%), ETA: 25:37:00, Rate: 8 cps, Surface biomes: minecraft:swamp (8 chunks), Current: 119, -67
[13Aug2026 06:35:52.939] [Server thread/INFO] [net.minecraft.server.MinecraftServer/]: [Chunky] Task running for minecraft:overworld. Processed: 31386 chunks (4.08%), ETA: 6:01:38, Rate: 34 cps, Surface biomes: minecraft:swamp (25 chunks), minecraft:river (9 chunks), Current: 122, -66
[13Aug2026 06:35:53.988] [Server thread/INFO] [net.minecraft.server.MinecraftServer/]: [Chunky] Task running for minecraft:overworld. Processed: 31451 chunks (4.09%), ETA: 13:39:38, Rate: 15 cps, Surface biomes: minecraft:swamp (12 chunks), minecraft:river (3 chunks), Current: 123, -76
[13Aug2026 06:35:55.038] [Server thread/INFO] [net.minecraft.server.MinecraftServer/]: [Chunky] Task running for minecraft:overworld. Processed: 31475 chunks (4.09%), ETA: 8:54:31, Rate: 23 cps, Surface biomes: minecraft:swamp (23 chunks), Current: 124, -79
[13Aug2026 06:35:56.180] [Server thread/INFO] [net.minecraft.server.MinecraftServer/]: [Chunky] Task running for minecraft:overworld. Processed: 31533 chunks (4.10%), ETA: 3:31:57, Rate: 58 cps, Surface biomes: minecraft:swamp (58 chunks), Current: 123, -84
[13Aug2026 06:35:57.251] [Server thread/INFO] [net.minecraft.server.MinecraftServer/]: [Chunky] Task running for minecraft:overworld. Processed: 31588 chunks (4.11%), ETA: 3:56:23, Rate: 52 cps, Surface biomes: minecraft:swamp (52 chunks), Current: 119, -87
[13Aug2026 06:35:58.257] [Server thread/INFO] [net.minecraft.server.MinecraftServer/]: [Chunky] Task running for minecraft:overworld. Processed: 31642 chunks (4.11%), ETA: 3:51:54, Rate: 53 cps, Surface biomes: minecraft:swamp (53 chunks), Current: 112, -92
[13Aug2026 06:35:58.394] [Server thread/WARN] [net.minecraft.server.MinecraftServer/]: Can't keep up! Is the server overloaded? Running 2656ms or 53 ticks behind
[13Aug2026 06:35:59.638] [Server thread/INFO] [net.minecraft.server.MinecraftServer/]: [Chunky] Task running for minecraft:overworld. Processed: 31683 chunks (4.12%), ETA: 4:33:07, Rate: 45 cps, Surface biomes: minecraft:swamp (45 chunks), Current: 120, -94
[13Aug2026 06:36:00.688] [Server thread/INFO] [net.minecraft.server.MinecraftServer/]: [Chunky] Task running for minecraft:overworld. Processed: 31712 chunks (4.12%), ETA: 14:37:52, Rate: 14 cps, Surface biomes: minecraft:swamp (14 chunks), Current: 125, -90
[13Aug2026 06:36:02.338] [Server thread/INFO] [net.minecraft.server.MinecraftServer/]: [Chunky] Task running for minecraft:overworld. Processed: 31747 chunks (4.13%), ETA: 102:24:51, Rate: 2 cps, Surface biomes: minecraft:swamp (2 chunks), Current: 64, -96
[13Aug2026 06:36:03.457] [Server thread/INFO] [net.minecraft.server.MinecraftServer/]: [Chunky] Task running for minecraft:overworld. Processed: 31804 chunks (4.14%), ETA: 12:02:52, Rate: 17 cps, Surface biomes: minecraft:swamp (17 chunks), Current: 69, -96
[13Aug2026 06:36:04.558] [Server thread/INFO] [net.minecraft.server.MinecraftServer/]: [Chunky] Task running for minecraft:overworld. Processed: 31810 chunks (4.14%), ETA: 4:39:17, Rate: 44 cps, Surface biomes: minecraft:swamp (44 chunks), Current: 72, -95
[13Aug2026 06:36:06.265] [Server thread/INFO] [net.minecraft.server.MinecraftServer/]: [Chunky] Task running for minecraft:overworld. Processed: 31874 chunks (4.14%), ETA: 4:52:33, Rate: 42 cps, Surface biomes: minecraft:swamp (41 chunks), minecraft:deep_frozen_ocean (1 chunks), Current: 73, -87
[13Aug2026 06:36:07.292] [Server thread/INFO] [net.minecraft.server.MinecraftServer/]: [Chunky] Task running for minecraft:overworld. Processed: 31934 chunks (4.15%), ETA: 3:43:23, Rate: 55 cps, Surface biomes: minecraft:swamp (55 chunks), Current: 71, -88
[13Aug2026 06:36:08.401] [Server thread/INFO] [net.minecraft.server.MinecraftServer/]: [Chunky] Task running for minecraft:overworld. Processed: 31987 chunks (4.16%), ETA: 3:35:32, Rate: 57 cps, Surface biomes: minecraft:swamp (57 chunks), Current: 64, -88
[13Aug2026 06:36:09.411] [Server thread/INFO] [net.minecraft.server.MinecraftServer/]: [Chunky] Task running for minecraft:overworld. Processed: 32035 chunks (4.17%), ETA: 5:41:14, Rate: 36 cps, Surface biomes: minecraft:swamp (36 chunks), Current: 68, -75
[13Aug2026 06:36:10.412] [Server thread/INFO] [net.minecraft.server.MinecraftServer/]: [Chunky] Task running for minecraft:overworld. Processed: 32097 chunks (4.17%), ETA: 8:11:21, Rate: 25 cps, Surface biomes: minecraft:swamp (25 chunks), Current: 68, -67
[13Aug2026 06:36:11.477] [Server thread/INFO] [net.minecraft.server.MinecraftServer/]: [Chunky] Task running for minecraft:overworld. Processed: 32153 chunks (4.18%), ETA: 2:45:59, Rate: 74 cps, Surface biomes: minecraft:old_growth_spruce_taiga (44 chunks), minecraft:swamp (30 chunks), Current: 74, -67
[13Aug2026 06:36:12.677] [Server thread/INFO] [net.minecraft.server.MinecraftServer/]: [Chunky] Task running for minecraft:overworld. Processed: 32171 chunks (4.18%), ETA: 4:05:39, Rate: 50 cps, Surface biomes: minecraft:swamp (37 chunks), minecraft:old_growth_pine_taiga (5 chunks), minecraft:river (4 chunks), minecraft:old_growth_spruce_taiga (3 chunks), minecraft:deep_frozen_ocean (1 chunks), Current: 78, -67
[13Aug2026 06:36:13.678] [Server thread/INFO] [net.minecraft.server.MinecraftServer/]: [Chunky] Task running for minecraft:overworld. Processed: 32265 chunks (4.20%), ETA: 3:47:25, Rate: 54 cps, Surface biomes: minecraft:swamp (36 chunks), minecraft:deep_frozen_ocean (11 chunks), minecraft:river (7 chunks), Current: 82, -78
[13Aug2026 06:36:15.249] [Server thread/INFO] [net.minecraft.server.MinecraftServer/]: [Chunky] Task running for minecraft:overworld. Processed: 32276 chunks (4.20%), ETA: 40:56:10, Rate: 5 cps, Surface biomes: minecraft:swamp (5 chunks), Current: 85, -80
[13Aug2026 06:36:16.624] [Server thread/INFO] [net.minecraft.server.MinecraftServer/]: [Chunky] Task running for minecraft:overworld. Processed: 32385 chunks (4.21%), ETA: 2:12:01, Rate: 93 cps, Surface biomes: minecraft:swamp (35 chunks), minecraft:deep_frozen_ocean (31 chunks), minecraft:river (18 chunks), minecraft:plains (8 chunks), minecraft:deep_cold_ocean (1 chunks), Current: 88, -70
[13Aug2026 06:36:17.692] [Server thread/INFO] [net.minecraft.server.MinecraftServer/]: [Chunky] Task running for minecraft:overworld. Processed: 32512 chunks (4.23%), ETA: 3:51:38, Rate: 53 cps, Surface biomes: minecraft:swamp (46 chunks), minecraft:deep_frozen_ocean (5 chunks), minecraft:plains (2 chunks), Current: 95, -80
[13Aug2026 06:36:17.820] [Server thread/WARN] [net.minecraft.server.MinecraftServer/]: Can't keep up! Is the server overloaded? Running 4432ms or 88 ticks behind
[13Aug2026 06:36:18.738] [Server thread/INFO] [net.minecraft.server.MinecraftServer/]: [Chunky] Task running for minecraft:overworld. Processed: 32521 chunks (4.23%), ETA: 2:04:00, Rate: 99 cps, Surface biomes: minecraft:swamp (99 chunks), Current: 95, -83
[13Aug2026 06:36:19.741] [Server thread/INFO] [net.minecraft.server.MinecraftServer/]: [Chunky] Task running for minecraft:overworld. Processed: 32569 chunks (4.23%), ETA: 51:09:00, Rate: 4 cps, Surface biomes: minecraft:swamp (4 chunks), Current: 88, -85
[13Aug2026 06:36:20.788] [Server thread/INFO] [net.minecraft.server.MinecraftServer/]: [Chunky] Task running for minecraft:overworld. Processed: 32621 chunks (4.24%), ETA: 3:24:35, Rate: 60 cps, Surface biomes: minecraft:swamp (60 chunks), Current: 81, -88
[13Aug2026 06:36:21.888] [Server thread/INFO] [net.minecraft.server.MinecraftServer/]: [Chunky] Task running for minecraft:overworld. Processed: 32661 chunks (4.25%), ETA: 4:26:50, Rate: 46 cps, Surface biomes: minecraft:swamp (41 chunks), minecraft:river (5 chunks), Current: 83, -89
[13Aug2026 06:36:23.088] [Server thread/INFO] [net.minecraft.server.MinecraftServer/]: [Chunky] Task running for minecraft:overworld. Processed: 32734 chunks (4.26%), ETA: 3:00:29, Rate: 68 cps, Surface biomes: minecraft:swamp (52 chunks), minecraft:deep_frozen_ocean (7 chunks), minecraft:river (7 chunks), minecraft:plains (2 chunks), Current: 90, -91
[13Aug2026 06:36:24.138] [Server thread/INFO] [net.minecraft.server.MinecraftServer/]: [Chunky] Task running for minecraft:overworld. Processed: 32741 chunks (4.26%), ETA: 29:13:18, Rate: 7 cps, Surface biomes: minecraft:swamp (7 chunks), Current: 92, -90
[13Aug2026 06:36:25.605] [Server thread/INFO] [net.minecraft.server.MinecraftServer/]: [Chunky] Task running for minecraft:overworld. Processed: 32769 chunks (4.26%), ETA: 7:18:18, Rate: 28 cps, Surface biomes: minecraft:swamp (28 chunks), Current: 33, -96
[13Aug2026 06:36:26.620] [Server thread/INFO] [net.minecraft.server.MinecraftServer/]: [Chunky] Task running for minecraft:overworld. Processed: 32776 chunks (4.26%), ETA: 204:32:33, Rate: 1 cps, Surface biomes: minecraft:river (1 chunks), Current: 34, -94
[13Aug2026 06:36:27.697] [Server thread/INFO] [net.minecraft.server.MinecraftServer/]: [Chunky] Task running for minecraft:overworld. Processed: 32824 chunks (4.27%), ETA: 3:51:32, Rate: 53 cps, Surface biomes: minecraft:taiga (49 chunks), minecraft:river (4 chunks), Current: 38, -94
[13Aug2026 06:36:29.446] [Server thread/INFO] [net.minecraft.server.MinecraftServer/]: [Chunky] Task running for minecraft:overworld. Processed: 32825 chunks (4.27%), ETA: 102:15:52, Rate: 2 cps, Surface biomes: minecraft:taiga (2 chunks), Current: 37, -95
[13Aug2026 06:36:30.477] [Server thread/INFO] [net.minecraft.server.MinecraftServer/]: [Chunky] Task running for minecraft:overworld. Processed: 32886 chunks (4.28%), ETA: 4:21:04, Rate: 47 cps, Surface biomes: minecraft:taiga (43 chunks), minecraft:plains (2 chunks), minecraft:river (2 chunks), Current: 46, -92
[13Aug2026 06:36:31.521] [Server thread/INFO] [net.minecraft.server.MinecraftServer/]: [Chunky] Task running for minecraft:overworld. Processed: 32919 chunks (4.28%), ETA: 4:21:04, Rate: 47 cps, Surface biomes: minecraft:deep_frozen_ocean (17 chunks), minecraft:plains (11 chunks), minecraft:river (9 chunks), minecraft:taiga (7 chunks), minecraft:old_growth_pine_taiga (2 chunks), minecraft:deep_cold_ocean (1 chunks), Current: 46, -87
[13Aug2026 06:36:32.736] [Server thread/INFO] [net.minecraft.server.MinecraftServer/]: [Chunky] Task running for minecraft:overworld. Processed: 32953 chunks (4.28%), ETA: 6:00:52, Rate: 34 cps, Surface biomes: minecraft:old_growth_pine_taiga (24 chunks), minecraft:taiga (4 chunks), minecraft:deep_frozen_ocean (3 chunks), minecraft:plains (3 chunks), Current: 40, -84
[13Aug2026 06:36:33.886] [Server thread/INFO] [net.minecraft.server.MinecraftServer/]: [Chunky] Task running for minecraft:overworld. Processed: 33007 chunks (4.29%), ETA: 11:21:35, Rate: 18 cps, Surface biomes: minecraft:old_growth_pine_taiga (15 chunks), minecraft:deep_cold_ocean (1 chunks), minecraft:plains (1 chunks), minecraft:river (1 chunks), Current: 33, -85
[13Aug2026 06:36:35.467] [Server thread/INFO] [net.minecraft.server.MinecraftServer/]: [Chunky] Task running for minecraft:overworld. Processed: 33025 chunks (4.29%), ETA: 25:33:33, Rate: 8 cps, Surface biomes: minecraft:old_growth_pine_taiga (6 chunks), minecraft:river (2 chunks), Current: 33, -81
[13Aug2026 06:36:37.556] [Server thread/INFO] [net.minecraft.server.MinecraftServer/]: [Chunky] Task running for minecraft:overworld. Processed: 33071 chunks (4.30%), ETA: 14:36:15, Rate: 14 cps, Surface biomes: minecraft:old_growth_pine_taiga (14 chunks), Current: 34, -73
[13Aug2026 06:36:38.563] [Server thread/INFO] [net.minecraft.server.MinecraftServer/]: [Chunky] Task running for minecraft:overworld. Processed: 33154 chunks (4.31%), ETA: 4:05:19, Rate: 50 cps, Surface biomes: minecraft:old_growth_spruce_taiga (29 chunks), minecraft:old_growth_pine_taiga (21 chunks), Current: 40, -71
[13Aug2026 06:36:39.662] [Server thread/INFO] [net.minecraft.server.MinecraftServer/]: [Chunky] Task running for minecraft:overworld. Processed: 33193 chunks (4.32%), ETA: 5:40:42, Rate: 36 cps, Surface biomes: minecraft:old_growth_spruce_taiga (32 chunks), minecraft:old_growth_pine_taiga (4 chunks), Current: 46, -68
[13Aug2026 06:36:40.680] [Server thread/INFO] [net.minecraft.server.MinecraftServer/]: [Chunky] Task running for minecraft:overworld. Processed: 33222 chunks (4.32%), ETA: 3:39:01, Rate: 56 cps, Surface biomes: minecraft:old_growth_spruce_taiga (51 chunks), minecraft:old_growth_pine_taiga (3 chunks), minecraft:deep_cold_ocean (1 chunks), minecraft:plains (1 chunks), Current: 41, -75
[13Aug2026 06:36:41.742] [Server thread/INFO] [net.minecraft.server.MinecraftServer/]: [Chunky] Task running for minecraft:overworld. Processed: 33282 chunks (4.33%), ETA: 3:11:37, Rate: 64 cps, Surface biomes: minecraft:old_growth_pine_taiga (59 chunks), minecraft:old_growth_spruce_taiga (5 chunks), Current: 48, -80
[13Aug2026 06:36:42.908] [Server thread/INFO] [net.minecraft.server.MinecraftServer/]: [Chunky] Task running for minecraft:overworld. Processed: 33327 chunks (4.33%), ETA: 6:23:13, Rate: 32 cps, Surface biomes: minecraft:old_growth_spruce_taiga (20 chunks), minecraft:old_growth_pine_taiga (12 chunks), Current: 49, -75
[13Aug2026 06:36:44.148] [Server thread/INFO] [net.minecraft.server.MinecraftServer/]: [Chunky] Task running for minecraft:overworld. Processed: 33412 chunks (4.34%), ETA: 2:31:22, Rate: 81 cps, Surface biomes: minecraft:old_growth_spruce_taiga (75 chunks), minecraft:deep_cold_ocean (4 chunks), minecraft:plains (2 chunks), Current: 57, -65
[13Aug2026 06:36:45.241] [Server thread/INFO] [net.minecraft.server.MinecraftServer/]: [Chunky] Task running for minecraft:overworld. Processed: 33541 chunks (4.36%), ETA: 1:43:53, Rate: 118 cps, Surface biomes: minecraft:old_growth_spruce_taiga (80 chunks), minecraft:deep_cold_ocean (18 chunks), minecraft:taiga (12 chunks), minecraft:plains (8 chunks), Current: 61, -81
[13Aug2026 06:36:45.246] [Server thread/WARN] [net.minecraft.server.MinecraftServer/]: Can't keep up! Is the server overloaded? Running 12458ms or 249 ticks behind
[13Aug2026 06:36:46.588] [Server thread/INFO] [net.minecraft.server.MinecraftServer/]: [Chunky] Task running for minecraft:overworld. Processed: 33545 chunks (4.36%), ETA: 13:37:18, Rate: 15 cps, Surface biomes: minecraft:taiga (11 chunks), minecraft:swamp (4 chunks), Current: 62, -86
[13Aug2026 06:36:47.592] [Server thread/INFO] [net.minecraft.server.MinecraftServer/]: [Chunky] Task running for minecraft:overworld. Processed: 33603 chunks (4.37%), ETA: 9:17:13, Rate: 22 cps, Surface biomes: minecraft:taiga (13 chunks), minecraft:swamp (9 chunks), Current: 54, -82
[13Aug2026 06:36:48.688] [Server thread/INFO] [net.minecraft.server.MinecraftServer/]: [Chunky] Task running for minecraft:overworld. Processed: 33671 chunks (4.38%), ETA: 2:37:08, Rate: 78 cps, Surface biomes: minecraft:taiga (54 chunks), minecraft:old_growth_spruce_taiga (13 chunks), minecraft:deep_frozen_ocean (5 chunks), minecraft:old_growth_pine_taiga (4 chunks), minecraft:plains (2 chunks), Current: 53, -91
[13Aug2026 06:36:49.768] [Server thread/INFO] [net.minecraft.server.MinecraftServer/]: [Chunky] Task running for minecraft:overworld. Processed: 33729 chunks (4.39%), ETA: 5:31:15, Rate: 37 cps, Surface biomes: minecraft:taiga (24 chunks), minecraft:river (7 chunks), minecraft:deep_frozen_ocean (3 chunks), minecraft:plains (3 chunks), Current: 56, -96
[13Aug2026 06:36:50.788] [Server thread/INFO] [net.minecraft.server.MinecraftServer/]: [Chunky] Task running for minecraft:overworld. Processed: 33769 chunks (4.39%), ETA: 2:55:05, Rate: 70 cps, Surface biomes: minecraft:taiga (35 chunks), minecraft:swamp (28 chunks), minecraft:plains (4 chunks), minecraft:deep_frozen_ocean (3 chunks), Current: 62, -94
[13Aug2026 06:36:52.309] [Server thread/INFO] [net.minecraft.server.MinecraftServer/]: [Chunky] Task running for minecraft:overworld. Processed: 33785 chunks (4.39%), ETA: 17:01:18, Rate: 12 cps, Surface biomes: minecraft:swamp (12 chunks), Current: 60, -95
[13Aug2026 06:36:53.438] [Server thread/INFO] [net.minecraft.server.MinecraftServer/]: [Chunky] Task running for minecraft:overworld. Processed: 33794 chunks (4.39%), ETA: 25:31:56, Rate: 8 cps, Surface biomes: minecraft:swamp (8 chunks), Current: 2, -93
[13Aug2026 06:36:54.538] [Server thread/INFO] [net.minecraft.server.MinecraftServer/]: [Chunky] Task running for minecraft:overworld. Processed: 33822 chunks (4.40%), ETA: 17:01:15, Rate: 12 cps, Surface biomes: minecraft:taiga (11 chunks), minecraft:old_growth_spruce_taiga (1 chunks), Current: 3, -90
[13Aug2026 06:36:55.542] [Server thread/INFO] [net.minecraft.server.MinecraftServer/]: [Chunky] Task running for minecraft:overworld. Processed: 33857 chunks (4.40%), ETA: 6:35:18, Rate: 31 cps, Surface biomes: minecraft:old_growth_spruce_taiga (16 chunks), minecraft:taiga (15 chunks), Current: 6, -96
[13Aug2026 06:36:56.847] [Server thread/INFO] [net.minecraft.server.MinecraftServer/]: [Chunky] Task running for minecraft:overworld. Processed: 33900 chunks (4.41%), ETA: 6:48:27, Rate: 30 cps, Surface biomes: minecraft:taiga (22 chunks), minecraft:old_growth_spruce_taiga (8 chunks), Current: 13, -88
[13Aug2026 06:36:59.615] [Server thread/INFO] [net.minecraft.server.MinecraftServer/]: [Chunky] Task running for minecraft:overworld. Processed: 33953 chunks (4.41%), ETA: 4:00:15, Rate: 51 cps, Surface biomes: minecraft:old_growth_spruce_taiga (48 chunks), minecraft:taiga (3 chunks), Current: 12, -83
[13Aug2026 06:37:00.718] [Server thread/INFO] [net.minecraft.server.MinecraftServer/]: [Chunky] Task running for minecraft:overworld. Processed: 34031 chunks (4.42%), ETA: 4:05:01, Rate: 50 cps, Surface biomes: minecraft:old_growth_spruce_taiga (48 chunks), minecraft:river (2 chunks), Current: 1, -85
[13Aug2026 06:37:02.254] [Server thread/INFO] [net.minecraft.server.MinecraftServer/]: [Chunky] Task running for minecraft:overworld. Processed: 34052 chunks (4.43%), ETA: 22:41:15, Rate: 9 cps, Surface biomes: minecraft:old_growth_spruce_taiga (9 chunks), Current: 1, -78
[13Aug2026 06:37:03.267] [Server thread/INFO] [net.minecraft.server.MinecraftServer/]: [Chunky] Task running for minecraft:overworld. Processed: 34093 chunks (4.43%), ETA: 6:11:13, Rate: 33 cps, Surface biomes: minecraft:old_growth_spruce_taiga (22 chunks), minecraft:river (11 chunks), Current: 3, -75
[13Aug2026 06:37:04.289] [Server thread/INFO] [net.minecraft.server.MinecraftServer/]: [Chunky] Task running for minecraft:overworld. Processed: 34131 chunks (4.44%), ETA: 10:12:29, Rate: 20 cps, Surface biomes: minecraft:old_growth_pine_taiga (11 chunks), minecraft:old_growth_spruce_taiga (9 chunks), Current: 1, -67
[13Aug2026 06:37:05.306] [Server thread/INFO] [net.minecraft.server.MinecraftServer/]: [Chunky] Task running for minecraft:overworld. Processed: 34183 chunks (4.44%), ETA: 2:43:19, Rate: 75 cps, Surface biomes: minecraft:old_growth_pine_taiga (53 chunks), minecraft:old_growth_spruce_taiga (21 chunks), minecraft:river (1 chunks), Current: 10, -71
[13Aug2026 06:37:06.155] [Server thread/WARN] [net.minecraft.server.MinecraftServer/]: Can't keep up! Is the server overloaded? Running 5917ms or 118 ticks behind
[13Aug2026 06:37:06.588] [Server thread/INFO] [net.minecraft.server.MinecraftServer/]: [Chunky] Task running for minecraft:overworld. Processed: 34230 chunks (4.45%), ETA: 6:48:16, Rate: 30 cps, Surface biomes: minecraft:old_growth_pine_taiga (16 chunks), minecraft:old_growth_spruce_taiga (14 chunks), Current: 12, -69
[13Aug2026 06:37:07.638] [Server thread/INFO] [net.minecraft.server.MinecraftServer/]: [Chunky] Task running for minecraft:overworld. Processed: 34265 chunks (4.46%), ETA: 8:52:30, Rate: 23 cps, Surface biomes: minecraft:old_growth_spruce_taiga (15 chunks), minecraft:old_growth_pine_taiga (8 chunks), Current: 9, -73
[13Aug2026 06:37:09.288] [Server thread/INFO] [net.minecraft.server.MinecraftServer/]: [Chunky] Task running for minecraft:overworld. Processed: 34314 chunks (4.46%), ETA: 5:06:10, Rate: 40 cps, Surface biomes: minecraft:old_growth_spruce_taiga (29 chunks), minecraft:old_growth_pine_taiga (6 chunks), minecraft:river (5 chunks), Current: 18, -77
[13Aug2026 06:37:10.339] [Server thread/INFO] [net.minecraft.server.MinecraftServer/]: [Chunky] Task running for minecraft:overworld. Processed: 34354 chunks (4.47%), ETA: 8:09:51, Rate: 25 cps, Surface biomes: minecraft:old_growth_pine_taiga (24 chunks), minecraft:old_growth_spruce_taiga (1 chunks), Current: 17, -75
[13Aug2026 06:37:11.439] [Server thread/INFO] [net.minecraft.server.MinecraftServer/]: [Chunky] Task running for minecraft:overworld. Processed: 34411 chunks (4.47%), ETA: 2:50:04, Rate: 72 cps, Surface biomes: minecraft:old_growth_pine_taiga (46 chunks), minecraft:old_growth_spruce_taiga (26 chunks), Current: 21, -72
[13Aug2026 06:37:12.456] [Server thread/INFO] [net.minecraft.server.MinecraftServer/]: [Chunky] Task running for minecraft:overworld. Processed: 34528 chunks (4.49%), ETA: 2:13:04, Rate: 92 cps, Surface biomes: minecraft:old_growth_spruce_taiga (65 chunks), minecraft:river (18 chunks), minecraft:old_growth_pine_taiga (9 chunks), Current: 27, -75
[13Aug2026 06:37:13.700] [Server thread/INFO] [net.minecraft.server.MinecraftServer/]: [Chunky] Task running for minecraft:overworld. Processed: 34553 chunks (4.49%), ETA: 4:04:51, Rate: 50 cps, Surface biomes: minecraft:old_growth_pine_taiga (41 chunks), minecraft:river (7 chunks), minecraft:deep_cold_ocean (1 chunks), minecraft:plains (1 chunks), Current: 31, -77
[13Aug2026 06:37:15.242] [Server thread/INFO] [net.minecraft.server.MinecraftServer/]: [Chunky] Task running for minecraft:overworld. Processed: 34593 chunks (4.50%), ETA: 22:40:15, Rate: 9 cps, Surface biomes: minecraft:old_growth_spruce_taiga (5 chunks), minecraft:old_growth_pine_taiga (3 chunks), minecraft:river (1 chunks), Current: 25, -82
[13Aug2026 06:37:16.288] [Server thread/INFO] [net.minecraft.server.MinecraftServer/]: [Chunky] Task running for minecraft:overworld. Processed: 34650 chunks (4.51%), ETA: 4:09:49, Rate: 49 cps, Surface biomes: minecraft:old_growth_pine_taiga (18 chunks), minecraft:river (18 chunks), minecraft:old_growth_spruce_taiga (9 chunks), minecraft:plains (3 chunks), minecraft:deep_cold_ocean (1 chunks), Current: 16, -84
[13Aug2026 06:37:17.289] [Server thread/INFO] [net.minecraft.server.MinecraftServer/]: [Chunky] Task running for minecraft:overworld. Processed: 34693 chunks (4.51%), ETA: 4:51:26, Rate: 42 cps, Surface biomes: minecraft:old_growth_spruce_taiga (24 chunks), minecraft:old_growth_pine_taiga (9 chunks), minecraft:river (9 chunks), Current: 22, -90
[13Aug2026 06:37:18.388] [Server thread/INFO] [net.minecraft.server.MinecraftServer/]: [Chunky] Task running for minecraft:overworld. Processed: 34712 chunks (4.51%), ETA: 9:42:52, Rate: 21 cps, Surface biomes: minecraft:old_growth_spruce_taiga (12 chunks), minecraft:taiga (9 chunks), Current: 18, -89
[13Aug2026 06:37:19.390] [Server thread/INFO] [net.minecraft.server.MinecraftServer/]: [Chunky] Task running for minecraft:overworld. Processed: 34752 chunks (4.52%), ETA: 9:42:50, Rate: 21 cps, Surface biomes: minecraft:taiga (13 chunks), minecraft:old_growth_spruce_taiga (8 chunks), Current: 23, -96
[13Aug2026 06:37:20.538] [Server thread/INFO] [net.minecraft.server.MinecraftServer/]: [Chunky] Task running for minecraft:overworld. Processed: 34783 chunks (4.52%), ETA: 3:50:55, Rate: 53 cps, Surface biomes: minecraft:taiga (43 chunks), minecraft:river (7 chunks), minecraft:old_growth_spruce_taiga (3 chunks), Current: 26, -92
[13Aug2026 06:37:21.588] [Server thread/INFO] [net.minecraft.server.MinecraftServer/]: [Chunky] Task running for minecraft:overworld. Processed: 34792 chunks (4.52%), ETA: 25:29:52, Rate: 8 cps, Surface biomes: minecraft:taiga (6 chunks), minecraft:river (2 chunks), Current: 31, -90
[13Aug2026 06:37:23.038] [Server thread/INFO] [net.minecraft.server.MinecraftServer/]: [Chunky] Task running for minecraft:overworld. Processed: 34817 chunks (4.53%), ETA: 11:59:54, Rate: 17 cps, Surface biomes: minecraft:taiga (14 chunks), minecraft:river (3 chunks), Current: -32, -96
[13Aug2026 06:37:24.238] [Server thread/INFO] [net.minecraft.server.MinecraftServer/]: [Chunky] Task running for minecraft:overworld. Processed: 34827 chunks (4.53%), ETA: 20:23:50, Rate: 10 cps, Surface biomes: minecraft:taiga (8 chunks), minecraft:old_growth_spruce_taiga (2 chunks), Current: -31, -94
[13Aug2026 06:37:25.288] [Server thread/INFO] [net.minecraft.server.MinecraftServer/]: [Chunky] Task running for minecraft:overworld. Processed: 34874 chunks (4.53%), ETA: 5:39:55, Rate: 36 cps, Surface biomes: minecraft:old_growth_spruce_taiga (36 chunks), Current: -28, -96
[13Aug2026 06:37:26.318] [Server thread/INFO] [net.minecraft.server.MinecraftServer/]: [Chunky] Task running for minecraft:overworld. Processed: 34906 chunks (4.54%), ETA: 5:59:54, Rate: 34 cps, Surface biomes: minecraft:old_growth_spruce_taiga (24 chunks), minecraft:taiga (10 chunks), Current: -19, -93
[13Aug2026 06:37:27.535] [Server thread/INFO] [net.minecraft.server.MinecraftServer/]: [Chunky] Task running for minecraft:overworld. Processed: 34945 chunks (4.54%), ETA: 5:13:45, Rate: 39 cps, Surface biomes: minecraft:old_growth_spruce_taiga (28 chunks), minecraft:taiga (11 chunks), Current: -20, -88
[13Aug2026 06:37:28.873] [Server thread/INFO] [net.minecraft.server.MinecraftServer/]: [Chunky] Task running for minecraft:overworld. Processed: 34977 chunks (4.55%), ETA: 4:58:26, Rate: 41 cps, Surface biomes: minecraft:old_growth_pine_taiga (21 chunks), minecraft:old_growth_spruce_taiga (20 chunks), Current: -22, -83
[13Aug2026 06:37:28.967] [Server thread/WARN] [net.minecraft.server.MinecraftServer/]: Can't keep up! Is the server overloaded? Running 2279ms or 45 ticks behind
[13Aug2026 06:37:29.876] [Server thread/INFO] [net.minecraft.server.MinecraftServer/]: [Chunky] Task running for minecraft:overworld. Processed: 35070 chunks (4.56%), ETA: 5:05:51, Rate: 40 cps, Surface biomes: minecraft:old_growth_pine_taiga (28 chunks), minecraft:old_growth_spruce_taiga (12 chunks), Current: -31, -82
[13Aug2026 06:37:30.921] [Server thread/INFO] [net.minecraft.server.MinecraftServer/]: [Chunky] Task running for minecraft:overworld. Processed: 35089 chunks (4.56%), ETA: 3:30:55, Rate: 58 cps, Surface biomes: minecraft:old_growth_spruce_taiga (58 chunks), Current: -28, -80
[13Aug2026 06:37:31.955] [Server thread/INFO] [net.minecraft.server.MinecraftServer/]: [Chunky] Task running for minecraft:overworld. Processed: 35125 chunks (4.57%), ETA: 8:51:53, Rate: 23 cps, Surface biomes: minecraft:old_growth_spruce_taiga (23 chunks), Current: -29, -75
[13Aug2026 06:37:32.962] [Server thread/INFO] [net.minecraft.server.MinecraftServer/]: [Chunky] Task running for minecraft:overworld. Processed: 35161 chunks (4.57%), ETA: 7:16:53, Rate: 28 cps, Surface biomes: minecraft:old_growth_spruce_taiga (28 chunks), Current: -30, -65
[13Aug2026 06:37:34.093] [Server thread/INFO] [net.minecraft.server.MinecraftServer/]: [Chunky] Task running for minecraft:overworld. Processed: 35201 chunks (4.58%), ETA: 6:22:15, Rate: 32 cps, Surface biomes: minecraft:old_growth_spruce_taiga (32 chunks), Current: -24, -70
[13Aug2026 06:37:35.488] [Server thread/INFO] [net.minecraft.server.MinecraftServer/]: [Chunky] Task running for minecraft:overworld. Processed: 35228 chunks (4.58%), ETA: 7:33:01, Rate: 27 cps, Surface biomes: minecraft:old_growth_spruce_taiga (27 chunks), Current: -22, -65
[13Aug2026 06:37:36.498] [Server thread/INFO] [net.minecraft.server.MinecraftServer/]: [Chunky] Task running for minecraft:overworld. Processed: 35294 chunks (4.59%), ETA: 8:51:45, Rate: 23 cps, Surface biomes: minecraft:old_growth_spruce_taiga (23 chunks), Current: -22, -76
[13Aug2026 06:37:37.938] [Server thread/INFO] [net.minecraft.server.MinecraftServer/]: [Chunky] Task running for minecraft:overworld. Processed: 35339 chunks (4.59%), ETA: 2:29:08, Rate: 82 cps, Surface biomes: minecraft:old_growth_spruce_taiga (55 chunks), minecraft:old_growth_pine_taiga (27 chunks), Current: -14, -77
[13Aug2026 06:37:38.940] [Server thread/INFO] [net.minecraft.server.MinecraftServer/]: [Chunky] Task running for minecraft:overworld. Processed: 35373 chunks (4.60%), ETA: 20:22:55, Rate: 10 cps, Surface biomes: minecraft:old_growth_pine_taiga (5 chunks), minecraft:old_growth_spruce_taiga (5 chunks), Current: -12, -75
[13Aug2026 06:37:40.188] [Server thread/INFO] [net.minecraft.server.MinecraftServer/]: [Chunky] Task running for minecraft:overworld. Processed: 35422 chunks (4.61%), ETA: 4:25:50, Rate: 46 cps, Surface biomes: minecraft:old_growth_spruce_taiga (46 chunks), Current: -13, -65
[13Aug2026 06:37:41.641] [Server thread/INFO] [net.minecraft.server.MinecraftServer/]: [Chunky] Task running for minecraft:overworld. Processed: 35526 chunks (4.62%), ETA: 2:14:21, Rate: 91 cps, Surface biomes: minecraft:old_growth_spruce_taiga (58 chunks), minecraft:old_growth_pine_taiga (26 chunks), minecraft:river (7 chunks), Current: -5, -74
[13Aug2026 06:37:42.866] [Server thread/INFO] [net.minecraft.server.MinecraftServer/]: [Chunky] Task running for minecraft:overworld. Processed: 35617 chunks (4.63%), ETA: 3:08:04, Rate: 65 cps, Surface biomes: minecraft:old_growth_spruce_taiga (32 chunks), minecraft:old_growth_pine_taiga (22 chunks), minecraft:river (11 chunks), Current: -5, -86
[13Aug2026 06:37:43.867] [Server thread/INFO] [net.minecraft.server.MinecraftServer/]: [Chunky] Task running for minecraft:overworld. Processed: 35695 chunks (4.64%), ETA: 4:14:39, Rate: 48 cps, Surface biomes: minecraft:old_growth_spruce_taiga (48 chunks), Current: -14, -88
[13Aug2026 06:37:45.138] [Server thread/INFO] [net.minecraft.server.MinecraftServer/]: [Chunky] Task running for minecraft:overworld. Processed: 35716 chunks (4.64%), ETA: 67:54:31, Rate: 3 cps, Surface biomes: minecraft:old_growth_pine_taiga (3 chunks), Current: -11, -89
[13Aug2026 06:37:46.188] [Server thread/INFO] [net.minecraft.server.MinecraftServer/]: [Chunky] Task running for minecraft:overworld. Processed: 35753 chunks (4.65%), ETA: 9:15:35, Rate: 22 cps, Surface biomes: minecraft:old_growth_spruce_taiga (17 chunks), minecraft:old_growth_pine_taiga (5 chunks), Current: -14, -94
[13Aug2026 06:37:50.438] [Server thread/INFO] [net.minecraft.server.MinecraftServer/]: [Chunky] Task running for minecraft:overworld. Processed: 35841 chunks (4.66%), ETA: 1:58:39, Rate: 103 cps, Surface biomes: minecraft:taiga (60 chunks), minecraft:old_growth_spruce_taiga (24 chunks), minecraft:old_growth_pine_taiga (19 chunks), Current: -61, -95
[13Aug2026 06:37:51.606] [Server thread/INFO] [net.minecraft.server.MinecraftServer/]: [Chunky] Task running for minecraft:overworld. Processed: 35897 chunks (4.67%), ETA: 4:09:23, Rate: 49 cps, Surface biomes: minecraft:old_growth_pine_taiga (29 chunks), minecraft:old_growth_spruce_taiga (13 chunks), minecraft:meadow (5 chunks), minecraft:plains (2 chunks), Current: -60, -95
[13Aug2026 06:37:52.686] [Server thread/INFO] [net.minecraft.server.MinecraftServer/]: [Chunky] Task running for minecraft:overworld. Processed: 35910 chunks (4.67%), ETA: 14:32:52, Rate: 14 cps, Surface biomes: minecraft:old_growth_pine_taiga (7 chunks), minecraft:taiga (6 chunks), minecraft:old_growth_spruce_taiga (1 chunks), Current: -54, -95
[13Aug2026 06:37:53.751] [Server thread/INFO] [net.minecraft.server.MinecraftServer/]: [Chunky] Task running for minecraft:overworld. Processed: 35940 chunks (4.67%), ETA: 18:30:53, Rate: 11 cps, Surface biomes: minecraft:taiga (6 chunks), minecraft:old_growth_spruce_taiga (4 chunks), minecraft:old_growth_pine_taiga (1 chunks), Current: -52, -92
[13Aug2026 06:37:54.781] [Server thread/INFO] [net.minecraft.server.MinecraftServer/]: [Chunky] Task running for minecraft:overworld. Processed: 35969 chunks (4.68%), ETA: 5:21:33, Rate: 38 cps, Surface biomes: minecraft:old_growth_spruce_taiga (22 chunks), minecraft:taiga (9 chunks), minecraft:plains (7 chunks), Current: -52, -87
[13Aug2026 06:37:55.978] [Server thread/INFO] [net.minecraft.server.MinecraftServer/]: [Chunky] Task running for minecraft:overworld. Processed: 35997 chunks (4.68%), ETA: 5:49:06, Rate: 35 cps, Surface biomes: minecraft:plains (20 chunks), minecraft:meadow (9 chunks), minecraft:old_growth_spruce_taiga (4 chunks), minecraft:river (2 chunks), Current: -50, -86
[13Aug2026 06:37:56.979] [Server thread/INFO] [net.minecraft.server.MinecraftServer/]: [Chunky] Task running for minecraft:overworld. Processed: 36055 chunks (4.69%), ETA: 16:58:09, Rate: 12 cps, Surface biomes: minecraft:meadow (6 chunks), minecraft:river (5 chunks), minecraft:plains (1 chunks), Current: -59, -84
[13Aug2026 06:37:59.070] [Server thread/INFO] [net.minecraft.server.MinecraftServer/]: [Chunky] Task running for minecraft:overworld. Processed: 36091 chunks (4.69%), ETA: 7:49:53, Rate: 26 cps, Surface biomes: minecraft:meadow (15 chunks), minecraft:plains (11 chunks), Current: -61, -81
[13Aug2026 06:37:59.248] [Server thread/WARN] [net.minecraft.server.MinecraftServer/]: Can't keep up! Is the server overloaded? Running 2410ms or 48 ticks behind
[13Aug2026 06:38:00.724] [Server thread/INFO] [net.minecraft.server.MinecraftServer/]: [Chunky] Task running for minecraft:overworld. Processed: 36141 chunks (4.70%), ETA: 4:04:19, Rate: 50 cps, Surface biomes: minecraft:plains (20 chunks), minecraft:meadow (16 chunks), minecraft:river (14 chunks), Current: -59, -74
[13Aug2026 06:38:01.861] [Server thread/INFO] [net.minecraft.server.MinecraftServer/]: [Chunky] Task running for minecraft:overworld. Processed: 36225 chunks (4.71%), ETA: 7:16:15, Rate: 28 cps, Surface biomes: minecraft:meadow (21 chunks), minecraft:river (7 chunks), Current: -56, -72
[13Aug2026 06:38:03.097] [Server thread/INFO] [net.minecraft.server.MinecraftServer/]: [Chunky] Task running for minecraft:overworld. Processed: 36281 chunks (4.72%), ETA: 3:54:53, Rate: 52 cps, Surface biomes: minecraft:plains (41 chunks), minecraft:meadow (8 chunks), minecraft:old_growth_pine_taiga (3 chunks), Current: -52, -72
[13Aug2026 06:38:04.103] [Server thread/INFO] [net.minecraft.server.MinecraftServer/]: [Chunky] Task running for minecraft:overworld. Processed: 36341 chunks (4.72%), ETA: 4:09:14, Rate: 49 cps, Surface biomes: minecraft:plains (28 chunks), minecraft:old_growth_pine_taiga (8 chunks), minecraft:river (6 chunks), minecraft:meadow (5 chunks), minecraft:old_growth_spruce_taiga (2 chunks), Current: -52, -78
[13Aug2026 06:38:05.438] [Server thread/INFO] [net.minecraft.server.MinecraftServer/]: [Chunky] Task running for minecraft:overworld. Processed: 36348 chunks (4.73%), ETA: 11:18:30, Rate: 18 cps, Surface biomes: minecraft:plains (7 chunks), minecraft:meadow (6 chunks), minecraft:river (3 chunks), minecraft:old_growth_spruce_taiga (2 chunks), Current: -50, -78
[13Aug2026 06:38:06.492] [Server thread/INFO] [net.minecraft.server.MinecraftServer/]: [Chunky] Task running for minecraft:overworld. Processed: 36381 chunks (4.73%), ETA: 15:39:25, Rate: 13 cps, Surface biomes: minecraft:plains (11 chunks), minecraft:meadow (2 chunks), Current: -43, -76
[13Aug2026 06:38:07.493] [Server thread/INFO] [net.minecraft.server.MinecraftServer/]: [Chunky] Task running for minecraft:overworld. Processed: 36437 chunks (4.74%), ETA: 4:14:24, Rate: 48 cps, Surface biomes: minecraft:plains (24 chunks), minecraft:old_growth_pine_taiga (19 chunks), minecraft:old_growth_spruce_taiga (3 chunks), minecraft:meadow (2 chunks), Current: -48, -67
[13Aug2026 06:38:08.560] [Server thread/INFO] [net.minecraft.server.MinecraftServer/]: [Chunky] Task running for minecraft:overworld. Processed: 36495 chunks (4.74%), ETA: 4:37:30, Rate: 44 cps, Surface biomes: minecraft:plains (25 chunks), minecraft:old_growth_pine_taiga (14 chunks), minecraft:meadow (5 chunks), Current: -38, -69
[13Aug2026 06:38:09.595] [Server thread/INFO] [net.minecraft.server.MinecraftServer/]: [Chunky] Task running for minecraft:overworld. Processed: 36572 chunks (4.75%), ETA: 2:30:43, Rate: 81 cps, Surface biomes: minecraft:plains (32 chunks), minecraft:old_growth_spruce_taiga (23 chunks), minecraft:meadow (16 chunks), minecraft:old_growth_pine_taiga (10 chunks), Current: -38, -75
[13Aug2026 06:38:10.655] [Server thread/INFO] [net.minecraft.server.MinecraftServer/]: [Chunky] Task running for minecraft:overworld. Processed: 36617 chunks (4.76%), ETA: 2:34:32, Rate: 79 cps, Surface biomes: minecraft:old_growth_spruce_taiga (71 chunks), minecraft:old_growth_pine_taiga (5 chunks), minecraft:plains (3 chunks), Current: -34, -83
[13Aug2026 06:38:12.717] [Server thread/INFO] [net.minecraft.server.MinecraftServer/]: [Chunky] Task running for minecraft:overworld. Processed: 36715 chunks (4.77%), ETA: 4:50:38, Rate: 42 cps, Surface biomes: minecraft:meadow (17 chunks), minecraft:plains (17 chunks), minecraft:old_growth_spruce_taiga (7 chunks), minecraft:river (1 chunks), Current: -43, -87
[13Aug2026 06:38:15.201] [Server thread/INFO] [net.minecraft.server.MinecraftServer/]: [Chunky] Task running for minecraft:overworld. Processed: 36769 chunks (4.78%), ETA: 7:15:55, Rate: 28 cps, Surface biomes: minecraft:plains (11 chunks), minecraft:river (10 chunks), minecraft:meadow (5 chunks), minecraft:old_growth_spruce_taiga (2 chunks), Current: -47, -94
[13Aug2026 06:38:16.306] [Server thread/INFO] [net.minecraft.server.MinecraftServer/]: [Chunky] Task running for minecraft:overworld. Processed: 36846 chunks (4.79%), ETA: 2:38:30, Rate: 77 cps, Surface biomes: minecraft:old_growth_spruce_taiga (31 chunks), minecraft:plains (18 chunks), minecraft:taiga (18 chunks), minecraft:river (9 chunks), minecraft:meadow (1 chunks), Current: -36, -95
[13Aug2026 06:38:17.435] [Server thread/INFO] [net.minecraft.server.MinecraftServer/]: [Chunky] Task running for minecraft:overworld. Processed: 36859 chunks (4.79%), ETA: 22:36:03, Rate: 9 cps, Surface biomes: minecraft:old_growth_spruce_taiga (9 chunks), Current: -35, -95
[13Aug2026 06:38:19.203] [Server thread/INFO] [net.minecraft.server.MinecraftServer/]: [Chunky] Task running for minecraft:overworld. Processed: 36887 chunks (4.80%), ETA: 10:42:19, Rate: 19 cps, Surface biomes: minecraft:meadow (13 chunks), minecraft:river (4 chunks), minecraft:plains (2 chunks), Current: -92, -92
[13Aug2026 06:38:21.151] [Server thread/INFO] [net.minecraft.server.MinecraftServer/]: [Chunky] Task running for minecraft:overworld. Processed: 36921 chunks (4.80%), ETA: 5:58:55, Rate: 34 cps, Surface biomes: minecraft:meadow (25 chunks), minecraft:river (7 chunks), minecraft:plains (2 chunks), Current: -88, -94
[13Aug2026 06:38:22.224] [Server thread/INFO] [net.minecraft.server.MinecraftServer/]: [Chunky] Task running for minecraft:overworld. Processed: 36971 chunks (4.81%), ETA: 4:04:03, Rate: 50 cps, Surface biomes: minecraft:meadow (26 chunks), minecraft:plains (21 chunks), minecraft:old_growth_spruce_taiga (3 chunks), Current: -88, -92
[13Aug2026 06:38:22.794] [Server thread/WARN] [net.minecraft.server.MinecraftServer/]: Can't keep up! Is the server overloaded? Running 8556ms or 171 ticks behind
[13Aug2026 06:38:24.788] [Server thread/INFO] [net.minecraft.server.MinecraftServer/]: [Chunky] Task running for minecraft:overworld. Processed: 37017 chunks (4.81%), ETA: 4:25:15, Rate: 46 cps, Surface biomes: minecraft:meadow (30 chunks), minecraft:plains (14 chunks), minecraft:river (2 chunks), Current: -85, -84
[13Aug2026 06:38:26.503] [Server thread/INFO] [net.minecraft.server.MinecraftServer/]: [Chunky] Task running for minecraft:overworld. Processed: 37097 chunks (4.82%), ETA: 2:44:52, Rate: 74 cps, Surface biomes: minecraft:meadow (41 chunks), minecraft:plains (20 chunks), minecraft:river (11 chunks), minecraft:old_growth_spruce_taiga (2 chunks), Current: -96, -87
[13Aug2026 06:38:27.777] [Server thread/INFO] [net.minecraft.server.MinecraftServer/]: [Chunky] Task running for minecraft:overworld. Processed: 37144 chunks (4.83%), ETA: 4:19:34, Rate: 47 cps, Surface biomes: minecraft:meadow (33 chunks), minecraft:plains (14 chunks), Current: -91, -78
[13Aug2026 06:38:30.361] [Server thread/INFO] [net.minecraft.server.MinecraftServer/]: [Chunky] Task running for minecraft:overworld. Processed: 37194 chunks (4.84%), ETA: 4:14:08, Rate: 48 cps, Surface biomes: minecraft:meadow (45 chunks), minecraft:plains (2 chunks), minecraft:old_growth_spruce_taiga (1 chunks), Current: -94, -69
[13Aug2026 06:38:31.636] [Server thread/INFO] [net.minecraft.server.MinecraftServer/]: [Chunky] Task running for minecraft:overworld. Processed: 37249 chunks (4.84%), ETA: 3:41:46, Rate: 55 cps, Surface biomes: minecraft:meadow (35 chunks), minecraft:old_growth_pine_taiga (13 chunks), minecraft:river (6 chunks), minecraft:plains (1 chunks), Current: -88, -71
[13Aug2026 06:38:34.017] [Server thread/INFO] [net.minecraft.server.MinecraftServer/]: [Chunky] Task running for minecraft:overworld. Processed: 37289 chunks (4.85%), ETA: 5:04:56, Rate: 40 cps, Surface biomes: minecraft:meadow (30 chunks), minecraft:old_growth_spruce_taiga (7 chunks), minecraft:plains (3 chunks), Current: -87, -74
[13Aug2026 06:38:35.038] [Server thread/INFO] [net.minecraft.server.MinecraftServer/]: [Chunky] Task running for minecraft:overworld. Processed: 37367 chunks (4.86%), ETA: 2:36:21, Rate: 78 cps, Surface biomes: minecraft:meadow (45 chunks), minecraft:plains (16 chunks), minecraft:river (16 chunks), minecraft:old_growth_spruce_taiga (1 chunks), Current: -87, -77
[13Aug2026 06:38:36.388] [Server thread/INFO] [net.minecraft.server.MinecraftServer/]: [Chunky] Task running for minecraft:overworld. Processed: 37391 chunks (4.86%), ETA: 8:50:14, Rate: 23 cps, Surface biomes: minecraft:plains (11 chunks), minecraft:meadow (10 chunks), minecraft:river (2 chunks), Current: -76, -79
[13Aug2026 06:38:37.438] [Server thread/INFO] [net.minecraft.server.MinecraftServer/]: [Chunky] Task running for minecraft:overworld. Processed: 37421 chunks (4.87%), ETA: 10:09:45, Rate: 20 cps, Surface biomes: minecraft:meadow (12 chunks), minecraft:plains (8 chunks), Current: -79, -75
[13Aug2026 06:38:38.688] [Server thread/INFO] [net.minecraft.server.MinecraftServer/]: [Chunky] Task running for minecraft:overworld. Processed: 37469 chunks (4.87%), ETA: 8:50:11, Rate: 23 cps, Surface biomes: minecraft:meadow (14 chunks), minecraft:plains (9 chunks), Current: -78, -65
[13Aug2026 06:38:39.689] [Server thread/INFO] [net.minecraft.server.MinecraftServer/]: [Chunky] Task running for minecraft:overworld. Processed: 37480 chunks (4.87%), ETA: 4:43:35, Rate: 43 cps, Surface biomes: minecraft:meadow (23 chunks), minecraft:river (11 chunks), minecraft:plains (8 chunks), minecraft:old_growth_spruce_taiga (1 chunks), Current: -76, -72
[13Aug2026 06:38:40.907] [Server thread/INFO] [net.minecraft.server.MinecraftServer/]: [Chunky] Task running for minecraft:overworld. Processed: 37561 chunks (4.88%), ETA: 13:32:51, Rate: 15 cps, Surface biomes: minecraft:meadow (12 chunks), minecraft:deep_cold_ocean (1 chunks), minecraft:river (1 chunks), minecraft:windswept_hills (1 chunks), Current: -68, -71
[13Aug2026 06:38:41.993] [Server thread/INFO] [net.minecraft.server.MinecraftServer/]: [Chunky] Task running for minecraft:overworld. Processed: 37661 chunks (4.90%), ETA: 2:47:00, Rate: 73 cps, Surface biomes: minecraft:meadow (32 chunks), minecraft:plains (17 chunks), minecraft:river (17 chunks), minecraft:windswept_hills (7 chunks), Current: -68, -86
[13Aug2026 06:38:43.488] [Server thread/INFO] [net.minecraft.server.MinecraftServer/]: [Chunky] Task running for minecraft:overworld. Processed: 37721 chunks (4.90%), ETA: 3:30:10, Rate: 58 cps, Surface biomes: minecraft:meadow (43 chunks), minecraft:plains (15 chunks), Current: -78, -85
[13Aug2026 06:38:44.490] [Server thread/INFO] [net.minecraft.server.MinecraftServer/]: [Chunky] Task running for minecraft:overworld. Processed: 37754 chunks (4.91%), ETA: 16:55:47, Rate: 12 cps, Surface biomes: minecraft:meadow (12 chunks), Current: -75, -87
[13Aug2026 06:38:45.538] [Server thread/INFO] [net.minecraft.server.MinecraftServer/]: [Chunky] Task running for minecraft:overworld. Processed: 37790 chunks (4.91%), ETA: 4:37:01, Rate: 44 cps, Surface biomes: minecraft:meadow (35 chunks), minecraft:plains (9 chunks), Current: -78, -91
[13Aug2026 06:38:46.588] [Server thread/INFO] [net.minecraft.server.MinecraftServer/]: [Chunky] Task running for minecraft:overworld. Processed: 37860 chunks (4.92%), ETA: 2:42:30, Rate: 75 cps, Surface biomes: minecraft:meadow (41 chunks), minecraft:old_growth_spruce_taiga (31 chunks), minecraft:plains (3 chunks), Current: -68, -90
[13Aug2026 06:38:48.238] [Server thread/INFO] [net.minecraft.server.MinecraftServer/]: [Chunky] Task running for minecraft:overworld. Processed: 37889 chunks (4.93%), ETA: 9:40:20, Rate: 21 cps, Surface biomes: minecraft:old_growth_spruce_taiga (19 chunks), minecraft:meadow (1 chunks), minecraft:plains (1 chunks), Current: -96, -64
[13Aug2026 06:38:49.239] [Server thread/INFO] [net.minecraft.server.MinecraftServer/]: [Chunky] Task running for minecraft:overworld. Processed: 37903 chunks (4.93%), ETA: 15:37:28, Rate: 13 cps, Surface biomes: minecraft:river (9 chunks), minecraft:plains (3 chunks), minecraft:windswept_hills (1 chunks), Current: -94, -60
[13Aug2026 06:38:50.950] [Server thread/INFO] [net.minecraft.server.MinecraftServer/]: [Chunky] Task running for minecraft:overworld. Processed: 37957 chunks (4.94%), ETA: 3:41:34, Rate: 55 cps, Surface biomes: minecraft:plains (22 chunks), minecraft:river (20 chunks), minecraft:meadow (12 chunks), minecraft:deep_cold_ocean (1 chunks), Current: -87, -63
[13Aug2026 06:38:52.341] [Server thread/INFO] [net.minecraft.server.MinecraftServer/]: [Chunky] Task running for minecraft:overworld. Processed: 38016 chunks (4.94%), ETA: 3:41:32, Rate: 55 cps, Surface biomes: minecraft:meadow (27 chunks), minecraft:plains (14 chunks), minecraft:river (8 chunks), minecraft:old_growth_spruce_taiga (6 chunks), Current: -81, -57
[13Aug2026 06:38:53.440] [Server thread/INFO] [net.minecraft.server.MinecraftServer/]: [Chunky] Task running for minecraft:overworld. Processed: 38020 chunks (4.94%), ETA: 67:41:43, Rate: 3 cps, Surface biomes: minecraft:meadow (1 chunks), minecraft:plains (1 chunks), minecraft:river (1 chunks), Current: -87, -55
[13Aug2026 06:38:54.746] [Server thread/INFO] [net.minecraft.server.MinecraftServer/]: [Chunky] Task running for minecraft:overworld. Processed: 38063 chunks (4.95%), ETA: 5:29:18, Rate: 37 cps, Surface biomes: minecraft:plains (15 chunks), minecraft:river (11 chunks), minecraft:meadow (8 chunks), minecraft:old_growth_spruce_taiga (3 chunks), Current: -85, -50
[13Aug2026 06:38:55.880] [Server thread/INFO] [net.minecraft.server.MinecraftServer/]: [Chunky] Task running for minecraft:overworld. Processed: 38092 chunks (4.95%), ETA: 13:32:15, Rate: 15 cps, Surface biomes: minecraft:river (8 chunks), minecraft:plains (4 chunks), minecraft:meadow (2 chunks), minecraft:deep_cold_ocean (1 chunks), Current: -91, -51
[13Aug2026 06:38:57.764] [Server thread/INFO] [net.minecraft.server.MinecraftServer/]: [Chunky] Task running for minecraft:overworld. Processed: 38139 chunks (4.96%), ETA: 4:57:09, Rate: 41 cps, Surface biomes: minecraft:plains (23 chunks), minecraft:river (14 chunks), minecraft:deep_cold_ocean (4 chunks), Current: -93, -49
[13Aug2026 06:38:57.977] [Server thread/WARN] [net.minecraft.server.MinecraftServer/]: Can't keep up! Is the server overloaded? Running 2239ms or 44 ticks behind
[13Aug2026 06:38:58.792] [Server thread/INFO] [net.minecraft.server.MinecraftServer/]: [Chunky] Task running for minecraft:overworld. Processed: 38189 chunks (4.97%), ETA: 4:13:47, Rate: 48 cps, Surface biomes: minecraft:deep_cold_ocean (29 chunks), minecraft:river (12 chunks), minecraft:plains (7 chunks), Current: -93, -43
[13Aug2026 06:39:00.101] [Server thread/INFO] [net.minecraft.server.MinecraftServer/]: [Chunky] Task running for minecraft:overworld. Processed: 38203 chunks (4.97%), ETA: 15:37:05, Rate: 13 cps, Surface biomes: minecraft:deep_cold_ocean (6 chunks), minecraft:plains (4 chunks), minecraft:river (3 chunks), Current: -94, -42
[13Aug2026 06:39:01.444] [Server thread/INFO] [net.minecraft.server.MinecraftServer/]: [Chunky] Task running for minecraft:overworld. Processed: 38239 chunks (4.97%), ETA: 5:38:22, Rate: 36 cps, Surface biomes: minecraft:plains (17 chunks), minecraft:deep_cold_ocean (12 chunks), minecraft:river (7 chunks), Current: -94, -36
[13Aug2026 06:39:02.473] [Server thread/INFO] [net.minecraft.server.MinecraftServer/]: [Chunky] Task running for minecraft:overworld. Processed: 38251 chunks (4.97%), ETA: 101:30:39, Rate: 2 cps, Surface biomes: minecraft:deep_cold_ocean (1 chunks), minecraft:plains (1 chunks), Current: -90, -40
[13Aug2026 06:39:03.781] [Server thread/INFO] [net.minecraft.server.MinecraftServer/]: [Chunky] Task running for minecraft:overworld. Processed: 38289 chunks (4.98%), ETA: 4:13:45, Rate: 48 cps, Surface biomes: minecraft:deep_cold_ocean (19 chunks), minecraft:plains (17 chunks), minecraft:river (12 chunks), Current: -88, -36
[13Aug2026 06:39:04.861] [Server thread/INFO] [net.minecraft.server.MinecraftServer/]: [Chunky] Task running for minecraft:overworld. Processed: 38342 chunks (4.99%), ETA: 5:38:19, Rate: 36 cps, Surface biomes: minecraft:deep_cold_ocean (30 chunks), minecraft:river (5 chunks), minecraft:plains (1 chunks), Current: -87, -42
[13Aug2026 06:39:05.888] [Server thread/INFO] [net.minecraft.server.MinecraftServer/]: [Chunky] Task running for minecraft:overworld. Processed: 38386 chunks (4.99%), ETA: 4:57:03, Rate: 41 cps, Surface biomes: minecraft:deep_cold_ocean (25 chunks), minecraft:river (12 chunks), minecraft:plains (4 chunks), Current: -85, -48
[13Aug2026 06:39:06.938] [Server thread/INFO] [net.minecraft.server.MinecraftServer/]: [Chunky] Task running for minecraft:overworld. Processed: 38416 chunks (4.99%), ETA: 8:07:08, Rate: 25 cps, Surface biomes: minecraft:deep_cold_ocean (18 chunks), minecraft:river (6 chunks), minecraft:plains (1 chunks), Current: -75, -47
[13Aug2026 06:39:08.038] [Server thread/INFO] [net.minecraft.server.MinecraftServer/]: [Chunky] Task running for minecraft:overworld. Processed: 38433 chunks (5.00%), ETA: 13:31:53, Rate: 15 cps, Surface biomes: minecraft:meadow (13 chunks), minecraft:plains (1 chunks), minecraft:river (1 chunks), Current: -80, -44
[13Aug2026 06:39:09.288] [Server thread/INFO] [net.minecraft.server.MinecraftServer/]: [Chunky] Task running for minecraft:overworld. Processed: 38458 chunks (5.00%), ETA: 8:27:24, Rate: 24 cps, Surface biomes: minecraft:meadow (14 chunks), minecraft:river (8 chunks), minecraft:plains (2 chunks), Current: -77, -41
[13Aug2026 06:39:10.369] [Server thread/INFO] [net.minecraft.server.MinecraftServer/]: [Chunky] Task running for minecraft:overworld. Processed: 38476 chunks (5.00%), ETA: 12:41:05, Rate: 16 cps, Surface biomes: minecraft:meadow (7 chunks), minecraft:river (4 chunks), minecraft:windswept_hills (4 chunks), minecraft:plains (1 chunks), Current: -80, -37
[13Aug2026 06:39:11.821] [Server thread/INFO] [net.minecraft.server.MinecraftServer/]: [Chunky] Task running for minecraft:overworld. Processed: 38529 chunks (5.01%), ETA: 3:37:26, Rate: 56 cps, Surface biomes: minecraft:river (20 chunks), minecraft:deep_cold_ocean (13 chunks), minecraft:plains (12 chunks), minecraft:meadow (6 chunks), minecraft:windswept_hills (5 chunks), Current: -65, -35
[13Aug2026 06:39:13.138] [Server thread/INFO] [net.minecraft.server.MinecraftServer/]: [Chunky] Task running for minecraft:overworld. Processed: 38625 chunks (5.02%), ETA: 6:20:28, Rate: 32 cps, Surface biomes: minecraft:meadow (25 chunks), minecraft:plains (5 chunks), minecraft:river (1 chunks), minecraft:windswept_hills (1 chunks), Current: -66, -45
[13Aug2026 06:39:14.139] [Server thread/INFO] [net.minecraft.server.MinecraftServer/]: [Chunky] Task running for minecraft:overworld. Processed: 38647 chunks (5.02%), ETA: 10:40:46, Rate: 19 cps, Surface biomes: minecraft:meadow (13 chunks), minecraft:plains (6 chunks), Current: -66, -47
[13Aug2026 06:39:15.188] [Server thread/INFO] [net.minecraft.server.MinecraftServer/]: [Chunky] Task running for minecraft:overworld. Processed: 38684 chunks (5.03%), ETA: 5:47:49, Rate: 35 cps, Surface biomes: minecraft:meadow (20 chunks), minecraft:plains (10 chunks), minecraft:river (4 chunks), minecraft:windswept_hills (1 chunks), Current: -68, -53
[13Aug2026 06:39:16.238] [Server thread/INFO] [net.minecraft.server.MinecraftServer/]: [Chunky] Task running for minecraft:overworld. Processed: 38748 chunks (5.04%), ETA: 3:16:20, Rate: 62 cps, Surface biomes: minecraft:meadow (48 chunks), minecraft:plains (8 chunks), minecraft:river (5 chunks), minecraft:windswept_hills (1 chunks), Current: -79, -52
[13Aug2026 06:39:17.248] [Server thread/INFO] [net.minecraft.server.MinecraftServer/]: [Chunky] Task running for minecraft:overworld. Processed: 38770 chunks (5.04%), ETA: 13:31:30, Rate: 15 cps, Surface biomes: minecraft:river (8 chunks), minecraft:plains (6 chunks), minecraft:meadow (1 chunks), Current: -77, -55
[13Aug2026 06:39:18.261] [Server thread/INFO] [net.minecraft.server.MinecraftServer/]: [Chunky] Task running for minecraft:overworld. Processed: 38821 chunks (5.05%), ETA: 3:33:32, Rate: 57 cps, Surface biomes: minecraft:meadow (33 chunks), minecraft:plains (17 chunks), minecraft:river (7 chunks), Current: -79, -61
[13Aug2026 06:39:19.288] [Server thread/INFO] [net.minecraft.server.MinecraftServer/]: [Chunky] Task running for minecraft:overworld. Processed: 38882 chunks (5.06%), ETA: 3:10:10, Rate: 64 cps, Surface biomes: minecraft:meadow (39 chunks), minecraft:river (15 chunks), minecraft:plains (10 chunks), Current: -67, -60
[13Aug2026 06:39:20.338] [Server thread/INFO] [net.minecraft.server.MinecraftServer/]: [Chunky] Task running for minecraft:overworld. Processed: 38910 chunks (5.06%), ETA: 7:30:45, Rate: 27 cps, Surface biomes: minecraft:meadow (14 chunks), minecraft:plains (10 chunks), minecraft:river (3 chunks), Current: -66, -64
[13Aug2026 06:39:21.350] [Server thread/INFO] [net.minecraft.server.MinecraftServer/]: [Chunky] Task running for minecraft:overworld. Processed: 38975 chunks (5.07%), ETA: 3:54:01, Rate: 52 cps, Surface biomes: minecraft:deep_cold_ocean (41 chunks), minecraft:meadow (5 chunks), minecraft:river (3 chunks), minecraft:plains (2 chunks), minecraft:old_growth_spruce_taiga (1 chunks), Current: -89, -28
[13Aug2026 06:39:22.358] [Server thread/INFO] [net.minecraft.server.MinecraftServer/]: [Chunky] Task running for minecraft:overworld. Processed: 39009 chunks (5.07%), ETA: 4:49:43, Rate: 42 cps, Surface biomes: minecraft:deep_cold_ocean (27 chunks), minecraft:river (8 chunks), minecraft:plains (7 chunks), Current: -85, -28
[13Aug2026 06:39:23.468] [Server thread/INFO] [net.minecraft.server.MinecraftServer/]: [Chunky] Task running for minecraft:overworld. Processed: 39054 chunks (5.08%), ETA: 4:36:32, Rate: 44 cps, Surface biomes: minecraft:deep_cold_ocean (39 chunks), minecraft:plains (5 chunks), Current: -88, -24
[13Aug2026 06:39:24.646] [Server thread/INFO] [net.minecraft.server.MinecraftServer/]: [Chunky] Task running for minecraft:overworld. Processed: 39129 chunks (5.09%), ETA: 7:30:37, Rate: 27 cps, Surface biomes: minecraft:deep_cold_ocean (27 chunks), Current: -92, -24
[13Aug2026 06:39:25.647] [Server thread/INFO] [net.minecraft.server.MinecraftServer/]: [Chunky] Task running for minecraft:overworld. Processed: 39156 chunks (5.09%), ETA: 2:48:58, Rate: 72 cps, Surface biomes: minecraft:deep_cold_ocean (72 chunks), Current: -96, -20
[13Aug2026 06:39:27.036] [Server thread/INFO] [net.minecraft.server.MinecraftServer/]: [Chunky] Task running for minecraft:overworld. Processed: 39201 chunks (5.10%), ETA: 202:45:28, Rate: 1 cps, Surface biomes: minecraft:deep_cold_ocean (1 chunks), Current: -96, -11
[13Aug2026 06:39:27.895] [Server thread/WARN] [net.minecraft.server.MinecraftServer/]: Can't keep up! Is the server overloaded? Running 2207ms or 44 ticks behind
[13Aug2026 06:39:28.160] [Server thread/INFO] [net.minecraft.server.MinecraftServer/]: [Chunky] Task running for minecraft:overworld. Processed: 39260 chunks (5.10%), ETA: 3:26:10, Rate: 59 cps, Surface biomes: minecraft:deep_cold_ocean (59 chunks), Current: -94, -3
[13Aug2026 06:39:29.309] [Server thread/INFO] [net.minecraft.server.MinecraftServer/]: [Chunky] Task running for minecraft:overworld. Processed: 39303 chunks (5.11%), ETA: 4:42:52, Rate: 43 cps, Surface biomes: minecraft:deep_cold_ocean (43 chunks), Current: -86, -7
[13Aug2026 06:39:30.763] [Server thread/INFO] [net.minecraft.server.MinecraftServer/]: [Chunky] Task running for minecraft:overworld. Processed: 39353 chunks (5.12%), ETA: 5:28:43, Rate: 37 cps, Surface biomes: minecraft:deep_cold_ocean (37 chunks), Current: -88, -9
[13Aug2026 06:39:31.897] [Server thread/INFO] [net.minecraft.server.MinecraftServer/]: [Chunky] Task running for minecraft:overworld. Processed: 39443 chunks (5.13%), ETA: 2:46:35, Rate: 73 cps, Surface biomes: minecraft:deep_cold_ocean (73 chunks), Current: -75, -16
[13Aug2026 06:39:33.038] [Server thread/INFO] [net.minecraft.server.MinecraftServer/]: [Chunky] Task running for minecraft:overworld. Processed: 39452 chunks (5.13%), ETA: 67:33:45, Rate: 3 cps, Surface biomes: minecraft:deep_cold_ocean (3 chunks), Current: -80, -11
[13Aug2026 06:39:34.088] [Server thread/INFO] [net.minecraft.server.MinecraftServer/]: [Chunky] Task running for minecraft:overworld. Processed: 39487 chunks (5.13%), ETA: 5:57:40, Rate: 34 cps, Surface biomes: minecraft:deep_cold_ocean (34 chunks), Current: -79, -6
[13Aug2026 06:39:35.138] [Server thread/INFO] [net.minecraft.server.MinecraftServer/]: [Chunky] Task running for minecraft:overworld. Processed: 39538 chunks (5.14%), ETA: 4:08:09, Rate: 49 cps, Surface biomes: minecraft:deep_cold_ocean (49 chunks), Current: -73, -1
[13Aug2026 06:39:36.188] [Server thread/INFO] [net.minecraft.server.MinecraftServer/]: [Chunky] Task running for minecraft:overworld. Processed: 39582 chunks (5.15%), ETA: 4:42:46, Rate: 43 cps, Surface biomes: minecraft:deep_cold_ocean (43 chunks), Current: -71, -2
[13Aug2026 06:39:37.195] [Server thread/INFO] [net.minecraft.server.MinecraftServer/]: [Chunky] Task running for minecraft:overworld. Processed: 39634 chunks (5.15%), ETA: 4:30:11, Rate: 45 cps, Surface biomes: minecraft:deep_cold_ocean (43 chunks), minecraft:old_growth_spruce_taiga (1 chunks), minecraft:plains (1 chunks), Current: -69, -10
[13Aug2026 06:39:38.238] [Server thread/INFO] [net.minecraft.server.MinecraftServer/]: [Chunky] Task running for minecraft:overworld. Processed: 39663 chunks (5.16%), ETA: 5:57:34, Rate: 34 cps, Surface biomes: minecraft:deep_cold_ocean (32 chunks), minecraft:plains (2 chunks), Current: -69, -15
[13Aug2026 06:39:39.288] [Server thread/INFO] [net.minecraft.server.MinecraftServer/]: [Chunky] Task running for minecraft:overworld. Processed: 39705 chunks (5.16%), ETA: 6:08:23, Rate: 33 cps, Surface biomes: minecraft:deep_cold_ocean (13 chunks), minecraft:plains (9 chunks), minecraft:old_growth_spruce_taiga (7 chunks), minecraft:river (4 chunks), Current: -65, -23
[13Aug2026 06:39:40.338] [Server thread/INFO] [net.minecraft.server.MinecraftServer/]: [Chunky] Task running for minecraft:overworld. Processed: 39753 chunks (5.17%), ETA: 3:58:21, Rate: 51 cps, Surface biomes: minecraft:deep_cold_ocean (30 chunks), minecraft:river (13 chunks), minecraft:plains (5 chunks), minecraft:windswept_hills (2 chunks), minecraft:meadow (1 chunks), Current: -75, -17
[13Aug2026 06:39:42.015] [Server thread/INFO] [net.minecraft.server.MinecraftServer/]: [Chunky] Task running for minecraft:overworld. Processed: 39873 chunks (5.18%), ETA: 3:09:54, Rate: 64 cps, Surface biomes: minecraft:deep_cold_ocean (54 chunks), minecraft:river (8 chunks), minecraft:plains (2 chunks), Current: -72, -26
[13Aug2026 06:39:43.945] [Server thread/INFO] [net.minecraft.server.MinecraftServer/]: [Chunky] Task running for minecraft:overworld. Processed: 39951 chunks (5.19%), ETA: 2:35:48, Rate: 78 cps, Surface biomes: minecraft:river (36 chunks), minecraft:deep_cold_ocean (22 chunks), minecraft:plains (12 chunks), minecraft:windswept_hills (6 chunks), minecraft:meadow (2 chunks), Current: -96, 2
[13Aug2026 06:39:45.076] [Server thread/INFO] [net.minecraft.server.MinecraftServer/]: [Chunky] Task running for minecraft:overworld. Processed: 40018 chunks (5.20%), ETA: 11:54:48, Rate: 17 cps, Surface biomes: minecraft:deep_cold_ocean (17 chunks), Current: -82, 0
[13Aug2026 06:39:45.343] [Server thread/WARN] [net.minecraft.server.MinecraftServer/]: Can't keep up! Is the server overloaded? Running 2054ms or 41 ticks behind
[13Aug2026 06:39:46.988] [Server thread/INFO] [net.minecraft.server.MinecraftServer/]: [Chunky] Task running for minecraft:overworld. Processed: 40068 chunks (5.21%), ETA: 4:03:01, Rate: 50 cps, Surface biomes: minecraft:deep_cold_ocean (50 chunks), Current: -87, 10
[13Aug2026 06:39:47.989] [Server thread/INFO] [net.minecraft.server.MinecraftServer/]: [Chunky] Task running for minecraft:overworld. Processed: 40115 chunks (5.22%), ETA: 202:30:14, Rate: 1 cps, Surface biomes: minecraft:deep_cold_ocean (1 chunks), Current: -86, 12
[13Aug2026 06:39:49.038] [Server thread/INFO] [net.minecraft.server.MinecraftServer/]: [Chunky] Task running for minecraft:overworld. Processed: 40177 chunks (5.22%), ETA: 3:19:10, Rate: 61 cps, Surface biomes: minecraft:deep_cold_ocean (61 chunks), Current: -95, 11
[13Aug2026 06:39:50.138] [Server thread/INFO] [net.minecraft.server.MinecraftServer/]: [Chunky] Task running for minecraft:overworld. Processed: 40186 chunks (5.22%), ETA: 22:29:53, Rate: 9 cps, Surface biomes: minecraft:deep_cold_ocean (9 chunks), Current: -96, 14
[13Aug2026 06:39:51.139] [Server thread/INFO] [net.minecraft.server.MinecraftServer/]: [Chunky] Task running for minecraft:overworld. Processed: 40245 chunks (5.23%), ETA: 4:18:28, Rate: 47 cps, Surface biomes: minecraft:deep_cold_ocean (47 chunks), Current: -94, 22
[13Aug2026 06:39:52.288] [Server thread/INFO] [net.minecraft.server.MinecraftServer/]: [Chunky] Task running for minecraft:overworld. Processed: 40257 chunks (5.23%), ETA: 9:12:10, Rate: 22 cps, Surface biomes: minecraft:deep_cold_ocean (22 chunks), Current: -96, 24
[13Aug2026 06:39:53.338] [Server thread/INFO] [net.minecraft.server.MinecraftServer/]: [Chunky] Task running for minecraft:overworld. Processed: 40285 chunks (5.24%), ETA: 8:48:08, Rate: 23 cps, Surface biomes: minecraft:deep_cold_ocean (23 chunks), Current: -96, 30
[13Aug2026 06:39:55.038] [Server thread/INFO] [net.minecraft.server.MinecraftServer/]: [Chunky] Task running for minecraft:overworld. Processed: 40347 chunks (5.25%), ETA: 40:29:16, Rate: 5 cps, Surface biomes: minecraft:deep_cold_ocean (5 chunks), Current: -86, 30
[13Aug2026 06:39:56.283] [Server thread/INFO] [net.minecraft.server.MinecraftServer/]: [Chunky] Task running for minecraft:overworld. Processed: 40449 chunks (5.26%), ETA: 1:59:03, Rate: 102 cps, Surface biomes: minecraft:deep_cold_ocean (102 chunks), Current: -80, 16
[13Aug2026 06:39:57.284] [Server thread/INFO] [net.minecraft.server.MinecraftServer/]: [Chunky] Task running for minecraft:overworld. Processed: 40489 chunks (5.26%), ETA: 11:54:21, Rate: 17 cps, Surface biomes: minecraft:deep_cold_ocean (17 chunks), Current: -74, 22
[13Aug2026 06:39:58.464] [Server thread/INFO] [net.minecraft.server.MinecraftServer/]: [Chunky] Task running for minecraft:overworld. Processed: 40545 chunks (5.27%), ETA: 3:03:59, Rate: 66 cps, Surface biomes: minecraft:deep_cold_ocean (66 chunks), Current: -76, 28
[13Aug2026 06:39:59.481] [Server thread/INFO] [net.minecraft.server.MinecraftServer/]: [Chunky] Task running for minecraft:overworld. Processed: 40608 chunks (5.28%), ETA: 3:49:05, Rate: 53 cps, Surface biomes: minecraft:deep_cold_ocean (53 chunks), Current: -69, 28
[13Aug2026 06:40:00.552] [Server thread/INFO] [net.minecraft.server.MinecraftServer/]: [Chunky] Task running for minecraft:overworld. Processed: 40709 chunks (5.29%), ETA: 2:21:10, Rate: 86 cps, Surface biomes: minecraft:deep_cold_ocean (86 chunks), Current: -67, 15
[13Aug2026 06:40:02.088] [Server thread/INFO] [net.minecraft.server.MinecraftServer/]: [Chunky] Task running for minecraft:overworld. Processed: 40737 chunks (5.30%), ETA: 40:27:58, Rate: 5 cps, Surface biomes: minecraft:deep_cold_ocean (5 chunks), Current: -75, 15
[13Aug2026 06:40:03.138] [Server thread/INFO] [net.minecraft.server.MinecraftServer/]: [Chunky] Task running for minecraft:overworld. Processed: 40782 chunks (5.30%), ETA: 4:56:04, Rate: 41 cps, Surface biomes: minecraft:deep_cold_ocean (41 chunks), Current: -72, 9
[13Aug2026 06:40:04.188] [Server thread/INFO] [net.minecraft.server.MinecraftServer/]: [Chunky] Task running for minecraft:overworld. Processed: 40826 chunks (5.31%), ETA: 5:03:27, Rate: 40 cps, Surface biomes: minecraft:deep_cold_ocean (40 chunks), Current: -74, 11
[13Aug2026 06:40:05.201] [Server thread/INFO] [net.minecraft.server.MinecraftServer/]: [Chunky] Task running for minecraft:overworld. Processed: 40883 chunks (5.32%), ETA: 3:44:46, Rate: 54 cps, Surface biomes: minecraft:deep_cold_ocean (54 chunks), Current: -76, 1
[13Aug2026 06:40:06.238] [Server thread/INFO] [net.minecraft.server.MinecraftServer/]: [Chunky] Task running for minecraft:overworld. Processed: 40931 chunks (5.32%), ETA: 3:36:43, Rate: 56 cps, Surface biomes: minecraft:deep_cold_ocean (56 chunks), Current: -68, 6
[13Aug2026 06:40:07.288] [Server thread/INFO] [net.minecraft.server.MinecraftServer/]: [Chunky] Task running for minecraft:overworld. Processed: 40958 chunks (5.33%), ETA: 10:06:48, Rate: 20 cps, Surface biomes: minecraft:deep_cold_ocean (20 chunks), Current: -66, 0
[13Aug2026 06:40:08.388] [Server thread/INFO] [net.minecraft.server.MinecraftServer/]: [Chunky] Task running for minecraft:overworld. Processed: 40966 chunks (5.33%), ETA: 16:51:20, Rate: 12 cps, Surface biomes: minecraft:deep_cold_ocean (12 chunks), Current: -95, 33
[13Aug2026 06:40:09.389] [Server thread/INFO] [net.minecraft.server.MinecraftServer/]: [Chunky] Task running for minecraft:overworld. Processed: 41032 chunks (5.33%), ETA: 3:32:53, Rate: 57 cps, Surface biomes: minecraft:deep_cold_ocean (57 chunks), Current: -88, 35
[13Aug2026 06:40:10.539] [Server thread/INFO] [net.minecraft.server.MinecraftServer/]: [Chunky] Task running for minecraft:overworld. Processed: 41088 chunks (5.34%), ETA: 4:23:46, Rate: 46 cps, Surface biomes: minecraft:deep_cold_ocean (46 chunks), Current: -81, 39
[13Aug2026 06:40:12.134] [Server thread/INFO] [net.minecraft.server.MinecraftServer/]: [Chunky] Task running for minecraft:overworld. Processed: 41129 chunks (5.35%), ETA: 101:06:40, Rate: 2 cps, Surface biomes: minecraft:deep_cold_ocean (2 chunks), Current: -86, 44
[13Aug2026 06:40:12.737] [Server thread/WARN] [net.minecraft.server.MinecraftServer/]: Can't keep up! Is the server overloaded? Running 2199ms or 43 ticks behind
[13Aug2026 06:40:13.266] [Server thread/INFO] [net.minecraft.server.MinecraftServer/]: [Chunky] Task running for minecraft:overworld. Processed: 41212 chunks (5.36%), ETA: 2:26:10, Rate: 83 cps, Surface biomes: minecraft:deep_cold_ocean (83 chunks), Current: -95, 46
[13Aug2026 06:40:14.394] [Server thread/INFO] [net.minecraft.server.MinecraftServer/]: [Chunky] Task running for minecraft:overworld. Processed: 41261 chunks (5.36%), ETA: 9:37:40, Rate: 21 cps, Surface biomes: minecraft:deep_cold_ocean (21 chunks), Current: -91, 54
[13Aug2026 06:40:15.567] [Server thread/INFO] [net.minecraft.server.MinecraftServer/]: [Chunky] Task running for minecraft:overworld. Processed: 41279 chunks (5.37%), ETA: 4:23:42, Rate: 46 cps, Surface biomes: minecraft:deep_cold_ocean (46 chunks), Current: -96, 55
[13Aug2026 06:40:16.599] [Server thread/INFO] [net.minecraft.server.MinecraftServer/]: [Chunky] Task running for minecraft:overworld. Processed: 41327 chunks (5.37%), ETA: 5:56:45, Rate: 34 cps, Surface biomes: minecraft:deep_cold_ocean (34 chunks), Current: -90, 60
[13Aug2026 06:40:17.873] [Server thread/INFO] [net.minecraft.server.MinecraftServer/]: [Chunky] Task running for minecraft:overworld. Processed: 41381 chunks (5.38%), ETA: 4:12:41, Rate: 48 cps, Surface biomes: minecraft:deep_cold_ocean (48 chunks), Current: -84, 59
[13Aug2026 06:40:18.888] [Server thread/INFO] [net.minecraft.server.MinecraftServer/]: [Chunky] Task running for minecraft:overworld. Processed: 41465 chunks (5.39%), ETA: 4:48:45, Rate: 42 cps, Surface biomes: minecraft:deep_cold_ocean (42 chunks), Current: -82, 48
[13Aug2026 06:40:20.638] [Server thread/INFO] [net.minecraft.server.MinecraftServer/]: [Chunky] Task running for minecraft:overworld. Processed: 41477 chunks (5.39%), ETA: 50:31:53, Rate: 4 cps, Surface biomes: minecraft:deep_cold_ocean (4 chunks), Current: -80, 50
[13Aug2026 06:40:21.702] [Server thread/INFO] [net.minecraft.server.MinecraftServer/]: [Chunky] Task running for minecraft:overworld. Processed: 41515 chunks (5.40%), ETA: 20:12:41, Rate: 10 cps, Surface biomes: minecraft:deep_cold_ocean (10 chunks), Current: -73, 50
[13Aug2026 06:40:22.838] [Server thread/INFO] [net.minecraft.server.MinecraftServer/]: [Chunky] Task running for minecraft:overworld. Processed: 41561 chunks (5.40%), ETA: 4:55:45, Rate: 41 cps, Surface biomes: minecraft:deep_cold_ocean (41 chunks), Current: -78, 60
[13Aug2026 06:40:23.888] [Server thread/INFO] [net.minecraft.server.MinecraftServer/]: [Chunky] Task running for minecraft:overworld. Processed: 41608 chunks (5.41%), ETA: 5:27:42, Rate: 37 cps, Surface biomes: minecraft:deep_cold_ocean (37 chunks), Current: -69, 57
[13Aug2026 06:40:24.889] [Server thread/INFO] [net.minecraft.server.MinecraftServer/]: [Chunky] Task running for minecraft:overworld. Processed: 41663 chunks (5.42%), ETA: 3:32:42, Rate: 57 cps, Surface biomes: minecraft:deep_cold_ocean (57 chunks), Current: -66, 56
[13Aug2026 06:40:26.301] [Server thread/INFO] [net.minecraft.server.MinecraftServer/]: [Chunky] Task running for minecraft:overworld. Processed: 41739 chunks (5.43%), ETA: 2:50:44, Rate: 71 cps, Surface biomes: minecraft:deep_cold_ocean (71 chunks), Current: -66, 45
[13Aug2026 06:40:27.308] [Server thread/INFO] [net.minecraft.server.MinecraftServer/]: [Chunky] Task running for minecraft:overworld. Processed: 41847 chunks (5.44%), ETA: 3:15:30, Rate: 62 cps, Surface biomes: minecraft:deep_cold_ocean (62 chunks), Current: -77, 41
[13Aug2026 06:40:28.312] [Server thread/INFO] [net.minecraft.server.MinecraftServer/]: [Chunky] Task running for minecraft:overworld. Processed: 41921 chunks (5.45%), ETA: 2:06:15, Rate: 96 cps, Surface biomes: minecraft:deep_cold_ocean (96 chunks), Current: -72, 32
[13Aug2026 06:40:29.338] [Server thread/INFO] [net.minecraft.server.MinecraftServer/]: [Chunky] Task running for minecraft:overworld. Processed: 41964 chunks (5.46%), ETA: 3:18:40, Rate: 61 cps, Surface biomes: minecraft:deep_cold_ocean (61 chunks), Current: -68, 37
[13Aug2026 06:40:30.388] [Server thread/INFO] [net.minecraft.server.MinecraftServer/]: [Chunky] Task running for minecraft:overworld. Processed: 41986 chunks (5.46%), ETA: 9:37:05, Rate: 21 cps, Surface biomes: minecraft:deep_cold_ocean (21 chunks), Current: -96, 65
[13Aug2026 06:40:31.438] [Server thread/INFO] [net.minecraft.server.MinecraftServer/]: [Chunky] Task running for minecraft:overworld. Processed: 42036 chunks (5.47%), ETA: 5:18:54, Rate: 38 cps, Surface biomes: minecraft:deep_cold_ocean (38 chunks), Current: -90, 67
[13Aug2026 06:40:32.488] [Server thread/INFO] [net.minecraft.server.MinecraftServer/]: [Chunky] Task running for minecraft:overworld. Processed: 42075 chunks (5.47%), ETA: 6:07:11, Rate: 33 cps, Surface biomes: minecraft:deep_cold_ocean (33 chunks), Current: -84, 66
[13Aug2026 06:40:33.538] [Server thread/INFO] [net.minecraft.server.MinecraftServer/]: [Chunky] Task running for minecraft:overworld. Processed: 42116 chunks (5.48%), ETA: 4:48:29, Rate: 42 cps, Surface biomes: minecraft:deep_cold_ocean (42 chunks), Current: -87, 73
[13Aug2026 06:40:34.588] [Server thread/INFO] [net.minecraft.server.MinecraftServer/]: [Chunky] Task running for minecraft:overworld. Processed: 42148 chunks (5.48%), ETA: 5:10:40, Rate: 39 cps, Surface biomes: minecraft:deep_cold_ocean (39 chunks), Current: -83, 77
[13Aug2026 06:40:35.645] [Server thread/INFO] [net.minecraft.server.MinecraftServer/]: [Chunky] Task running for minecraft:overworld. Processed: 42196 chunks (5.49%), ETA: 4:35:21, Rate: 44 cps, Surface biomes: minecraft:deep_cold_ocean (44 chunks), Current: -89, 75
[13Aug2026 06:40:36.738] [Server thread/INFO] [net.minecraft.server.MinecraftServer/]: [Chunky] Task running for minecraft:overworld. Processed: 42231 chunks (5.49%), ETA: 6:07:07, Rate: 33 cps, Surface biomes: minecraft:deep_cold_ocean (33 chunks), Current: -93, 77
[13Aug2026 06:40:37.838] [Server thread/INFO] [net.minecraft.server.MinecraftServer/]: [Chunky] Task running for minecraft:overworld. Processed: 42273 chunks (5.50%), ETA: 3:40:15, Rate: 55 cps, Surface biomes: minecraft:deep_cold_ocean (55 chunks), Current: -92, 84
[13Aug2026 06:40:38.888] [Server thread/INFO] [net.minecraft.server.MinecraftServer/]: [Chunky] Task running for minecraft:overworld. Processed: 42294 chunks (5.50%), ETA: 14:25:16, Rate: 14 cps, Surface biomes: minecraft:deep_cold_ocean (14 chunks), Current: -91, 86
[13Aug2026 06:40:40.238] [Server thread/INFO] [net.minecraft.server.MinecraftServer/]: [Chunky] Task running for minecraft:overworld. Processed: 42330 chunks (5.50%), ETA: 25:14:09, Rate: 8 cps, Surface biomes: minecraft:deep_cold_ocean (8 chunks), Current: -95, 95
[13Aug2026 06:40:41.259] [Server thread/INFO] [net.minecraft.server.MinecraftServer/]: [Chunky] Task running for minecraft:overworld. Processed: 42365 chunks (5.51%), ETA: 8:04:30, Rate: 25 cps, Surface biomes: minecraft:deep_cold_ocean (25 chunks), Current: -90, 94
[13Aug2026 06:40:42.580] [Server thread/INFO] [net.minecraft.server.MinecraftServer/]: [Chunky] Task running for minecraft:overworld. Processed: 42385 chunks (5.51%), ETA: 6:43:44, Rate: 30 cps, Surface biomes: minecraft:deep_cold_ocean (30 chunks), Current: -88, 92
[13Aug2026 06:40:42.686] [Server thread/WARN] [net.minecraft.server.MinecraftServer/]: Can't keep up! Is the server overloaded? Running 2298ms or 45 ticks behind
[13Aug2026 06:40:43.585] [Server thread/INFO] [net.minecraft.server.MinecraftServer/]: [Chunky] Task running for minecraft:overworld. Processed: 42485 chunks (5.52%), ETA: 4:12:18, Rate: 48 cps, Surface biomes: minecraft:deep_cold_ocean (48 chunks), Current: -84, 82
[13Aug2026 06:40:44.974] [Server thread/INFO] [net.minecraft.server.MinecraftServer/]: [Chunky] Task running for minecraft:overworld. Processed: 42517 chunks (5.53%), ETA: 3:32:27, Rate: 57 cps, Surface biomes: minecraft:deep_cold_ocean (57 chunks), Current: -75, 82
[13Aug2026 06:40:46.023] [Server thread/INFO] [net.minecraft.server.MinecraftServer/]: [Chunky] Task running for minecraft:overworld. Processed: 42585 chunks (5.54%), ETA: 3:03:28, Rate: 66 cps, Surface biomes: minecraft:deep_cold_ocean (66 chunks), Current: -78, 92
[13Aug2026 06:40:47.538] [Server thread/INFO] [net.minecraft.server.MinecraftServer/]: [Chunky] Task running for minecraft:overworld. Processed: 42605 chunks (5.54%), ETA: 10:05:26, Rate: 20 cps, Surface biomes: minecraft:deep_cold_ocean (20 chunks), Current: -74, 91
[13Aug2026 06:40:48.588] [Server thread/INFO] [net.minecraft.server.MinecraftServer/]: [Chunky] Task running for minecraft:overworld. Processed: 42652 chunks (5.55%), ETA: 10:37:15, Rate: 19 cps, Surface biomes: minecraft:deep_cold_ocean (19 chunks), Current: -70, 95
[13Aug2026 06:40:49.638] [Server thread/INFO] [net.minecraft.server.MinecraftServer/]: [Chunky] Task running for minecraft:overworld. Processed: 42702 chunks (5.55%), ETA: 3:57:23, Rate: 51 cps, Surface biomes: minecraft:deep_cold_ocean (51 chunks), Current: -68, 87
[13Aug2026 06:40:50.688] [Server thread/INFO] [net.minecraft.server.MinecraftServer/]: [Chunky] Task running for minecraft:overworld. Processed: 42744 chunks (5.56%), ETA: 4:29:01, Rate: 45 cps, Surface biomes: minecraft:deep_cold_ocean (45 chunks), Current: -67, 80
[13Aug2026 06:40:51.689] [Server thread/INFO] [net.minecraft.server.MinecraftServer/]: [Chunky] Task running for minecraft:overworld. Processed: 42796 chunks (5.56%), ETA: 4:55:15, Rate: 41 cps, Surface biomes: minecraft:deep_cold_ocean (41 chunks), Current: -70, 76
[13Aug2026 06:40:52.738] [Server thread/INFO] [net.minecraft.server.MinecraftServer/]: [Chunky] Task running for minecraft:overworld. Processed: 42849 chunks (5.57%), ETA: 3:52:46, Rate: 52 cps, Surface biomes: minecraft:deep_cold_ocean (52 chunks), Current: -78, 74
[13Aug2026 06:40:53.739] [Server thread/INFO] [net.minecraft.server.MinecraftServer/]: [Chunky] Task running for minecraft:overworld. Processed: 42910 chunks (5.58%), ETA: 4:07:00, Rate: 49 cps, Surface biomes: minecraft:deep_cold_ocean (49 chunks), Current: -79, 68
[13Aug2026 06:40:54.788] [Server thread/INFO] [net.minecraft.server.MinecraftServer/]: [Chunky] Task running for minecraft:overworld. Processed: 42988 chunks (5.59%), ETA: 3:00:37, Rate: 67 cps, Surface biomes: minecraft:deep_cold_ocean (67 chunks), Current: -65, 70
[13Aug2026 06:40:55.814] [Server thread/INFO] [net.minecraft.server.MinecraftServer/]: [Chunky] Task running for minecraft:overworld. Processed: 43030 chunks (5.59%), ETA: 3:06:10, Rate: 65 cps, Surface biomes: minecraft:deep_cold_ocean (65 chunks), Current: -94, 102
[13Aug2026 06:40:57.055] [Server thread/INFO] [net.minecraft.server.MinecraftServer/]: [Chunky] Task running for minecraft:overworld. Processed: 43084 chunks (5.60%), ETA: 5:45:44, Rate: 35 cps, Surface biomes: minecraft:deep_cold_ocean (35 chunks), Current: -90, 103
[13Aug2026 06:40:58.214] [Server thread/INFO] [net.minecraft.server.MinecraftServer/]: [Chunky] Task running for minecraft:overworld. Processed: 43137 chunks (5.61%), ETA: 3:48:17, Rate: 53 cps, Surface biomes: minecraft:deep_cold_ocean (53 chunks), Current: -88, 104
[13Aug2026 06:40:59.301] [Server thread/INFO] [net.minecraft.server.MinecraftServer/]: [Chunky] Task running for minecraft:overworld. Processed: 43199 chunks (5.62%), ETA: 5:55:50, Rate: 34 cps, Surface biomes: minecraft:deep_cold_ocean (34 chunks), Current: -87, 111
[13Aug2026 06:41:00.316] [Server thread/INFO] [net.minecraft.server.MinecraftServer/]: [Chunky] Task running for minecraft:overworld. Processed: 43254 chunks (5.62%), ETA: 4:06:53, Rate: 49 cps, Surface biomes: minecraft:deep_cold_ocean (49 chunks), Current: -93, 108
[13Aug2026 06:41:02.207] [Server thread/INFO] [net.minecraft.server.MinecraftServer/]: [Chunky] Task running for minecraft:overworld. Processed: 43257 chunks (5.62%), ETA: 5:26:58, Rate: 37 cps, Surface biomes: minecraft:deep_cold_ocean (37 chunks), Current: -96, 110
[13Aug2026 06:41:03.380] [Server thread/INFO] [net.minecraft.server.MinecraftServer/]: [Chunky] Task running for minecraft:overworld. Processed: 43305 chunks (5.63%), ETA: 5:02:25, Rate: 40 cps, Surface biomes: minecraft:deep_cold_ocean (40 chunks), Current: -93, 116
[13Aug2026 06:41:03.679] [Server thread/WARN] [net.minecraft.server.MinecraftServer/]: Can't keep up! Is the server overloaded? Running 6041ms or 120 ticks behind
[13Aug2026 06:41:05.338] [Server thread/INFO] [net.minecraft.server.MinecraftServer/]: [Chunky] Task running for minecraft:overworld. Processed: 43330 chunks (5.63%), ETA: 6:06:33, Rate: 33 cps, Surface biomes: minecraft:deep_cold_ocean (33 chunks), Current: -95, 120
[13Aug2026 06:41:07.288] [Server thread/INFO] [net.minecraft.server.MinecraftServer/]: [Chunky] Task running for minecraft:overworld. Processed: 43393 chunks (5.64%), ETA: 4:41:17, Rate: 43 cps, Surface biomes: minecraft:deep_cold_ocean (43 chunks), Current: -88, 120
[13Aug2026 06:41:08.289] [Server thread/INFO] [net.minecraft.server.MinecraftServer/]: [Chunky] Task running for minecraft:overworld. Processed: 43455 chunks (5.65%), ETA: 8:23:56, Rate: 24 cps, Surface biomes: minecraft:deep_cold_ocean (24 chunks), Current: -81, 121
[13Aug2026 06:41:09.338] [Server thread/INFO] [net.minecraft.server.MinecraftServer/]: [Chunky] Task running for minecraft:overworld. Processed: 43486 chunks (5.65%), ETA: 3:15:03, Rate: 62 cps, Surface biomes: minecraft:deep_cold_ocean (62 chunks), Current: -88, 115
[13Aug2026 06:41:10.539] [Server thread/INFO] [net.minecraft.server.MinecraftServer/]: [Chunky] Task running for minecraft:overworld. Processed: 43537 chunks (5.66%), ETA: 3:48:10, Rate: 53 cps, Surface biomes: minecraft:deep_cold_ocean (53 chunks), Current: -76, 112
[13Aug2026 06:41:11.707] [Server thread/INFO] [net.minecraft.server.MinecraftServer/]: [Chunky] Task running for minecraft:overworld. Processed: 43586 chunks (5.67%), ETA: 3:43:55, Rate: 54 cps, Surface biomes: minecraft:deep_cold_ocean (54 chunks), Current: -80, 121
[13Aug2026 06:41:12.794] [Server thread/INFO] [net.minecraft.server.MinecraftServer/]: [Chunky] Task running for minecraft:overworld. Processed: 43649 chunks (5.68%), ETA: 4:01:49, Rate: 50 cps, Surface biomes: minecraft:deep_cold_ocean (50 chunks), Current: -72, 121
[13Aug2026 06:41:15.155] [Server thread/INFO] [net.minecraft.server.MinecraftServer/]: [Chunky] Task running for minecraft:overworld. Processed: 43686 chunks (5.68%), ETA: 6:43:01, Rate: 30 cps, Surface biomes: minecraft:deep_cold_ocean (30 chunks), Current: -67, 120
[13Aug2026 06:41:16.171] [Server thread/INFO] [net.minecraft.server.MinecraftServer/]: [Chunky] Task running for minecraft:overworld. Processed: 43769 chunks (5.69%), ETA: 2:45:36, Rate: 73 cps, Surface biomes: minecraft:deep_cold_ocean (73 chunks), Current: -66, 113
[13Aug2026 06:41:17.297] [Server thread/INFO] [net.minecraft.server.MinecraftServer/]: [Chunky] Task running for minecraft:overworld. Processed: 43796 chunks (5.69%), ETA: 5:26:43, Rate: 37 cps, Surface biomes: minecraft:deep_cold_ocean (37 chunks), Current: -67, 107
[13Aug2026 06:41:18.339] [Server thread/INFO] [net.minecraft.server.MinecraftServer/]: [Chunky] Task running for minecraft:overworld. Processed: 43841 chunks (5.70%), ETA: 4:34:43, Rate: 44 cps, Surface biomes: minecraft:deep_cold_ocean (44 chunks), Current: -73, 109
[13Aug2026 06:41:19.388] [Server thread/INFO] [net.minecraft.server.MinecraftServer/]: [Chunky] Task running for minecraft:overworld. Processed: 43876 chunks (5.70%), ETA: 8:23:38, Rate: 24 cps, Surface biomes: minecraft:deep_cold_ocean (24 chunks), Current: -80, 106
[13Aug2026 06:41:20.438] [Server thread/INFO] [net.minecraft.server.MinecraftServer/]: [Chunky] Task running for minecraft:overworld. Processed: 43940 chunks (5.71%), ETA: 3:39:45, Rate: 55 cps, Surface biomes: minecraft:deep_cold_ocean (55 chunks), Current: -77, 98
[13Aug2026 06:41:21.441] [Server thread/INFO] [net.minecraft.server.MinecraftServer/]: [Chunky] Task running for minecraft:overworld. Processed: 43990 chunks (5.72%), ETA: 4:17:08, Rate: 47 cps, Surface biomes: minecraft:deep_cold_ocean (47 chunks), Current: -71, 103
[13Aug2026 06:41:22.538] [Server thread/INFO] [net.minecraft.server.MinecraftServer/]: [Chunky] Task running for minecraft:overworld. Processed: 44037 chunks (5.73%), ETA: 4:11:46, Rate: 48 cps, Surface biomes: minecraft:deep_cold_ocean (48 chunks), Current: -62, 96
[13Aug2026 06:41:23.588] [Server thread/INFO] [net.minecraft.server.MinecraftServer/]: [Chunky] Task running for minecraft:overworld. Processed: 44097 chunks (5.73%), ETA: 4:28:31, Rate: 45 cps, Surface biomes: minecraft:deep_cold_ocean (45 chunks), Current: -56, 96
[13Aug2026 06:41:24.638] [Server thread/INFO] [net.minecraft.server.MinecraftServer/]: [Chunky] Task running for minecraft:overworld. Processed: 44127 chunks (5.74%), ETA: 4:11:44, Rate: 48 cps, Surface biomes: minecraft:deep_cold_ocean (48 chunks), Current: -54, 101
[13Aug2026 06:41:26.089] [Server thread/INFO] [net.minecraft.server.MinecraftServer/]: [Chunky] Task running for minecraft:overworld. Processed: 44190 chunks (5.75%), ETA: 4:17:04, Rate: 47 cps, Surface biomes: minecraft:deep_cold_ocean (47 chunks), Current: -51, 107
[13Aug2026 06:41:27.128] [Server thread/INFO] [net.minecraft.server.MinecraftServer/]: [Chunky] Task running for minecraft:overworld. Processed: 44290 chunks (5.76%), ETA: 2:02:01, Rate: 99 cps, Surface biomes: minecraft:deep_cold_ocean (99 chunks), Current: -63, 112
[13Aug2026 06:41:27.762] [Server thread/WARN] [net.minecraft.server.MinecraftServer/]: Can't keep up! Is the server overloaded? Running 2023ms or 40 ticks behind
[13Aug2026 06:41:28.147] [Server thread/INFO] [net.minecraft.server.MinecraftServer/]: [Chunky] Task running for minecraft:overworld. Processed: 44334 chunks (5.76%), ETA: 4:40:55, Rate: 43 cps, Surface biomes: minecraft:deep_cold_ocean (43 chunks), Current: -58, 119
[13Aug2026 06:41:29.148] [Server thread/INFO] [net.minecraft.server.MinecraftServer/]: [Chunky] Task running for minecraft:overworld. Processed: 44394 chunks (5.77%), ETA: 3:47:54, Rate: 53 cps, Surface biomes: minecraft:deep_cold_ocean (53 chunks), Current: -58, 127
[13Aug2026 06:41:30.214] [Server thread/INFO] [net.minecraft.server.MinecraftServer/]: [Chunky] Task running for minecraft:overworld. Processed: 44433 chunks (5.78%), ETA: 4:11:37, Rate: 48 cps, Surface biomes: minecraft:deep_cold_ocean (48 chunks), Current: -56, 124
[13Aug2026 06:41:31.477] [Server thread/INFO] [net.minecraft.server.MinecraftServer/]: [Chunky] Task running for minecraft:overworld. Processed: 44473 chunks (5.78%), ETA: 5:01:56, Rate: 40 cps, Surface biomes: minecraft:deep_cold_ocean (40 chunks), Current: -52, 121
[13Aug2026 06:41:34.038] [Server thread/INFO] [net.minecraft.server.MinecraftServer/]: [Chunky] Task running for minecraft:overworld. Processed: 44560 chunks (5.79%), ETA: 13:25:04, Rate: 15 cps, Surface biomes: minecraft:deep_cold_ocean (15 chunks), Current: -44, 114
[13Aug2026 06:41:35.088] [Server thread/INFO] [net.minecraft.server.MinecraftServer/]: [Chunky] Task running for minecraft:overworld. Processed: 44597 chunks (5.80%), ETA: 5:35:25, Rate: 36 cps, Surface biomes: minecraft:deep_cold_ocean (36 chunks), Current: -42, 114
[13Aug2026 06:41:36.138] [Server thread/INFO] [net.minecraft.server.MinecraftServer/]: [Chunky] Task running for minecraft:overworld. Processed: 44634 chunks (5.80%), ETA: 5:55:08, Rate: 34 cps, Surface biomes: minecraft:deep_cold_ocean (34 chunks), Current: -46, 125
[13Aug2026 06:41:37.139] [Server thread/INFO] [net.minecraft.server.MinecraftServer/]: [Chunky] Task running for minecraft:overworld. Processed: 44675 chunks (5.81%), ETA: 6:29:29, Rate: 31 cps, Surface biomes: minecraft:deep_cold_ocean (31 chunks), Current: -39, 121
[13Aug2026 06:41:38.288] [Server thread/INFO] [net.minecraft.server.MinecraftServer/]: [Chunky] Task running for minecraft:overworld. Processed: 44718 chunks (5.81%), ETA: 3:43:35, Rate: 54 cps, Surface biomes: minecraft:deep_cold_ocean (40 chunks), minecraft:deep_lukewarm_ocean (13 chunks), minecraft:deep_ocean (1 chunks), Current: -33, 123
[13Aug2026 06:41:39.338] [Server thread/INFO] [net.minecraft.server.MinecraftServer/]: [Chunky] Task running for minecraft:overworld. Processed: 44774 chunks (5.82%), ETA: 3:47:47, Rate: 53 cps, Surface biomes: minecraft:deep_cold_ocean (43 chunks), minecraft:deep_lukewarm_ocean (9 chunks), minecraft:deep_ocean (1 chunks), Current: -38, 115
[13Aug2026 06:41:40.356] [Server thread/INFO] [net.minecraft.server.MinecraftServer/]: [Chunky] Task running for minecraft:overworld. Processed: 44791 chunks (5.82%), ETA: 14:22:18, Rate: 14 cps, Surface biomes: minecraft:deep_cold_ocean (14 chunks), Current: -36, 109
[13Aug2026 06:41:41.370] [Server thread/INFO] [net.minecraft.server.MinecraftServer/]: [Chunky] Task running for minecraft:overworld. Processed: 44875 chunks (5.83%), ETA: 3:35:33, Rate: 56 cps, Surface biomes: minecraft:deep_cold_ocean (56 chunks), Current: -37, 104
[13Aug2026 06:41:42.404] [Server thread/INFO] [net.minecraft.server.MinecraftServer/]: [Chunky] Task running for minecraft:overworld. Processed: 44935 chunks (5.84%), ETA: 2:12:38, Rate: 91 cps, Surface biomes: minecraft:deep_cold_ocean (91 chunks), Current: -46, 103
[13Aug2026 06:41:43.438] [Server thread/INFO] [net.minecraft.server.MinecraftServer/]: [Chunky] Task running for minecraft:overworld. Processed: 44994 chunks (5.85%), ETA: 4:16:47, Rate: 47 cps, Surface biomes: minecraft:deep_cold_ocean (47 chunks), Current: -39, 96
[13Aug2026 06:41:44.488] [Server thread/INFO] [net.minecraft.server.MinecraftServer/]: [Chunky] Task running for minecraft:overworld. Processed: 45033 chunks (5.86%), ETA: 4:40:39, Rate: 43 cps, Surface biomes: minecraft:deep_cold_ocean (43 chunks), Current: -34, 103
[13Aug2026 06:41:45.489] [Server thread/INFO] [net.minecraft.server.MinecraftServer/]: [Chunky] Task running for minecraft:overworld. Processed: 45092 chunks (5.86%), ETA: 6:56:06, Rate: 29 cps, Surface biomes: minecraft:deep_cold_ocean (29 chunks), Current: -27, 101
[13Aug2026 06:41:46.538] [Server thread/INFO] [net.minecraft.server.MinecraftServer/]: [Chunky] Task running for minecraft:overworld. Processed: 45121 chunks (5.87%), ETA: 3:24:31, Rate: 59 cps, Surface biomes: minecraft:deep_cold_ocean (58 chunks), minecraft:plains (1 chunks), Current: -25, 102
[13Aug2026 06:41:47.588] [Server thread/INFO] [net.minecraft.server.MinecraftServer/]: [Chunky] Task running for minecraft:overworld. Processed: 45150 chunks (5.87%), ETA: 6:42:12, Rate: 30 cps, Surface biomes: minecraft:deep_cold_ocean (16 chunks), minecraft:plains (11 chunks), minecraft:meadow (3 chunks), Current: -19, 99
[13Aug2026 06:41:48.688] [Server thread/INFO] [net.minecraft.server.MinecraftServer/]: [Chunky] Task running for minecraft:overworld. Processed: 45166 chunks (5.87%), ETA: 10:03:18, Rate: 20 cps, Surface biomes: minecraft:plains (17 chunks), minecraft:windswept_hills (2 chunks), minecraft:meadow (1 chunks), Current: -17, 101
[13Aug2026 06:41:49.738] [Server thread/INFO] [net.minecraft.server.MinecraftServer/]: [Chunky] Task running for minecraft:overworld. Processed: 45207 chunks (5.88%), ETA: 9:34:32, Rate: 21 cps, Surface biomes: minecraft:plains (12 chunks), minecraft:deep_cold_ocean (7 chunks), minecraft:windswept_hills (2 chunks), Current: -20, 106
[13Aug2026 06:41:50.789] [Server thread/INFO] [net.minecraft.server.MinecraftServer/]: [Chunky] Task running for minecraft:overworld. Processed: 45221 chunks (5.88%), ETA: 5:54:51, Rate: 34 cps, Surface biomes: minecraft:deep_cold_ocean (25 chunks), minecraft:river (6 chunks), minecraft:windswept_hills (3 chunks), Current: -18, 109
[13Aug2026 06:41:51.838] [Server thread/INFO] [net.minecraft.server.MinecraftServer/]: [Chunky] Task running for minecraft:overworld. Processed: 45293 chunks (5.89%), ETA: 7:10:51, Rate: 28 cps, Surface biomes: minecraft:deep_cold_ocean (26 chunks), minecraft:river (2 chunks), Current: -31, 106
[13Aug2026 06:41:52.888] [Server thread/INFO] [net.minecraft.server.MinecraftServer/]: [Chunky] Task running for minecraft:overworld. Processed: 45337 chunks (5.89%), ETA: 3:27:59, Rate: 58 cps, Surface biomes: minecraft:deep_cold_ocean (58 chunks), Current: -25, 112
[13Aug2026 06:41:53.938] [Server thread/INFO] [net.minecraft.server.MinecraftServer/]: [Chunky] Task running for minecraft:overworld. Processed: 45395 chunks (5.90%), ETA: 4:34:08, Rate: 44 cps, Surface biomes: minecraft:deep_cold_ocean (44 chunks), Current: -32, 126
[13Aug2026 06:41:54.960] [Server thread/INFO] [net.minecraft.server.MinecraftServer/]: [Chunky] Task running for minecraft:overworld. Processed: 45424 chunks (5.91%), ETA: 3:39:18, Rate: 55 cps, Surface biomes: minecraft:deep_cold_ocean (31 chunks), minecraft:deep_lukewarm_ocean (19 chunks), minecraft:deep_ocean (5 chunks), Current: -26, 121
[13Aug2026 06:41:56.516] [Server thread/INFO] [net.minecraft.server.MinecraftServer/]: [Chunky] Task running for minecraft:overworld. Processed: 45488 chunks (5.91%), ETA: 3:17:42, Rate: 61 cps, Surface biomes: minecraft:deep_lukewarm_ocean (61 chunks), Current: -24, 118
[13Aug2026 06:41:58.494] [Server thread/INFO] [net.minecraft.server.MinecraftServer/]: [Chunky] Task running for minecraft:overworld. Processed: 45588 chunks (5.93%), ETA: 14:21:21, Rate: 14 cps, Surface biomes: minecraft:deep_lukewarm_ocean (13 chunks), minecraft:plains (1 chunks), Current: -12, 114
[13Aug2026 06:41:58.521] [Server thread/WARN] [net.minecraft.server.MinecraftServer/]: Can't keep up! Is the server overloaded? Running 2883ms or 57 ticks behind
[13Aug2026 06:41:59.739] [Server thread/INFO] [net.minecraft.server.MinecraftServer/]: [Chunky] Task running for minecraft:overworld. Processed: 45638 chunks (5.93%), ETA: 4:01:09, Rate: 50 cps, Surface biomes: minecraft:deep_lukewarm_ocean (50 chunks), Current: -16, 122
[13Aug2026 06:42:00.822] [Server thread/INFO] [net.minecraft.server.MinecraftServer/]: [Chunky] Task running for minecraft:overworld. Processed: 45704 chunks (5.94%), ETA: 4:01:08, Rate: 50 cps, Surface biomes: minecraft:deep_lukewarm_ocean (50 chunks), Current: -6, 121
[13Aug2026 06:42:02.040] [Server thread/INFO] [net.minecraft.server.MinecraftServer/]: [Chunky] Task running for minecraft:overworld. Processed: 45753 chunks (5.95%), ETA: 8:22:20, Rate: 24 cps, Surface biomes: minecraft:deep_lukewarm_ocean (24 chunks), Current: -4, 121
[13Aug2026 06:42:03.247] [Server thread/INFO] [net.minecraft.server.MinecraftServer/]: [Chunky] Task running for minecraft:overworld. Processed: 45793 chunks (5.95%), ETA: 5:01:23, Rate: 40 cps, Surface biomes: minecraft:deep_lukewarm_ocean (33 chunks), minecraft:savanna (4 chunks), minecraft:plains (3 chunks), Current: -7, 114
[13Aug2026 06:42:04.726] [Server thread/INFO] [net.minecraft.server.MinecraftServer/]: [Chunky] Task running for minecraft:overworld. Processed: 45839 chunks (5.96%), ETA: 4:22:03, Rate: 46 cps, Surface biomes: minecraft:plains (26 chunks), minecraft:deep_lukewarm_ocean (18 chunks), minecraft:dark_forest (1 chunks), minecraft:windswept_hills (1 chunks), Current: -1, 109
[13Aug2026 06:42:05.732] [Server thread/INFO] [net.minecraft.server.MinecraftServer/]: [Chunky] Task running for minecraft:overworld. Processed: 45929 chunks (5.97%), ETA: 4:05:59, Rate: 49 cps, Surface biomes: minecraft:plains (39 chunks), minecraft:deep_lukewarm_ocean (8 chunks), minecraft:river (1 chunks), minecraft:windswept_hills (1 chunks), Current: -10, 107
[13Aug2026 06:42:06.738] [Server thread/INFO] [net.minecraft.server.MinecraftServer/]: [Chunky] Task running for minecraft:overworld. Processed: 45963 chunks (5.98%), ETA: 4:11:05, Rate: 48 cps, Surface biomes: minecraft:deep_lukewarm_ocean (18 chunks), minecraft:deep_cold_ocean (15 chunks), minecraft:river (12 chunks), minecraft:plains (2 chunks), minecraft:deep_ocean (1 chunks), Current: -13, 103
[13Aug2026 06:42:07.788] [Server thread/INFO] [net.minecraft.server.MinecraftServer/]: [Chunky] Task running for minecraft:overworld. Processed: 46027 chunks (5.98%), ETA: 4:53:56, Rate: 41 cps, Surface biomes: minecraft:plains (16 chunks), minecraft:windswept_hills (16 chunks), minecraft:old_growth_spruce_taiga (4 chunks), minecraft:deep_cold_ocean (2 chunks), minecraft:meadow (2 chunks), minecraft:deep_ocean (1 chunks), Current: -6, 98
[13Aug2026 06:42:08.838] [Server thread/INFO] [net.minecraft.server.MinecraftServer/]: [Chunky] Task running for minecraft:overworld. Processed: 46065 chunks (5.99%), ETA: 3:20:51, Rate: 60 cps, Surface biomes: minecraft:plains (26 chunks), minecraft:windswept_hills (26 chunks), minecraft:meadow (8 chunks), Current: -2, 103
[13Aug2026 06:42:09.888] [Server thread/INFO] [net.minecraft.server.MinecraftServer/]: [Chunky] Task running for minecraft:overworld. Processed: 46111 chunks (6.00%), ETA: 5:34:43, Rate: 36 cps, Surface biomes: minecraft:windswept_hills (22 chunks), minecraft:plains (11 chunks), minecraft:meadow (3 chunks), Current: 2, 103
[13Aug2026 06:42:12.218] [Server thread/INFO] [net.minecraft.server.MinecraftServer/]: [Chunky] Task running for minecraft:overworld. Processed: 46167 chunks (6.00%), ETA: 3:43:08, Rate: 54 cps, Surface biomes: minecraft:windswept_hills (39 chunks), minecraft:desert (9 chunks), minecraft:river (5 chunks), minecraft:meadow (1 chunks), Current: 12, 98
[13Aug2026 06:42:14.235] [Server thread/INFO] [net.minecraft.server.MinecraftServer/]: [Chunky] Task running for minecraft:overworld. Processed: 46217 chunks (6.01%), ETA: 4:00:58, Rate: 50 cps, Surface biomes: minecraft:desert (26 chunks), minecraft:windswept_hills (13 chunks), minecraft:river (11 chunks), Current: 10, 106
[13Aug2026 06:42:15.280] [Server thread/INFO] [net.minecraft.server.MinecraftServer/]: [Chunky] Task running for minecraft:overworld. Processed: 46270 chunks (6.02%), ETA: 4:00:57, Rate: 50 cps, Surface biomes: minecraft:desert (29 chunks), minecraft:river (13 chunks), minecraft:windswept_hills (7 chunks), minecraft:beach (1 chunks), Current: 7, 111
[13Aug2026 06:42:16.395] [Server thread/INFO] [net.minecraft.server.MinecraftServer/]: [Chunky] Task running for minecraft:overworld. Processed: 46345 chunks (6.03%), ETA: 6:16:27, Rate: 32 cps, Surface biomes: minecraft:desert (19 chunks), minecraft:windswept_hills (13 chunks), Current: 2, 115
[13Aug2026 06:42:17.568] [Server thread/INFO] [net.minecraft.server.MinecraftServer/]: [Chunky] Task running for minecraft:overworld. Processed: 46376 chunks (6.03%), ETA: 2:49:39, Rate: 71 cps, Surface biomes: minecraft:windswept_hills (39 chunks), minecraft:desert (24 chunks), minecraft:plains (5 chunks), minecraft:savanna (3 chunks), Current: 3, 117
[13Aug2026 06:42:18.728] [Server thread/INFO] [net.minecraft.server.MinecraftServer/]: [Chunky] Task running for minecraft:overworld. Processed: 46421 chunks (6.04%), ETA: 4:16:16, Rate: 47 cps, Surface biomes: minecraft:savanna (33 chunks), minecraft:desert (7 chunks), minecraft:windswept_hills (4 chunks), minecraft:beach (1 chunks), minecraft:deep_lukewarm_ocean (1 chunks), minecraft:plains (1 chunks), Current: 0, 126
[13Aug2026 06:42:19.938] [Server thread/INFO] [net.minecraft.server.MinecraftServer/]: [Chunky] Task running for minecraft:overworld. Processed: 46470 chunks (6.04%), ETA: 4:33:44, Rate: 44 cps, Surface biomes: minecraft:windswept_hills (23 chunks), minecraft:deep_lukewarm_ocean (10 chunks), minecraft:savanna (7 chunks), minecraft:plains (2 chunks), minecraft:desert (1 chunks), minecraft:stony_shore (1 chunks), Current: 8, 122
[13Aug2026 06:42:20.907] [Server thread/WARN] [net.minecraft.server.MinecraftServer/]: Can't keep up! Is the server overloaded? Running 7419ms or 148 ticks behind
[13Aug2026 06:42:21.088] [Server thread/INFO] [net.minecraft.server.MinecraftServer/]: [Chunky] Task running for minecraft:overworld. Processed: 46508 chunks (6.05%), ETA: 8:01:44, Rate: 25 cps, Surface biomes: minecraft:deep_lukewarm_ocean (13 chunks), minecraft:beach (6 chunks), minecraft:windswept_hills (5 chunks), minecraft:stony_shore (1 chunks), Current: 14, 124
[13Aug2026 06:42:22.497] [Server thread/INFO] [net.minecraft.server.MinecraftServer/]: [Chunky] Task running for minecraft:overworld. Processed: 46514 chunks (6.05%), ETA: 33:27:15, Rate: 6 cps, Surface biomes: minecraft:deep_lukewarm_ocean (6 chunks), Current: 15, 122
[13Aug2026 06:42:23.538] [Server thread/INFO] [net.minecraft.server.MinecraftServer/]: [Chunky] Task running for minecraft:overworld. Processed: 46569 chunks (6.05%), ETA: 4:33:41, Rate: 44 cps, Surface biomes: minecraft:desert (20 chunks), minecraft:river (11 chunks), minecraft:beach (8 chunks), minecraft:deep_lukewarm_ocean (5 chunks), Current: 9, 113
[13Aug2026 06:42:24.588] [Server thread/INFO] [net.minecraft.server.MinecraftServer/]: [Chunky] Task running for minecraft:overworld. Processed: 46586 chunks (6.06%), ETA: 9:33:26, Rate: 21 cps, Surface biomes: minecraft:desert (14 chunks), minecraft:river (5 chunks), minecraft:beach (2 chunks), Current: 14, 114
[13Aug2026 06:42:25.598] [Server thread/INFO] [net.minecraft.server.MinecraftServer/]: [Chunky] Task running for minecraft:overworld. Processed: 46617 chunks (6.06%), ETA: 13:22:47, Rate: 15 cps, Surface biomes: minecraft:river (9 chunks), minecraft:desert (3 chunks), minecraft:windswept_hills (3 chunks), Current: 22, 114
[13Aug2026 06:42:26.717] [Server thread/INFO] [net.minecraft.server.MinecraftServer/]: [Chunky] Task running for minecraft:overworld. Processed: 46657 chunks (6.07%), ETA: 3:27:36, Rate: 58 cps, Surface biomes: minecraft:desert (39 chunks), minecraft:river (14 chunks), minecraft:windswept_hills (4 chunks), minecraft:forest (1 chunks), Current: 16, 122
[13Aug2026 06:42:27.739] [Server thread/INFO] [net.minecraft.server.MinecraftServer/]: [Chunky] Task running for minecraft:overworld. Processed: 46726 chunks (6.08%), ETA: 3:51:32, Rate: 52 cps, Surface biomes: minecraft:deep_lukewarm_ocean (23 chunks), minecraft:desert (15 chunks), minecraft:beach (14 chunks), Current: 25, 120
[13Aug2026 06:42:29.045] [Server thread/INFO] [net.minecraft.server.MinecraftServer/]: [Chunky] Task running for minecraft:overworld. Processed: 46753 chunks (6.08%), ETA: 4:05:42, Rate: 49 cps, Surface biomes: minecraft:desert (46 chunks), minecraft:beach (2 chunks), minecraft:windswept_hills (1 chunks), Current: 29, 123
[13Aug2026 06:42:30.065] [Server thread/INFO] [net.minecraft.server.MinecraftServer/]: [Chunky] Task running for minecraft:overworld. Processed: 46817 chunks (6.09%), ETA: 3:08:06, Rate: 64 cps, Surface biomes: minecraft:desert (28 chunks), minecraft:windswept_hills (22 chunks), minecraft:dark_forest (13 chunks), minecraft:forest (1 chunks), Current: 24, 112
[13Aug2026 06:42:32.238] [Server thread/INFO] [net.minecraft.server.MinecraftServer/]: [Chunky] Task running for minecraft:overworld. Processed: 46851 chunks (6.09%), ETA: 5:54:03, Rate: 34 cps, Surface biomes: minecraft:desert (29 chunks), minecraft:river (3 chunks), minecraft:windswept_hills (2 chunks), Current: 30, 111
[13Aug2026 06:42:33.288] [Server thread/INFO] [net.minecraft.server.MinecraftServer/]: [Chunky] Task running for minecraft:overworld. Processed: 46898 chunks (6.10%), ETA: 7:09:53, Rate: 28 cps, Surface biomes: minecraft:desert (14 chunks), minecraft:windswept_hills (12 chunks), minecraft:river (2 chunks), Current: 26, 109
[13Aug2026 06:42:34.338] [Server thread/INFO] [net.minecraft.server.MinecraftServer/]: [Chunky] Task running for minecraft:overworld. Processed: 46942 chunks (6.10%), ETA: 3:42:53, Rate: 54 cps, Surface biomes: minecraft:desert (25 chunks), minecraft:windswept_hills (15 chunks), minecraft:river (8 chunks), minecraft:dark_forest (6 chunks), Current: 18, 109
[13Aug2026 06:42:35.388] [Server thread/INFO] [net.minecraft.server.MinecraftServer/]: [Chunky] Task running for minecraft:overworld. Processed: 47003 chunks (6.11%), ETA: 3:51:27, Rate: 52 cps, Surface biomes: minecraft:desert (34 chunks), minecraft:windswept_hills (18 chunks), Current: 16, 100
[13Aug2026 06:42:36.438] [Server thread/INFO] [net.minecraft.server.MinecraftServer/]: [Chunky] Task running for minecraft:overworld. Processed: 47113 chunks (6.13%), ETA: 2:47:08, Rate: 72 cps, Surface biomes: minecraft:windswept_hills (68 chunks), minecraft:plains (2 chunks), minecraft:dark_forest (1 chunks), minecraft:desert (1 chunks), Current: 32, 98
[13Aug2026 06:42:37.488] [Server thread/INFO] [net.minecraft.server.MinecraftServer/]: [Chunky] Task running for minecraft:overworld. Processed: 47126 chunks (6.13%), ETA: 3:02:19, Rate: 66 cps, Surface biomes: minecraft:windswept_hills (34 chunks), minecraft:dark_forest (27 chunks), minecraft:desert (5 chunks), Current: 33, 101
[13Aug2026 06:42:38.538] [Server thread/INFO] [net.minecraft.server.MinecraftServer/]: [Chunky] Task running for minecraft:overworld. Processed: 47175 chunks (6.13%), ETA: 4:53:28, Rate: 41 cps, Surface biomes: minecraft:windswept_hills (21 chunks), minecraft:dark_forest (17 chunks), minecraft:desert (3 chunks), Current: 40, 99
[13Aug2026 06:42:39.588] [Server thread/INFO] [net.minecraft.server.MinecraftServer/]: [Chunky] Task running for minecraft:overworld. Processed: 47206 chunks (6.14%), ETA: 6:54:53, Rate: 29 cps, Surface biomes: minecraft:desert (17 chunks), minecraft:windswept_hills (7 chunks), minecraft:savanna (3 chunks), minecraft:dark_forest (2 chunks), Current: 43, 103
[13Aug2026 06:42:40.643] [Server thread/INFO] [net.minecraft.server.MinecraftServer/]: [Chunky] Task running for minecraft:overworld. Processed: 47259 chunks (6.14%), ETA: 3:17:13, Rate: 61 cps, Surface biomes: minecraft:dark_forest (29 chunks), minecraft:windswept_hills (23 chunks), minecraft:savanna (6 chunks), minecraft:desert (3 chunks), Current: 44, 107
[13Aug2026 06:42:42.221] [Server thread/INFO] [net.minecraft.server.MinecraftServer/]: [Chunky] Task running for minecraft:overworld. Processed: 47263 chunks (6.15%), ETA: 22:16:47, Rate: 9 cps, Surface biomes: minecraft:dark_forest (9 chunks), Current: 47, 106
[13Aug2026 06:42:42.598] [Server thread/WARN] [net.minecraft.server.MinecraftServer/]: Can't keep up! Is the server overloaded? Running 2259ms or 45 ticks behind
[13Aug2026 06:42:43.316] [Server thread/INFO] [net.minecraft.server.MinecraftServer/]: [Chunky] Task running for minecraft:overworld. Processed: 47362 chunks (6.16%), ETA: 2:10:45, Rate: 92 cps, Surface biomes: minecraft:dark_forest (53 chunks), minecraft:windswept_hills (32 chunks), minecraft:river (7 chunks), Current: 33, 112
[13Aug2026 06:42:44.580] [Server thread/INFO] [net.minecraft.server.MinecraftServer/]: [Chunky] Task running for minecraft:overworld. Processed: 47420 chunks (6.17%), ETA: 6:40:56, Rate: 30 cps, Surface biomes: minecraft:windswept_hills (12 chunks), minecraft:river (11 chunks), minecraft:desert (7 chunks), Current: 32, 117
[13Aug2026 06:42:46.104] [Server thread/INFO] [net.minecraft.server.MinecraftServer/]: [Chunky] Task running for minecraft:overworld. Processed: 47467 chunks (6.17%), ETA: 20:02:46, Rate: 10 cps, Surface biomes: minecraft:dark_forest (7 chunks), minecraft:windswept_hills (2 chunks), minecraft:plains (1 chunks), Current: 36, 120
[13Aug2026 06:42:47.436] [Server thread/INFO] [net.minecraft.server.MinecraftServer/]: [Chunky] Task running for minecraft:overworld. Processed: 47505 chunks (6.18%), ETA: 5:16:30, Rate: 38 cps, Surface biomes: minecraft:windswept_hills (29 chunks), minecraft:dark_forest (5 chunks), minecraft:plains (3 chunks), minecraft:stony_shore (1 chunks), Current: 40, 125
[13Aug2026 06:42:48.438] [Server thread/INFO] [net.minecraft.server.MinecraftServer/]: [Chunky] Task running for minecraft:overworld. Processed: 47563 chunks (6.18%), ETA: 4:00:31, Rate: 50 cps, Surface biomes: minecraft:windswept_hills (29 chunks), minecraft:desert (10 chunks), minecraft:river (5 chunks), minecraft:savanna (5 chunks), minecraft:stony_shore (1 chunks), Current: 40, 113
[13Aug2026 06:42:49.538] [Server thread/INFO] [net.minecraft.server.MinecraftServer/]: [Chunky] Task running for minecraft:overworld. Processed: 47602 chunks (6.19%), ETA: 4:33:18, Rate: 44 cps, Surface biomes: minecraft:windswept_hills (21 chunks), minecraft:desert (17 chunks), minecraft:river (6 chunks), Current: 47, 116
[13Aug2026 06:42:50.588] [Server thread/INFO] [net.minecraft.server.MinecraftServer/]: [Chunky] Task running for minecraft:overworld. Processed: 47617 chunks (6.19%), ETA: 11:08:04, Rate: 18 cps, Surface biomes: minecraft:desert (15 chunks), minecraft:windswept_hills (3 chunks), Current: 53, 113
[13Aug2026 06:42:51.638] [Server thread/INFO] [net.minecraft.server.MinecraftServer/]: [Chunky] Task running for minecraft:overworld. Processed: 47647 chunks (6.19%), ETA: 40:04:56, Rate: 5 cps, Surface biomes: minecraft:dark_forest (3 chunks), minecraft:windswept_hills (2 chunks), Current: 54, 115
[13Aug2026 06:42:52.688] [Server thread/INFO] [net.minecraft.server.MinecraftServer/]: [Chunky] Task running for minecraft:overworld. Processed: 47683 chunks (6.20%), ETA: 4:53:16, Rate: 41 cps, Surface biomes: minecraft:desert (22 chunks), minecraft:dark_forest (7 chunks), minecraft:windswept_hills (7 chunks), minecraft:river (5 chunks), Current: 49, 120
[13Aug2026 06:42:53.788] [Server thread/INFO] [net.minecraft.server.MinecraftServer/]: [Chunky] Task running for minecraft:overworld. Processed: 47712 chunks (6.20%), ETA: 5:24:57, Rate: 37 cps, Surface biomes: minecraft:desert (36 chunks), minecraft:river (1 chunks), Current: 51, 127
[13Aug2026 06:42:55.657] [Server thread/INFO] [net.minecraft.server.MinecraftServer/]: [Chunky] Task running for minecraft:overworld. Processed: 47751 chunks (6.21%), ETA: 5:43:30, Rate: 35 cps, Surface biomes: minecraft:desert (35 chunks), Current: 56, 122
[13Aug2026 06:42:56.837] [Server thread/INFO] [net.minecraft.server.MinecraftServer/]: [Chunky] Task running for minecraft:overworld. Processed: 47801 chunks (6.21%), ETA: 4:15:47, Rate: 47 cps, Surface biomes: minecraft:desert (36 chunks), minecraft:river (6 chunks), minecraft:windswept_hills (5 chunks), Current: 57, 119
[13Aug2026 06:42:57.875] [Server thread/INFO] [net.minecraft.server.MinecraftServer/]: [Chunky] Task running for minecraft:overworld. Processed: 47851 chunks (6.22%), ETA: 3:55:42, Rate: 51 cps, Surface biomes: minecraft:desert (30 chunks), minecraft:river (13 chunks), minecraft:windswept_hills (8 chunks), Current: 61, 112
[13Aug2026 06:42:58.891] [Server thread/INFO] [net.minecraft.server.MinecraftServer/]: [Chunky] Task running for minecraft:overworld. Processed: 47903 chunks (6.23%), ETA: 6:04:15, Rate: 33 cps, Surface biomes: minecraft:desert (18 chunks), minecraft:windswept_hills (15 chunks), Current: 61, 107
[13Aug2026 06:43:00.271] [Server thread/INFO] [net.minecraft.server.MinecraftServer/]: [Chunky] Task running for minecraft:overworld. Processed: 47905 chunks (6.23%), ETA: 8:42:37, Rate: 23 cps, Surface biomes: minecraft:windswept_hills (23 chunks), Current: 58, 106
[13Aug2026 06:43:00.927] [Server thread/WARN] [net.minecraft.server.MinecraftServer/]: Can't keep up! Is the server overloaded? Running 3338ms or 66 ticks behind
[13Aug2026 06:43:01.488] [Server thread/INFO] [net.minecraft.server.MinecraftServer/]: [Chunky] Task running for minecraft:overworld. Processed: 47977 chunks (6.24%), ETA: 2:49:17, Rate: 71 cps, Surface biomes: minecraft:windswept_hills (31 chunks), minecraft:dark_forest (27 chunks), minecraft:river (11 chunks), minecraft:desert (2 chunks), Current: 50, 106
[13Aug2026 06:43:02.538] [Server thread/INFO] [net.minecraft.server.MinecraftServer/]: [Chunky] Task running for minecraft:overworld. Processed: 47981 chunks (6.24%), ETA: 100:09:34, Rate: 2 cps, Surface biomes: minecraft:dark_forest (1 chunks), minecraft:windswept_hills (1 chunks), Current: 55, 105
[13Aug2026 06:43:03.588] [Server thread/INFO] [net.minecraft.server.MinecraftServer/]: [Chunky] Task running for minecraft:overworld. Processed: 48027 chunks (6.24%), ETA: 6:54:25, Rate: 29 cps, Surface biomes: minecraft:dark_forest (20 chunks), minecraft:windswept_hills (9 chunks), Current: 55, 100
[13Aug2026 06:43:04.597] [Server thread/INFO] [net.minecraft.server.MinecraftServer/]: [Chunky] Task running for minecraft:overworld. Processed: 48089 chunks (6.25%), ETA: 5:53:27, Rate: 34 cps, Surface biomes: minecraft:windswept_hills (25 chunks), minecraft:dark_forest (6 chunks), minecraft:plains (3 chunks), Current: 58, 100
[13Aug2026 06:43:05.638] [Server thread/INFO] [net.minecraft.server.MinecraftServer/]: [Chunky] Task running for minecraft:overworld. Processed: 48119 chunks (6.26%), ETA: 3:34:35, Rate: 56 cps, Surface biomes: minecraft:windswept_hills (38 chunks), minecraft:river (10 chunks), minecraft:plains (6 chunks), minecraft:desert (2 chunks), Current: 60, 98
[13Aug2026 06:43:06.640] [Server thread/INFO] [net.minecraft.server.MinecraftServer/]: [Chunky] Task running for minecraft:overworld. Processed: 48135 chunks (6.26%), ETA: 7:25:03, Rate: 27 cps, Surface biomes: minecraft:windswept_hills (20 chunks), minecraft:plains (5 chunks), minecraft:river (2 chunks), Current: 67, 96
[13Aug2026 06:43:07.688] [Server thread/INFO] [net.minecraft.server.MinecraftServer/]: [Chunky] Task running for minecraft:overworld. Processed: 48173 chunks (6.26%), ETA: 8:42:25, Rate: 23 cps, Surface biomes: minecraft:plains (10 chunks), minecraft:river (6 chunks), minecraft:windswept_hills (5 chunks), minecraft:dark_forest (2 chunks), Current: 70, 101
[13Aug2026 06:43:08.700] [Server thread/INFO] [net.minecraft.server.MinecraftServer/]: [Chunky] Task running for minecraft:overworld. Processed: 48218 chunks (6.27%), ETA: 5:16:11, Rate: 38 cps, Surface biomes: minecraft:plains (16 chunks), minecraft:river (9 chunks), minecraft:dark_forest (8 chunks), minecraft:windswept_hills (5 chunks), Current: 77, 98
[13Aug2026 06:43:09.738] [Server thread/INFO] [net.minecraft.server.MinecraftServer/]: [Chunky] Task running for minecraft:overworld. Processed: 48243 chunks (6.27%), ETA: 5:00:22, Rate: 40 cps, Surface biomes: minecraft:plains (19 chunks), minecraft:dark_forest (12 chunks), minecraft:river (9 chunks), Current: 74, 103
[13Aug2026 06:43:10.875] [Server thread/INFO] [net.minecraft.server.MinecraftServer/]: [Chunky] Task running for minecraft:overworld. Processed: 48281 chunks (6.28%), ETA: 5:33:43, Rate: 36 cps, Surface biomes: minecraft:plains (29 chunks), minecraft:river (6 chunks), minecraft:dark_forest (1 chunks), Current: 76, 107
[13Aug2026 06:43:11.894] [Server thread/INFO] [net.minecraft.server.MinecraftServer/]: [Chunky] Task running for minecraft:overworld. Processed: 48326 chunks (6.28%), ETA: 7:24:56, Rate: 27 cps, Surface biomes: minecraft:plains (22 chunks), minecraft:river (5 chunks), Current: 64, 105
[13Aug2026 06:43:13.533] [Server thread/INFO] [net.minecraft.server.MinecraftServer/]: [Chunky] Task running for minecraft:overworld. Processed: 48401 chunks (6.29%), ETA: 7:42:00, Rate: 26 cps, Surface biomes: minecraft:windswept_hills (23 chunks), minecraft:dark_forest (2 chunks), minecraft:desert (1 chunks), Current: 67, 116
[13Aug2026 06:43:15.538] [Server thread/INFO] [net.minecraft.server.MinecraftServer/]: [Chunky] Task running for minecraft:overworld. Processed: 48451 chunks (6.30%), ETA: 4:00:13, Rate: 50 cps, Surface biomes: minecraft:windswept_hills (32 chunks), minecraft:dark_forest (15 chunks), minecraft:plains (2 chunks), minecraft:desert (1 chunks), Current: 66, 120
[13Aug2026 06:43:16.588] [Server thread/INFO] [net.minecraft.server.MinecraftServer/]: [Chunky] Task running for minecraft:overworld. Processed: 48476 chunks (6.30%), ETA: 9:31:56, Rate: 21 cps, Surface biomes: minecraft:windswept_hills (18 chunks), minecraft:river (3 chunks), Current: 66, 125
[13Aug2026 06:43:17.638] [Server thread/INFO] [net.minecraft.server.MinecraftServer/]: [Chunky] Task running for minecraft:overworld. Processed: 48517 chunks (6.31%), ETA: 6:27:25, Rate: 31 cps, Surface biomes: minecraft:windswept_hills (24 chunks), minecraft:river (5 chunks), minecraft:desert (2 chunks), Current: 72, 122
[13Aug2026 06:43:18.688] [Server thread/INFO] [net.minecraft.server.MinecraftServer/]: [Chunky] Task running for minecraft:overworld. Processed: 48526 chunks (6.31%), ETA: 12:30:37, Rate: 16 cps, Surface biomes: minecraft:windswept_hills (8 chunks), minecraft:dark_forest (6 chunks), minecraft:plains (1 chunks), minecraft:river (1 chunks), Current: 74, 124
[13Aug2026 06:43:19.692] [Server thread/INFO] [net.minecraft.server.MinecraftServer/]: [Chunky] Task running for minecraft:overworld. Processed: 48560 chunks (6.31%), ETA: 9:31:52, Rate: 21 cps, Surface biomes: minecraft:windswept_hills (10 chunks), minecraft:dark_forest (4 chunks), minecraft:plains (4 chunks), minecraft:river (3 chunks), Current: 78, 122
[13Aug2026 06:43:20.693] [Server thread/INFO] [net.minecraft.server.MinecraftServer/]: [Chunky] Task running for minecraft:overworld. Processed: 48612 chunks (6.32%), ETA: 5:07:54, Rate: 39 cps, Surface biomes: minecraft:plains (10 chunks), minecraft:savanna (8 chunks), minecraft:dark_forest (7 chunks), minecraft:river (7 chunks), minecraft:windswept_hills (7 chunks), Current: 75, 114
[13Aug2026 06:43:21.738] [Server thread/INFO] [net.minecraft.server.MinecraftServer/]: [Chunky] Task running for minecraft:overworld. Processed: 48621 chunks (6.32%), ETA: 5:33:34, Rate: 36 cps, Surface biomes: minecraft:plains (27 chunks), minecraft:river (7 chunks), minecraft:dark_forest (2 chunks), Current: 74, 113
[13Aug2026 06:43:22.788] [Server thread/INFO] [net.minecraft.server.MinecraftServer/]: [Chunky] Task running for minecraft:overworld. Processed: 48638 chunks (6.32%), ETA: 20:00:49, Rate: 10 cps, Surface biomes: minecraft:plains (6 chunks), minecraft:river (4 chunks), Current: 79, 113
[13Aug2026 06:43:23.838] [Server thread/INFO] [net.minecraft.server.MinecraftServer/]: [Chunky] Task running for minecraft:overworld. Processed: 48664 chunks (6.33%), ETA: 11:07:05, Rate: 18 cps, Surface biomes: minecraft:plains (18 chunks), Current: 86, 112
[13Aug2026 06:43:24.888] [Server thread/INFO] [net.minecraft.server.MinecraftServer/]: [Chunky] Task running for minecraft:overworld. Processed: 48688 chunks (6.33%), ETA: 7:08:50, Rate: 28 cps, Surface biomes: minecraft:plains (27 chunks), minecraft:river (1 chunks), Current: 84, 117
[13Aug2026 06:43:26.373] [Server thread/INFO] [net.minecraft.server.MinecraftServer/]: [Chunky] Task running for minecraft:overworld. Processed: 48756 chunks (6.34%), ETA: 3:13:38, Rate: 62 cps, Surface biomes: minecraft:savanna (26 chunks), minecraft:plains (17 chunks), minecraft:river (14 chunks), minecraft:dark_forest (5 chunks), Current: 84, 121
[13Aug2026 06:43:28.955] [Server thread/INFO] [net.minecraft.server.MinecraftServer/]: [Chunky] Task running for minecraft:overworld. Processed: 48803 chunks (6.35%), ETA: 100:02:43, Rate: 2 cps, Surface biomes: minecraft:plains (2 chunks), Current: 92, 122
[13Aug2026 06:43:29.025] [Server thread/WARN] [net.minecraft.server.MinecraftServer/]: Can't keep up! Is the server overloaded? Running 3436ms or 68 ticks behind
[13Aug2026 06:43:30.271] [Server thread/INFO] [net.minecraft.server.MinecraftServer/]: [Chunky] Task running for minecraft:overworld. Processed: 48853 chunks (6.35%), ETA: 4:20:58, Rate: 46 cps, Surface biomes: minecraft:savanna (29 chunks), minecraft:plains (9 chunks), minecraft:river (8 chunks), Current: 89, 118
[13Aug2026 06:43:32.996] [Server thread/INFO] [net.minecraft.server.MinecraftServer/]: [Chunky] Task running for minecraft:overworld. Processed: 48901 chunks (6.36%), ETA: 4:10:04, Rate: 48 cps, Surface biomes: minecraft:plains (24 chunks), minecraft:savanna (16 chunks), minecraft:river (8 chunks), Current: 93, 111
[13Aug2026 06:43:34.038] [Server thread/INFO] [net.minecraft.server.MinecraftServer/]: [Chunky] Task running for minecraft:overworld. Processed: 48960 chunks (6.37%), ETA: 4:45:46, Rate: 42 cps, Surface biomes: minecraft:plains (33 chunks), minecraft:river (6 chunks), minecraft:savanna (3 chunks), Current: 88, 111
[13Aug2026 06:43:35.138] [Server thread/INFO] [net.minecraft.server.MinecraftServer/]: [Chunky] Task running for minecraft:overworld. Processed: 48985 chunks (6.37%), ETA: 8:00:05, Rate: 25 cps, Surface biomes: minecraft:plains (25 chunks), Current: 80, 109
[13Aug2026 06:43:36.188] [Server thread/INFO] [net.minecraft.server.MinecraftServer/]: [Chunky] Task running for minecraft:overworld. Processed: 49032 chunks (6.38%), ETA: 4:52:43, Rate: 41 cps, Surface biomes: minecraft:plains (32 chunks), minecraft:river (9 chunks), Current: 85, 101
[13Aug2026 06:43:37.195] [Server thread/INFO] [net.minecraft.server.MinecraftServer/]: [Chunky] Task running for minecraft:overworld. Processed: 49076 chunks (6.38%), ETA: 5:00:01, Rate: 40 cps, Surface biomes: minecraft:plains (34 chunks), minecraft:river (6 chunks), Current: 84, 96
[13Aug2026 06:43:38.288] [Server thread/INFO] [net.minecraft.server.MinecraftServer/]: [Chunky] Task running for minecraft:overworld. Processed: 49126 chunks (6.39%), ETA: 3:46:24, Rate: 53 cps, Surface biomes: minecraft:plains (34 chunks), minecraft:river (19 chunks), Current: 93, 102
[13Aug2026 06:43:39.338] [Server thread/INFO] [net.minecraft.server.MinecraftServer/]: [Chunky] Task running for minecraft:overworld. Processed: 49152 chunks (6.39%), ETA: 7:24:25, Rate: 27 cps, Surface biomes: minecraft:plains (20 chunks), minecraft:river (7 chunks), Current: 95, 97
[13Aug2026 06:43:40.404] [Server thread/INFO] [net.minecraft.server.MinecraftServer/]: [Chunky] Task running for minecraft:overworld. Processed: 49233 chunks (6.40%), ETA: 6:53:44, Rate: 29 cps, Surface biomes: minecraft:plains (28 chunks), minecraft:river (1 chunks), Current: 108, 96
[13Aug2026 06:43:42.583] [Server thread/INFO] [net.minecraft.server.MinecraftServer/]: [Chunky] Task running for minecraft:overworld. Processed: 49235 chunks (6.40%), ETA: 3:19:58, Rate: 60 cps, Surface biomes: minecraft:plains (40 chunks), minecraft:river (10 chunks), minecraft:savanna (10 chunks), Current: 106, 100
[13Aug2026 06:43:45.395] [Server thread/INFO] [net.minecraft.server.MinecraftServer/]: [Chunky] Task running for minecraft:overworld. Processed: 49285 chunks (6.41%), ETA: 99:58:42, Rate: 2 cps, Surface biomes: minecraft:river (2 chunks), Current: 107, 106
[13Aug2026 06:43:46.697] [Server thread/INFO] [net.minecraft.server.MinecraftServer/]: [Chunky] Task running for minecraft:overworld. Processed: 49337 chunks (6.41%), ETA: 3:50:42, Rate: 52 cps, Surface biomes: minecraft:savanna (44 chunks), minecraft:river (7 chunks), minecraft:plains (1 chunks), Current: 102, 104
[13Aug2026 06:43:47.125] [Server thread/WARN] [net.minecraft.server.MinecraftServer/]: Can't keep up! Is the server overloaded? Running 3137ms or 62 ticks behind
[13Aug2026 06:43:47.700] [Server thread/INFO] [net.minecraft.server.MinecraftServer/]: [Chunky] Task running for minecraft:overworld. Processed: 49417 chunks (6.43%), ETA: 2:29:56, Rate: 80 cps, Surface biomes: minecraft:savanna (51 chunks), minecraft:river (17 chunks), minecraft:plains (12 chunks), Current: 99, 113
[13Aug2026 06:43:49.438] [Server thread/INFO] [net.minecraft.server.MinecraftServer/]: [Chunky] Task running for minecraft:overworld. Processed: 49467 chunks (6.43%), ETA: 3:59:53, Rate: 50 cps, Surface biomes: minecraft:savanna (50 chunks), Current: 96, 116
[13Aug2026 06:43:50.439] [Server thread/INFO] [net.minecraft.server.MinecraftServer/]: [Chunky] Task running for minecraft:overworld. Processed: 49483 chunks (6.43%), ETA: 99:57:03, Rate: 2 cps, Surface biomes: minecraft:savanna (2 chunks), Current: 96, 122
[13Aug2026 06:43:51.538] [Server thread/INFO] [net.minecraft.server.MinecraftServer/]: [Chunky] Task running for minecraft:overworld. Processed: 49526 chunks (6.44%), ETA: 3:59:52, Rate: 50 cps, Surface biomes: minecraft:savanna (41 chunks), minecraft:river (9 chunks), Current: 100, 123
[13Aug2026 06:43:52.588] [Server thread/INFO] [net.minecraft.server.MinecraftServer/]: [Chunky] Task running for minecraft:overworld. Processed: 49552 chunks (6.44%), ETA: 8:19:42, Rate: 24 cps, Surface biomes: minecraft:savanna (19 chunks), minecraft:river (5 chunks), Current: 106, 123
[13Aug2026 06:43:53.638] [Server thread/INFO] [net.minecraft.server.MinecraftServer/]: [Chunky] Task running for minecraft:overworld. Processed: 49568 chunks (6.44%), ETA: 9:31:04, Rate: 21 cps, Surface biomes: minecraft:savanna (16 chunks), minecraft:river (5 chunks), Current: 107, 127
[13Aug2026 06:43:54.645] [Server thread/INFO] [net.minecraft.server.MinecraftServer/]: [Chunky] Task running for minecraft:overworld. Processed: 49586 chunks (6.45%), ETA: 22:12:29, Rate: 9 cps, Surface biomes: minecraft:savanna (7 chunks), minecraft:river (2 chunks), Current: 110, 127
[13Aug2026 06:43:55.649] [Server thread/INFO] [net.minecraft.server.MinecraftServer/]: [Chunky] Task running for minecraft:overworld. Processed: 49662 chunks (6.46%), ETA: 5:33:05, Rate: 36 cps, Surface biomes: minecraft:savanna (19 chunks), minecraft:plains (16 chunks), minecraft:river (1 chunks), Current: 111, 113
[13Aug2026 06:43:57.264] [Server thread/INFO] [net.minecraft.server.MinecraftServer/]: [Chunky] Task running for minecraft:overworld. Processed: 49680 chunks (6.46%), ETA: 2:48:53, Rate: 71 cps, Surface biomes: minecraft:plains (30 chunks), minecraft:savanna (26 chunks), minecraft:river (15 chunks), Current: 116, 115
[13Aug2026 06:43:59.059] [Server thread/INFO] [net.minecraft.server.MinecraftServer/]: [Chunky] Task running for minecraft:overworld. Processed: 49730 chunks (6.47%), ETA: 3:59:47, Rate: 50 cps, Surface biomes: minecraft:plains (27 chunks), minecraft:dark_forest (19 chunks), minecraft:river (4 chunks), Current: 112, 121
[13Aug2026 06:44:00.119] [Server thread/INFO] [net.minecraft.server.MinecraftServer/]: [Chunky] Task running for minecraft:overworld. Processed: 49796 chunks (6.47%), ETA: 3:01:38, Rate: 66 cps, Surface biomes: minecraft:dark_forest (36 chunks), minecraft:river (14 chunks), minecraft:plains (10 chunks), minecraft:savanna (6 chunks), Current: 120, 120
[13Aug2026 06:44:02.535] [Server thread/INFO] [net.minecraft.server.MinecraftServer/]: [Chunky] Task running for minecraft:overworld. Processed: 49849 chunks (6.48%), ETA: 9:04:54, Rate: 22 cps, Surface biomes: minecraft:dark_forest (22 chunks), Current: 125, 121
[13Aug2026 06:44:04.538] [Server thread/INFO] [net.minecraft.server.MinecraftServer/]: [Chunky] Task running for minecraft:overworld. Processed: 49889 chunks (6.49%), ETA: 49:56:50, Rate: 4 cps, Surface biomes: minecraft:dark_forest (4 chunks), Current: 125, 111
[13Aug2026 06:44:05.888] [Server thread/INFO] [net.minecraft.server.MinecraftServer/]: [Chunky] Task running for minecraft:overworld. Processed: 49933 chunks (6.49%), ETA: 9:59:19, Rate: 20 cps, Surface biomes: minecraft:dark_forest (8 chunks), minecraft:plains (6 chunks), minecraft:river (6 chunks), Current: 126, 108
[13Aug2026 06:44:07.088] [Server thread/INFO] [net.minecraft.server.MinecraftServer/]: [Chunky] Task running for minecraft:overworld. Processed: 49950 chunks (6.49%), ETA: 13:19:05, Rate: 15 cps, Surface biomes: minecraft:river (8 chunks), minecraft:dark_forest (5 chunks), minecraft:plains (2 chunks), Current: 124, 105
[13Aug2026 06:44:08.108] [Server thread/INFO] [net.minecraft.server.MinecraftServer/]: [Chunky] Task running for minecraft:overworld. Processed: 49987 chunks (6.50%), ETA: 5:42:26, Rate: 35 cps, Surface biomes: minecraft:plains (16 chunks), minecraft:dark_forest (14 chunks), minecraft:river (5 chunks), Current: 119, 110
[13Aug2026 06:44:09.338] [Server thread/INFO] [net.minecraft.server.MinecraftServer/]: [Chunky] Task running for minecraft:overworld. Processed: 50011 chunks (6.50%), ETA: 7:40:58, Rate: 26 cps, Surface biomes: minecraft:plains (21 chunks), minecraft:savanna (3 chunks), minecraft:river (2 chunks), Current: 116, 108
[13Aug2026 06:44:10.406] [Server thread/INFO] [net.minecraft.server.MinecraftServer/]: [Chunky] Task running for minecraft:overworld. Processed: 50107 chunks (6.51%), ETA: 6:26:34, Rate: 31 cps, Surface biomes: minecraft:savanna (18 chunks), minecraft:river (10 chunks), minecraft:plains (3 chunks), Current: 119, 99
[13Aug2026 06:44:11.422] [Server thread/INFO] [net.minecraft.server.MinecraftServer/]: [Chunky] Task running for minecraft:overworld. Processed: 50157 chunks (6.52%), ETA: 2:41:55, Rate: 74 cps, Surface biomes: minecraft:savanna (50 chunks), minecraft:river (18 chunks), minecraft:dark_forest (4 chunks), minecraft:plains (2 chunks), Current: 126, 101
[13Aug2026 06:44:12.455] [Server thread/INFO] [net.minecraft.server.MinecraftServer/]: [Chunky] Task running for minecraft:overworld. Processed: 50209 chunks (6.53%), ETA: 3:50:25, Rate: 52 cps, Surface biomes: minecraft:dark_forest (34 chunks), minecraft:savanna (11 chunks), minecraft:river (7 chunks), Current: 132, 100
[13Aug2026 06:44:14.360] [Server thread/INFO] [net.minecraft.server.MinecraftServer/]: [Chunky] Task running for minecraft:overworld. Processed: 50210 chunks (6.53%), ETA: 4:45:17, Rate: 42 cps, Surface biomes: minecraft:dark_forest (28 chunks), minecraft:river (11 chunks), minecraft:savanna (3 chunks), Current: 134, 99
[13Aug2026 06:44:14.413] [Server thread/WARN] [net.minecraft.server.MinecraftServer/]: Can't keep up! Is the server overloaded? Running 3724ms or 74 ticks behind
[13Aug2026 06:44:16.284] [Server thread/INFO] [net.minecraft.server.MinecraftServer/]: [Chunky] Task running for minecraft:overworld. Processed: 50260 chunks (6.53%), ETA: 3:59:37, Rate: 50 cps, Surface biomes: minecraft:dark_forest (27 chunks), minecraft:savanna (12 chunks), minecraft:river (11 chunks), Current: 141, 98
[13Aug2026 06:44:17.448] [Server thread/INFO] [net.minecraft.server.MinecraftServer/]: [Chunky] Task running for minecraft:overworld. Processed: 50310 chunks (6.54%), ETA: 3:59:36, Rate: 50 cps, Surface biomes: minecraft:dark_forest (30 chunks), minecraft:plains (10 chunks), minecraft:river (7 chunks), minecraft:savanna (3 chunks), Current: 138, 104
[13Aug2026 06:44:18.607] [Server thread/INFO] [net.minecraft.server.MinecraftServer/]: [Chunky] Task running for minecraft:overworld. Processed: 50360 chunks (6.55%), ETA: 6:26:26, Rate: 31 cps, Surface biomes: minecraft:dark_forest (31 chunks), Current: 138, 108
[13Aug2026 06:44:19.612] [Server thread/INFO] [net.minecraft.server.MinecraftServer/]: [Chunky] Task running for minecraft:overworld. Processed: 50362 chunks (6.55%), ETA: 9:30:27, Rate: 21 cps, Surface biomes: minecraft:dark_forest (21 chunks), Current: 137, 110
[13Aug2026 06:44:20.688] [Server thread/INFO] [net.minecraft.server.MinecraftServer/]: [Chunky] Task running for minecraft:overworld. Processed: 50399 chunks (6.55%), ETA: 9:30:25, Rate: 21 cps, Surface biomes: minecraft:dark_forest (15 chunks), minecraft:river (6 chunks), Current: 129, 104
[13Aug2026 06:44:21.788] [Server thread/INFO] [net.minecraft.server.MinecraftServer/]: [Chunky] Task running for minecraft:overworld. Processed: 50420 chunks (6.56%), ETA: 7:07:48, Rate: 28 cps, Surface biomes: minecraft:dark_forest (28 chunks), Current: 128, 109
[13Aug2026 06:44:22.838] [Server thread/INFO] [net.minecraft.server.MinecraftServer/]: [Chunky] Task running for minecraft:overworld. Processed: 50459 chunks (6.56%), ETA: 14:15:33, Rate: 14 cps, Surface biomes: minecraft:dark_forest (10 chunks), minecraft:river (4 chunks), Current: 135, 112
[13Aug2026 06:44:23.888] [Server thread/INFO] [net.minecraft.server.MinecraftServer/]: [Chunky] Task running for minecraft:overworld. Processed: 50471 chunks (6.56%), ETA: 5:23:43, Rate: 37 cps, Surface biomes: minecraft:dark_forest (34 chunks), minecraft:river (3 chunks), Current: 131, 116
[13Aug2026 06:44:24.938] [Server thread/INFO] [net.minecraft.server.MinecraftServer/]: [Chunky] Task running for minecraft:overworld. Processed: 50496 chunks (6.57%), ETA: 7:59:05, Rate: 25 cps, Surface biomes: minecraft:dark_forest (16 chunks), minecraft:river (9 chunks), Current: 128, 121
[13Aug2026 06:44:27.327] [Server thread/INFO] [net.minecraft.server.MinecraftServer/]: [Chunky] Task running for minecraft:overworld. Processed: 50561 chunks (6.57%), ETA: 3:10:05, Rate: 63 cps, Surface biomes: minecraft:dark_forest (49 chunks), minecraft:river (14 chunks), Current: 138, 122
[13Aug2026 06:44:29.488] [Server thread/INFO] [net.minecraft.server.MinecraftServer/]: [Chunky] Task running for minecraft:overworld. Processed: 50603 chunks (6.58%), ETA: 4:45:07, Rate: 42 cps, Surface biomes: minecraft:dark_forest (28 chunks), minecraft:plains (7 chunks), minecraft:river (7 chunks), Current: 142, 125
[13Aug2026 06:44:30.588] [Server thread/INFO] [net.minecraft.server.MinecraftServer/]: [Chunky] Task running for minecraft:overworld. Processed: 50665 chunks (6.59%), ETA: 3:33:49, Rate: 56 cps, Surface biomes: minecraft:dark_forest (46 chunks), minecraft:river (7 chunks), minecraft:plains (3 chunks), Current: 136, 112
[13Aug2026 06:44:31.638] [Server thread/INFO] [net.minecraft.server.MinecraftServer/]: [Chunky] Task running for minecraft:overworld. Processed: 50685 chunks (6.59%), ETA: 14:15:17, Rate: 14 cps, Surface biomes: minecraft:dark_forest (14 chunks), Current: 142, 113
[13Aug2026 06:44:32.688] [Server thread/INFO] [net.minecraft.server.MinecraftServer/]: [Chunky] Task running for minecraft:overworld. Processed: 50699 chunks (6.59%), ETA: 11:44:20, Rate: 17 cps, Surface biomes: minecraft:dark_forest (13 chunks), minecraft:plains (4 chunks), Current: 145, 115
[13Aug2026 06:44:33.738] [Server thread/INFO] [net.minecraft.server.MinecraftServer/]: [Chunky] Task running for minecraft:overworld. Processed: 50721 chunks (6.59%), ETA: 11:05:11, Rate: 18 cps, Surface biomes: minecraft:plains (17 chunks), minecraft:river (1 chunks), Current: 148, 117
[13Aug2026 06:44:34.788] [Server thread/INFO] [net.minecraft.server.MinecraftServer/]: [Chunky] Task running for minecraft:overworld. Processed: 50765 chunks (6.60%), ETA: 3:50:14, Rate: 52 cps, Surface biomes: minecraft:plains (24 chunks), minecraft:dark_forest (16 chunks), minecraft:river (12 chunks), Current: 144, 123
[13Aug2026 06:44:35.838] [Server thread/INFO] [net.minecraft.server.MinecraftServer/]: [Chunky] Task running for minecraft:overworld. Processed: 50784 chunks (6.60%), ETA: 22:10:16, Rate: 9 cps, Surface biomes: minecraft:dark_forest (6 chunks), minecraft:river (2 chunks), minecraft:mangrove_swamp (1 chunks), Current: 149, 120
[13Aug2026 06:44:36.888] [Server thread/INFO] [net.minecraft.server.MinecraftServer/]: [Chunky] Task running for minecraft:overworld. Processed: 50815 chunks (6.61%), ETA: 10:30:06, Rate: 19 cps, Surface biomes: minecraft:dark_forest (9 chunks), minecraft:river (8 chunks), minecraft:mangrove_swamp (1 chunks), minecraft:plains (1 chunks), Current: 151, 126
[13Aug2026 06:44:37.988] [Server thread/INFO] [net.minecraft.server.MinecraftServer/]: [Chunky] Task running for minecraft:overworld. Processed: 50849 chunks (6.61%), ETA: 6:39:02, Rate: 30 cps, Surface biomes: minecraft:dark_forest (16 chunks), minecraft:mangrove_swamp (7 chunks), minecraft:river (7 chunks), Current: 156, 124
[13Aug2026 06:44:39.088] [Server thread/INFO] [net.minecraft.server.MinecraftServer/]: [Chunky] Task running for minecraft:overworld. Processed: 50888 chunks (6.62%), ETA: 5:15:01, Rate: 38 cps, Surface biomes: minecraft:plains (26 chunks), minecraft:dark_forest (12 chunks), Current: 156, 118
[13Aug2026 06:44:40.138] [Server thread/INFO] [net.minecraft.server.MinecraftServer/]: [Chunky] Task running for minecraft:overworld. Processed: 50914 chunks (6.62%), ETA: 8:18:45, Rate: 24 cps, Surface biomes: minecraft:plains (18 chunks), minecraft:dark_forest (4 chunks), minecraft:river (2 chunks), Current: 153, 115
[13Aug2026 06:44:42.263] [Server thread/INFO] [net.minecraft.server.MinecraftServer/]: [Chunky] Task running for minecraft:overworld. Processed: 50969 chunks (6.63%), ETA: 22:09:55, Rate: 9 cps, Surface biomes: minecraft:dark_forest (9 chunks), Current: 157, 107
[13Aug2026 06:44:42.741] [Server thread/WARN] [net.minecraft.server.MinecraftServer/]: Can't keep up! Is the server overloaded? Running 2303ms or 46 ticks behind
[13Aug2026 06:44:43.941] [Server thread/INFO] [net.minecraft.server.MinecraftServer/]: [Chunky] Task running for minecraft:overworld. Processed: 51041 chunks (6.64%), ETA: 4:04:14, Rate: 49 cps, Surface biomes: minecraft:plains (33 chunks), minecraft:dark_forest (14 chunks), minecraft:river (2 chunks), Current: 149, 106
[13Aug2026 06:44:45.038] [Server thread/INFO] [net.minecraft.server.MinecraftServer/]: [Chunky] Task running for minecraft:overworld. Processed: 51089 chunks (6.64%), ETA: 10:29:51, Rate: 19 cps, Surface biomes: minecraft:plains (10 chunks), minecraft:river (9 chunks), Current: 147, 103
[13Aug2026 06:44:46.479] [Server thread/INFO] [net.minecraft.server.MinecraftServer/]: [Chunky] Task running for minecraft:overworld. Processed: 51134 chunks (6.65%), ETA: 4:25:55, Rate: 45 cps, Surface biomes: minecraft:plains (33 chunks), minecraft:river (12 chunks), Current: 150, 97
[13Aug2026 06:44:47.725] [Server thread/INFO] [net.minecraft.server.MinecraftServer/]: [Chunky] Task running for minecraft:overworld. Processed: 51184 chunks (6.65%), ETA: 6:13:55, Rate: 32 cps, Surface biomes: minecraft:plains (23 chunks), minecraft:river (9 chunks), Current: 156, 99
[13Aug2026 06:44:50.037] [Server thread/INFO] [net.minecraft.server.MinecraftServer/]: [Chunky] Task running for minecraft:overworld. Processed: 51217 chunks (6.66%), ETA: 12:27:49, Rate: 16 cps, Surface biomes: minecraft:plains (15 chunks), minecraft:savanna (1 chunks), Current: 129, 69
[13Aug2026 06:44:51.187] [Server thread/INFO] [net.minecraft.server.MinecraftServer/]: [Chunky] Task running for minecraft:overworld. Processed: 51267 chunks (6.67%), ETA: 3:59:17, Rate: 50 cps, Surface biomes: minecraft:plains (36 chunks), minecraft:river (10 chunks), minecraft:savanna (4 chunks), Current: 136, 65
[13Aug2026 06:44:52.301] [Server thread/INFO] [net.minecraft.server.MinecraftServer/]: [Chunky] Task running for minecraft:overworld. Processed: 51281 chunks (6.67%), ETA: 49:51:02, Rate: 4 cps, Surface biomes: minecraft:plains (4 chunks), Current: 138, 70
[13Aug2026 06:44:53.597] [Server thread/INFO] [net.minecraft.server.MinecraftServer/]: [Chunky] Task running for minecraft:overworld. Processed: 51321 chunks (6.67%), ETA: 3:59:16, Rate: 50 cps, Surface biomes: minecraft:plains (42 chunks), minecraft:river (8 chunks), Current: 143, 69
[13Aug2026 06:44:54.605] [Server thread/INFO] [net.minecraft.server.MinecraftServer/]: [Chunky] Task running for minecraft:overworld. Processed: 51341 chunks (6.68%), ETA: 24:55:23, Rate: 8 cps, Surface biomes: minecraft:plains (4 chunks), minecraft:river (4 chunks), Current: 142, 73
[13Aug2026 06:44:55.607] [Server thread/INFO] [net.minecraft.server.MinecraftServer/]: [Chunky] Task running for minecraft:overworld. Processed: 51410 chunks (6.68%), ETA: 5:06:43, Rate: 39 cps, Surface biomes: minecraft:plains (27 chunks), minecraft:dark_forest (9 chunks), minecraft:river (3 chunks), Current: 135, 78
[13Aug2026 06:44:57.075] [Server thread/INFO] [net.minecraft.server.MinecraftServer/]: [Chunky] Task running for minecraft:overworld. Processed: 51489 chunks (6.69%), ETA: 8:40:01, Rate: 23 cps, Surface biomes: minecraft:savanna (16 chunks), minecraft:dark_forest (7 chunks), Current: 132, 85
[13Aug2026 06:44:58.726] [Server thread/INFO] [net.minecraft.server.MinecraftServer/]: [Chunky] Task running for minecraft:overworld. Processed: 51585 chunks (6.71%), ETA: 2:04:34, Rate: 96 cps, Surface biomes: minecraft:savanna (79 chunks), minecraft:dark_forest (17 chunks), Current: 136, 92
[13Aug2026 06:45:00.588] [Server thread/INFO] [net.minecraft.server.MinecraftServer/]: [Chunky] Task running for minecraft:overworld. Processed: 51629 chunks (6.71%), ETA: 16:36:31, Rate: 12 cps, Surface biomes: minecraft:plains (10 chunks), minecraft:river (1 chunks), minecraft:savanna (1 chunks), Current: 140, 90
[13Aug2026 06:45:01.598] [Server thread/INFO] [net.minecraft.server.MinecraftServer/]: [Chunky] Task running for minecraft:overworld. Processed: 51698 chunks (6.72%), ETA: 3:26:09, Rate: 58 cps, Surface biomes: minecraft:dark_forest (44 chunks), minecraft:river (8 chunks), minecraft:plains (6 chunks), Current: 140, 83
[13Aug2026 06:45:02.738] [Server thread/INFO] [net.minecraft.server.MinecraftServer/]: [Chunky] Task running for minecraft:overworld. Processed: 51715 chunks (6.72%), ETA: 8:18:12, Rate: 24 cps, Surface biomes: minecraft:dark_forest (24 chunks), Current: 147, 81
[13Aug2026 06:45:03.740] [Server thread/INFO] [net.minecraft.server.MinecraftServer/]: [Chunky] Task running for minecraft:overworld. Processed: 51762 chunks (6.73%), ETA: 18:06:55, Rate: 11 cps, Surface biomes: minecraft:dark_forest (11 chunks), Current: 145, 87
[13Aug2026 06:45:04.788] [Server thread/INFO] [net.minecraft.server.MinecraftServer/]: [Chunky] Task running for minecraft:overworld. Processed: 51805 chunks (6.74%), ETA: 3:45:34, Rate: 53 cps, Surface biomes: minecraft:dark_forest (53 chunks), Current: 147, 92
[13Aug2026 06:45:05.792] [Server thread/INFO] [net.minecraft.server.MinecraftServer/]: [Chunky] Task running for minecraft:overworld. Processed: 51836 chunks (6.74%), ETA: 5:51:36, Rate: 34 cps, Surface biomes: minecraft:plains (17 chunks), minecraft:dark_forest (10 chunks), minecraft:river (7 chunks), Current: 149, 88
[13Aug2026 06:45:06.792] [Server thread/INFO] [net.minecraft.server.MinecraftServer/]: [Chunky] Task running for minecraft:overworld. Processed: 51862 chunks (6.74%), ETA: 5:51:36, Rate: 34 cps, Surface biomes: minecraft:plains (23 chunks), minecraft:dark_forest (10 chunks), minecraft:river (1 chunks), Current: 153, 95
[13Aug2026 06:45:07.838] [Server thread/INFO] [net.minecraft.server.MinecraftServer/]: [Chunky] Task running for minecraft:overworld. Processed: 51873 chunks (6.74%), ETA: 9:29:15, Rate: 21 cps, Surface biomes: minecraft:plains (14 chunks), minecraft:dark_forest (7 chunks), Current: 156, 93
[13Aug2026 06:45:08.988] [Server thread/INFO] [net.minecraft.server.MinecraftServer/]: [Chunky] Task running for minecraft:overworld. Processed: 51909 chunks (6.75%), ETA: 14:13:50, Rate: 14 cps, Surface biomes: minecraft:plains (10 chunks), minecraft:river (4 chunks), Current: 157, 87
[13Aug2026 06:45:10.038] [Server thread/INFO] [net.minecraft.server.MinecraftServer/]: [Chunky] Task running for minecraft:overworld. Processed: 51935 chunks (6.75%), ETA: 7:58:07, Rate: 25 cps, Surface biomes: minecraft:dark_forest (23 chunks), minecraft:plains (1 chunks), minecraft:river (1 chunks), Current: 154, 84
[13Aug2026 06:45:12.784] [Server thread/INFO] [net.minecraft.server.MinecraftServer/]: [Chunky] Task running for minecraft:overworld. Processed: 51993 chunks (6.76%), ETA: 3:26:04, Rate: 58 cps, Surface biomes: minecraft:plains (31 chunks), minecraft:dark_forest (19 chunks), minecraft:river (8 chunks), Current: 155, 78
[13Aug2026 06:45:12.942] [Server thread/WARN] [net.minecraft.server.MinecraftServer/]: Can't keep up! Is the server overloaded? Running 2454ms or 49 ticks behind
[13Aug2026 06:45:13.898] [Server thread/INFO] [net.minecraft.server.MinecraftServer/]: [Chunky] Task running for minecraft:overworld. Processed: 52047 chunks (6.77%), ETA: 4:14:17, Rate: 47 cps, Surface biomes: minecraft:plains (25 chunks), minecraft:river (14 chunks), minecraft:dark_forest (8 chunks), Current: 148, 77
[13Aug2026 06:45:15.145] [Server thread/INFO] [net.minecraft.server.MinecraftServer/]: [Chunky] Task running for minecraft:overworld. Processed: 52103 chunks (6.77%), ETA: 33:11:44, Rate: 6 cps, Surface biomes: minecraft:plains (3 chunks), minecraft:river (3 chunks), Current: 149, 71
[13Aug2026 06:45:16.947] [Server thread/INFO] [net.minecraft.server.MinecraftServer/]: [Chunky] Task running for minecraft:overworld. Processed: 52153 chunks (6.78%), ETA: 3:58:59, Rate: 50 cps, Surface biomes: minecraft:plains (43 chunks), minecraft:river (7 chunks), Current: 150, 66
[13Aug2026 06:45:18.068] [Server thread/INFO] [net.minecraft.server.MinecraftServer/]: [Chunky] Task running for minecraft:overworld. Processed: 52208 chunks (6.79%), ETA: 3:54:17, Rate: 51 cps, Surface biomes: minecraft:plains (38 chunks), minecraft:river (13 chunks), Current: 157, 67
[13Aug2026 06:45:19.169] [Server thread/INFO] [net.minecraft.server.MinecraftServer/]: [Chunky] Task running for minecraft:overworld. Processed: 52242 chunks (6.79%), ETA: 5:51:24, Rate: 34 cps, Surface biomes: minecraft:plains (27 chunks), minecraft:river (7 chunks), Current: 128, 37
[13Aug2026 06:45:20.307] [Server thread/INFO] [net.minecraft.server.MinecraftServer/]: [Chunky] Task running for minecraft:overworld. Processed: 52279 chunks (6.80%), ETA: 11:42:47, Rate: 17 cps, Surface biomes: minecraft:plains (17 chunks), Current: 132, 34
[13Aug2026 06:45:21.438] [Server thread/INFO] [net.minecraft.server.MinecraftServer/]: [Chunky] Task running for minecraft:overworld. Processed: 52292 chunks (6.80%), ETA: 6:02:02, Rate: 33 cps, Surface biomes: minecraft:plains (30 chunks), minecraft:river (3 chunks), Current: 136, 33
[13Aug2026 06:45:24.538] [Server thread/INFO] [net.minecraft.server.MinecraftServer/]: [Chunky] Task running for minecraft:overworld. Processed: 52293 chunks (6.80%), ETA: 199:07:16, Rate: 1 cps, Surface biomes: minecraft:plains (1 chunks), Current: 136, 34
[13Aug2026 06:45:25.629] [Server thread/INFO] [net.minecraft.server.MinecraftServer/]: [Chunky] Task running for minecraft:overworld. Processed: 52353 chunks (6.81%), ETA: 9:28:52, Rate: 21 cps, Surface biomes: minecraft:plains (21 chunks), Current: 136, 40
[13Aug2026 06:45:26.653] [Server thread/INFO] [net.minecraft.server.MinecraftServer/]: [Chunky] Task running for minecraft:overworld. Processed: 52363 chunks (6.81%), ETA: 4:37:48, Rate: 43 cps, Surface biomes: minecraft:plains (37 chunks), minecraft:river (6 chunks), Current: 139, 41
[13Aug2026 06:45:27.706] [Server thread/INFO] [net.minecraft.server.MinecraftServer/]: [Chunky] Task running for minecraft:overworld. Processed: 52409 chunks (6.81%), ETA: 5:14:21, Rate: 38 cps, Surface biomes: minecraft:plains (27 chunks), minecraft:river (11 chunks), Current: 136, 44
[13Aug2026 06:45:28.747] [Server thread/INFO] [net.minecraft.server.MinecraftServer/]: [Chunky] Task running for minecraft:overworld. Processed: 52453 chunks (6.82%), ETA: 12:26:32, Rate: 16 cps, Surface biomes: minecraft:plains (13 chunks), minecraft:river (3 chunks), Current: 131, 41
[13Aug2026 06:45:30.556] [Server thread/INFO] [net.minecraft.server.MinecraftServer/]: [Chunky] Task running for minecraft:overworld. Processed: 52505 chunks (6.83%), ETA: 4:31:26, Rate: 44 cps, Surface biomes: minecraft:plains (33 chunks), minecraft:river (11 chunks), Current: 128, 52
[13Aug2026 06:45:31.379] [Server thread/WARN] [net.minecraft.server.MinecraftServer/]: Can't keep up! Is the server overloaded? Running 3441ms or 68 ticks behind
[13Aug2026 06:45:33.188] [Server thread/INFO] [net.minecraft.server.MinecraftServer/]: [Chunky] Task running for minecraft:overworld. Processed: 52609 chunks (6.84%), ETA: 3:45:19, Rate: 53 cps, Surface biomes: minecraft:plains (53 chunks), Current: 137, 63
[13Aug2026 06:45:34.238] [Server thread/INFO] [net.minecraft.server.MinecraftServer/]: [Chunky] Task running for minecraft:overworld. Processed: 52636 chunks (6.84%), ETA: 8:17:33, Rate: 24 cps, Surface biomes: minecraft:plains (24 chunks), Current: 141, 62
[13Aug2026 06:45:35.438] [Server thread/INFO] [net.minecraft.server.MinecraftServer/]: [Chunky] Task running for minecraft:overworld. Processed: 52702 chunks (6.85%), ETA: 3:06:34, Rate: 64 cps, Surface biomes: minecraft:plains (56 chunks), minecraft:river (8 chunks), Current: 137, 53
[13Aug2026 06:45:36.488] [Server thread/INFO] [net.minecraft.server.MinecraftServer/]: [Chunky] Task running for minecraft:overworld. Processed: 52721 chunks (6.85%), ETA: 11:03:20, Rate: 18 cps, Surface biomes: minecraft:plains (12 chunks), minecraft:river (6 chunks), Current: 140, 48
[13Aug2026 06:45:37.538] [Server thread/INFO] [net.minecraft.server.MinecraftServer/]: [Chunky] Task running for minecraft:overworld. Processed: 52739 chunks (6.86%), ETA: 11:42:20, Rate: 17 cps, Surface biomes: minecraft:plains (16 chunks), minecraft:river (1 chunks), Current: 144, 51
[13Aug2026 06:45:38.588] [Server thread/INFO] [net.minecraft.server.MinecraftServer/]: [Chunky] Task running for minecraft:overworld. Processed: 52750 chunks (6.86%), ETA: 22:06:37, Rate: 9 cps, Surface biomes: minecraft:plains (5 chunks), minecraft:river (4 chunks), Current: 147, 50
[13Aug2026 06:45:39.788] [Server thread/INFO] [net.minecraft.server.MinecraftServer/]: [Chunky] Task running for minecraft:overworld. Processed: 52766 chunks (6.86%), ETA: 9:28:32, Rate: 21 cps, Surface biomes: minecraft:plains (15 chunks), minecraft:river (6 chunks), Current: 145, 52
[13Aug2026 06:45:40.797] [Server thread/INFO] [net.minecraft.server.MinecraftServer/]: [Chunky] Task running for minecraft:overworld. Processed: 52860 chunks (6.87%), ETA: 7:57:30, Rate: 25 cps, Surface biomes: minecraft:plains (18 chunks), minecraft:river (7 chunks), Current: 150, 56
[13Aug2026 06:45:42.593] [Server thread/INFO] [net.minecraft.server.MinecraftServer/]: [Chunky] Task running for minecraft:overworld. Processed: 52898 chunks (6.88%), ETA: 6:01:43, Rate: 33 cps, Surface biomes: minecraft:plains (29 chunks), minecraft:river (4 chunks), Current: 156, 63
[13Aug2026 06:45:43.598] [Server thread/INFO] [net.minecraft.server.MinecraftServer/]: [Chunky] Task running for minecraft:overworld. Processed: 52962 chunks (6.89%), ETA: 3:29:24, Rate: 57 cps, Surface biomes: minecraft:plains (46 chunks), minecraft:river (11 chunks), Current: 152, 51
[13Aug2026 06:45:44.603] [Server thread/INFO] [net.minecraft.server.MinecraftServer/]: [Chunky] Task running for minecraft:overworld. Processed: 52983 chunks (6.89%), ETA: 24:51:58, Rate: 8 cps, Surface biomes: minecraft:plains (5 chunks), minecraft:river (3 chunks), Current: 156, 49
[13Aug2026 06:45:47.588] [Server thread/INFO] [net.minecraft.server.MinecraftServer/]: [Chunky] Task running for minecraft:overworld. Processed: 53011 chunks (6.89%), ETA: 4:08:39, Rate: 48 cps, Surface biomes: minecraft:plains (41 chunks), minecraft:river (7 chunks), Current: 156, 43
[13Aug2026 06:45:48.638] [Server thread/INFO] [net.minecraft.server.MinecraftServer/]: [Chunky] Task running for minecraft:overworld. Processed: 53054 chunks (6.90%), ETA: 8:17:16, Rate: 24 cps, Surface biomes: minecraft:plains (15 chunks), minecraft:river (9 chunks), Current: 152, 41
[13Aug2026 06:45:49.688] [Server thread/INFO] [net.minecraft.server.MinecraftServer/]: [Chunky] Task running for minecraft:overworld. Processed: 53083 chunks (6.90%), ETA: 6:24:58, Rate: 31 cps, Surface biomes: minecraft:plains (21 chunks), minecraft:river (10 chunks), Current: 147, 45
[13Aug2026 06:45:50.738] [Server thread/INFO] [net.minecraft.server.MinecraftServer/]: [Chunky] Task running for minecraft:overworld. Processed: 53100 chunks (6.90%), ETA: 7:57:21, Rate: 25 cps, Surface biomes: minecraft:plains (24 chunks), minecraft:river (1 chunks), Current: 145, 41
[13Aug2026 06:45:52.788] [Server thread/INFO] [net.minecraft.server.MinecraftServer/]: [Chunky] Task running for minecraft:overworld. Processed: 53143 chunks (6.91%), ETA: 3:49:28, Rate: 52 cps, Surface biomes: minecraft:plains (30 chunks), minecraft:old_growth_pine_taiga (11 chunks), minecraft:river (11 chunks), Current: 144, 37
[13Aug2026 06:45:53.838] [Server thread/INFO] [net.minecraft.server.MinecraftServer/]: [Chunky] Task running for minecraft:overworld. Processed: 53190 chunks (6.92%), ETA: 28:24:37, Rate: 7 cps, Surface biomes: minecraft:plains (5 chunks), minecraft:old_growth_pine_taiga (1 chunks), minecraft:river (1 chunks), Current: 154, 33
[13Aug2026 06:45:54.938] [Server thread/INFO] [net.minecraft.server.MinecraftServer/]: [Chunky] Task running for minecraft:overworld. Processed: 53219 chunks (6.92%), ETA: 4:25:09, Rate: 45 cps, Surface biomes: minecraft:plains (29 chunks), minecraft:old_growth_pine_taiga (8 chunks), minecraft:river (8 chunks), Current: 157, 39
[13Aug2026 06:45:55.939] [Server thread/INFO] [net.minecraft.server.MinecraftServer/]: [Chunky] Task running for minecraft:overworld. Processed: 53254 chunks (6.92%), ETA: 7:38:53, Rate: 26 cps, Surface biomes: minecraft:old_growth_pine_taiga (13 chunks), minecraft:plains (10 chunks), minecraft:river (3 chunks), Current: 129, 2
[13Aug2026 06:45:58.389] [Server thread/INFO] [net.minecraft.server.MinecraftServer/]: [Chunky] Task running for minecraft:overworld. Processed: 53276 chunks (6.93%), ETA: 15:17:45, Rate: 13 cps, Surface biomes: minecraft:swamp (12 chunks), minecraft:river (1 chunks), Current: 131, 4
[13Aug2026 06:45:58.700] [Server thread/WARN] [net.minecraft.server.MinecraftServer/]: Can't keep up! Is the server overloaded? Running 3212ms or 64 ticks behind
[13Aug2026 06:46:00.584] [Server thread/INFO] [net.minecraft.server.MinecraftServer/]: [Chunky] Task running for minecraft:overworld. Processed: 53324 chunks (6.93%), ETA: 4:08:32, Rate: 48 cps, Surface biomes: minecraft:swamp (21 chunks), minecraft:old_growth_pine_taiga (15 chunks), minecraft:river (12 chunks), Current: 138, 1
[13Aug2026 06:46:01.884] [Server thread/INFO] [net.minecraft.server.MinecraftServer/]: [Chunky] Task running for minecraft:overworld. Processed: 53377 chunks (6.94%), ETA: 3:45:04, Rate: 53 cps, Surface biomes: minecraft:old_growth_pine_taiga (41 chunks), minecraft:river (12 chunks), Current: 136, 8
[13Aug2026 06:46:02.894] [Server thread/INFO] [net.minecraft.server.MinecraftServer/]: [Chunky] Task running for minecraft:overworld. Processed: 53417 chunks (6.95%), ETA: 99:24:16, Rate: 2 cps, Surface biomes: minecraft:old_growth_pine_taiga (1 chunks), minecraft:swamp (1 chunks), Current: 142, 14
[13Aug2026 06:46:04.595] [Server thread/INFO] [net.minecraft.server.MinecraftServer/]: [Chunky] Task running for minecraft:overworld. Processed: 53443 chunks (6.95%), ETA: 10:27:47, Rate: 19 cps, Surface biomes: minecraft:old_growth_pine_taiga (14 chunks), minecraft:river (5 chunks), Current: 133, 13
[13Aug2026 06:46:05.639] [Server thread/INFO] [net.minecraft.server.MinecraftServer/]: [Chunky] Task running for minecraft:overworld. Processed: 53501 chunks (6.96%), ETA: 8:16:57, Rate: 24 cps, Surface biomes: minecraft:old_growth_pine_taiga (9 chunks), minecraft:swamp (7 chunks), minecraft:river (5 chunks), minecraft:old_growth_spruce_taiga (3 chunks), Current: 129, 14
[13Aug2026 06:46:07.338] [Server thread/INFO] [net.minecraft.server.MinecraftServer/]: [Chunky] Task running for minecraft:overworld. Processed: 53505 chunks (6.96%), ETA: 5:13:52, Rate: 38 cps, Surface biomes: minecraft:old_growth_pine_taiga (16 chunks), minecraft:swamp (12 chunks), minecraft:river (7 chunks), minecraft:old_growth_spruce_taiga (3 chunks), Current: 128, 16
[13Aug2026 06:46:08.388] [Server thread/INFO] [net.minecraft.server.MinecraftServer/]: [Chunky] Task running for minecraft:overworld. Processed: 53552 chunks (6.96%), ETA: 6:37:32, Rate: 30 cps, Surface biomes: minecraft:plains (14 chunks), minecraft:river (10 chunks), minecraft:old_growth_pine_taiga (6 chunks), Current: 131, 23
[13Aug2026 06:46:09.438] [Server thread/INFO] [net.minecraft.server.MinecraftServer/]: [Chunky] Task running for minecraft:overworld. Processed: 53595 chunks (6.97%), ETA: 6:12:40, Rate: 32 cps, Surface biomes: minecraft:plains (25 chunks), minecraft:river (6 chunks), minecraft:old_growth_pine_taiga (1 chunks), Current: 130, 29
[13Aug2026 06:46:10.526] [Server thread/INFO] [net.minecraft.server.MinecraftServer/]: [Chunky] Task running for minecraft:overworld. Processed: 53604 chunks (6.97%), ETA: 6:12:40, Rate: 32 cps, Surface biomes: minecraft:plains (29 chunks), minecraft:river (3 chunks), Current: 132, 31
[13Aug2026 06:46:11.709] [Server thread/INFO] [net.minecraft.server.MinecraftServer/]: [Chunky] Task running for minecraft:overworld. Processed: 53679 chunks (6.98%), ETA: 2:41:08, Rate: 74 cps, Surface biomes: minecraft:plains (47 chunks), minecraft:river (27 chunks), Current: 142, 28
[13Aug2026 06:46:13.076] [Server thread/INFO] [net.minecraft.server.MinecraftServer/]: [Chunky] Task running for minecraft:overworld. Processed: 53755 chunks (6.99%), ETA: 3:44:57, Rate: 53 cps, Surface biomes: minecraft:old_growth_pine_taiga (41 chunks), minecraft:plains (7 chunks), minecraft:river (5 chunks), Current: 142, 19
[13Aug2026 06:46:14.923] [Server thread/INFO] [net.minecraft.server.MinecraftServer/]: [Chunky] Task running for minecraft:overworld. Processed: 53777 chunks (6.99%), ETA: 9:01:56, Rate: 22 cps, Surface biomes: minecraft:old_growth_pine_taiga (19 chunks), minecraft:plains (2 chunks), minecraft:deep_cold_ocean (1 chunks), Current: 148, 18
[13Aug2026 06:46:15.978] [Server thread/INFO] [net.minecraft.server.MinecraftServer/]: [Chunky] Task running for minecraft:overworld. Processed: 53857 chunks (7.00%), ETA: 66:13:44, Rate: 3 cps, Surface biomes: minecraft:old_growth_pine_taiga (2 chunks), minecraft:plains (1 chunks), Current: 148, 31
[13Aug2026 06:46:16.027] [Server thread/WARN] [net.minecraft.server.MinecraftServer/]: Can't keep up! Is the server overloaded? Running 2339ms or 46 ticks behind
[13Aug2026 06:46:17.588] [Server thread/INFO] [net.minecraft.server.MinecraftServer/]: [Chunky] Task running for minecraft:overworld. Processed: 53889 chunks (7.01%), ETA: 12:25:02, Rate: 16 cps, Surface biomes: minecraft:old_growth_pine_taiga (16 chunks), Current: 152, 26
[13Aug2026 06:46:18.738] [Server thread/INFO] [net.minecraft.server.MinecraftServer/]: [Chunky] Task running for minecraft:overworld. Processed: 53931 chunks (7.01%), ETA: 5:50:35, Rate: 34 cps, Surface biomes: minecraft:old_growth_pine_taiga (24 chunks), minecraft:plains (10 chunks), Current: 158, 31
[13Aug2026 06:46:19.788] [Server thread/INFO] [net.minecraft.server.MinecraftServer/]: [Chunky] Task running for minecraft:overworld. Processed: 53959 chunks (7.02%), ETA: 11:02:11, Rate: 18 cps, Surface biomes: minecraft:river (8 chunks), minecraft:old_growth_pine_taiga (5 chunks), minecraft:plains (5 chunks), Current: 156, 21
[13Aug2026 06:46:20.789] [Server thread/INFO] [net.minecraft.server.MinecraftServer/]: [Chunky] Task running for minecraft:overworld. Processed: 53994 chunks (7.02%), ETA: 6:37:17, Rate: 30 cps, Surface biomes: minecraft:old_growth_pine_taiga (24 chunks), minecraft:river (6 chunks), Current: 152, 17
[13Aug2026 06:46:22.143] [Server thread/INFO] [net.minecraft.server.MinecraftServer/]: [Chunky] Task running for minecraft:overworld. Processed: 54034 chunks (7.03%), ETA: 5:40:31, Rate: 35 cps, Surface biomes: minecraft:deep_cold_ocean (19 chunks), minecraft:old_growth_pine_taiga (14 chunks), minecraft:plains (2 chunks), Current: 158, 11
[13Aug2026 06:46:23.188] [Server thread/INFO] [net.minecraft.server.MinecraftServer/]: [Chunky] Task running for minecraft:overworld. Processed: 54077 chunks (7.03%), ETA: 5:13:37, Rate: 38 cps, Surface biomes: minecraft:deep_cold_ocean (37 chunks), minecraft:plains (1 chunks), Current: 152, 11
[13Aug2026 06:46:24.688] [Server thread/INFO] [net.minecraft.server.MinecraftServer/]: [Chunky] Task running for minecraft:overworld. Processed: 54105 chunks (7.03%), ETA: 6:12:24, Rate: 32 cps, Surface biomes: minecraft:deep_cold_ocean (18 chunks), minecraft:old_growth_pine_taiga (8 chunks), minecraft:river (4 chunks), minecraft:plains (2 chunks), Current: 145, 13
[13Aug2026 06:46:26.044] [Server thread/INFO] [net.minecraft.server.MinecraftServer/]: [Chunky] Task running for minecraft:overworld. Processed: 54165 chunks (7.04%), ETA: 3:40:40, Rate: 54 cps, Surface biomes: minecraft:old_growth_pine_taiga (42 chunks), minecraft:river (8 chunks), minecraft:deep_cold_ocean (3 chunks), minecraft:plains (1 chunks), Current: 144, 7
[13Aug2026 06:46:27.340] [Server thread/INFO] [net.minecraft.server.MinecraftServer/]: [Chunky] Task running for minecraft:overworld. Processed: 54215 chunks (7.05%), ETA: 3:58:18, Rate: 50 cps, Surface biomes: minecraft:old_growth_pine_taiga (43 chunks), minecraft:river (7 chunks), Current: 152, 4
[13Aug2026 06:46:28.641] [Server thread/INFO] [net.minecraft.server.MinecraftServer/]: [Chunky] Task running for minecraft:overworld. Processed: 54273 chunks (7.06%), ETA: 3:25:25, Rate: 58 cps, Surface biomes: minecraft:old_growth_pine_taiga (42 chunks), minecraft:river (14 chunks), minecraft:deep_cold_ocean (2 chunks), Current: 128, -29
[13Aug2026 06:46:30.413] [Server thread/INFO] [net.minecraft.server.MinecraftServer/]: [Chunky] Task running for minecraft:overworld. Processed: 54337 chunks (7.06%), ETA: 7:05:28, Rate: 28 cps, Surface biomes: minecraft:old_growth_spruce_taiga (19 chunks), minecraft:old_growth_pine_taiga (9 chunks), Current: 136, -31
[13Aug2026 06:46:31.728] [Server thread/INFO] [net.minecraft.server.MinecraftServer/]: [Chunky] Task running for minecraft:overworld. Processed: 54364 chunks (7.07%), ETA: 7:21:12, Rate: 27 cps, Surface biomes: minecraft:old_growth_spruce_taiga (27 chunks), Current: 141, -27
[13Aug2026 06:46:33.083] [Server thread/INFO] [net.minecraft.server.MinecraftServer/]: [Chunky] Task running for minecraft:overworld. Processed: 54417 chunks (7.08%), ETA: 11:40:41, Rate: 17 cps, Surface biomes: minecraft:old_growth_pine_taiga (9 chunks), minecraft:old_growth_spruce_taiga (7 chunks), minecraft:river (1 chunks), Current: 140, -23
[13Aug2026 06:46:34.061] [Server thread/WARN] [net.minecraft.server.MinecraftServer/]: Can't keep up! Is the server overloaded? Running 3073ms or 61 ticks behind
[13Aug2026 06:46:34.988] [Server thread/INFO] [net.minecraft.server.MinecraftServer/]: [Chunky] Task running for minecraft:overworld. Processed: 54455 chunks (7.08%), ETA: 5:13:27, Rate: 38 cps, Surface biomes: minecraft:old_growth_spruce_taiga (19 chunks), minecraft:old_growth_pine_taiga (18 chunks), minecraft:river (1 chunks), Current: 138, -18
[13Aug2026 06:46:36.038] [Server thread/INFO] [net.minecraft.server.MinecraftServer/]: [Chunky] Task running for minecraft:overworld. Processed: 54499 chunks (7.09%), ETA: 4:36:59, Rate: 43 cps, Surface biomes: minecraft:old_growth_pine_taiga (43 chunks), Current: 133, -17
[13Aug2026 06:46:37.088] [Server thread/INFO] [net.minecraft.server.MinecraftServer/]: [Chunky] Task running for minecraft:overworld. Processed: 54537 chunks (7.09%), ETA: 5:21:53, Rate: 37 cps, Surface biomes: minecraft:old_growth_pine_taiga (37 chunks), Current: 130, -14
[13Aug2026 06:46:38.089] [Server thread/INFO] [net.minecraft.server.MinecraftServer/]: [Chunky] Task running for minecraft:overworld. Processed: 54605 chunks (7.10%), ETA: 2:57:44, Rate: 67 cps, Surface biomes: minecraft:old_growth_pine_taiga (67 chunks), Current: 128, -5
[13Aug2026 06:46:39.188] [Server thread/INFO] [net.minecraft.server.MinecraftServer/]: [Chunky] Task running for minecraft:overworld. Processed: 54665 chunks (7.11%), ETA: 3:18:27, Rate: 60 cps, Surface biomes: minecraft:old_growth_pine_taiga (60 chunks), Current: 138, -5
[13Aug2026 06:46:40.190] [Server thread/INFO] [net.minecraft.server.MinecraftServer/]: [Chunky] Task running for minecraft:overworld. Processed: 54715 chunks (7.11%), ETA: 3:58:08, Rate: 50 cps, Surface biomes: minecraft:old_growth_pine_taiga (50 chunks), Current: 141, -8
[13Aug2026 06:46:42.604] [Server thread/INFO] [net.minecraft.server.MinecraftServer/]: [Chunky] Task running for minecraft:overworld. Processed: 54790 chunks (7.12%), ETA: 2:34:37, Rate: 77 cps, Surface biomes: minecraft:old_growth_pine_taiga (77 chunks), Current: 145, -14
[13Aug2026 06:46:43.612] [Server thread/INFO] [net.minecraft.server.MinecraftServer/]: [Chunky] Task running for minecraft:overworld. Processed: 54882 chunks (7.14%), ETA: 4:13:16, Rate: 47 cps, Surface biomes: minecraft:old_growth_pine_taiga (43 chunks), minecraft:river (4 chunks), Current: 148, -3
[13Aug2026 06:46:44.625] [Server thread/INFO] [net.minecraft.server.MinecraftServer/]: [Chunky] Task running for minecraft:overworld. Processed: 54940 chunks (7.14%), ETA: 2:47:39, Rate: 71 cps, Surface biomes: minecraft:old_growth_pine_taiga (71 chunks), Current: 154, -2
[13Aug2026 06:46:45.638] [Server thread/INFO] [net.minecraft.server.MinecraftServer/]: [Chunky] Task running for minecraft:overworld. Processed: 54955 chunks (7.15%), ETA: 4:24:30, Rate: 45 cps, Surface biomes: minecraft:old_growth_pine_taiga (45 chunks), Current: 159, -1
[13Aug2026 06:46:46.659] [Server thread/INFO] [net.minecraft.server.MinecraftServer/]: [Chunky] Task running for minecraft:overworld. Processed: 55011 chunks (7.15%), ETA: 4:02:53, Rate: 49 cps, Surface biomes: minecraft:old_growth_pine_taiga (49 chunks), Current: 155, -13
[13Aug2026 06:46:49.605] [Server thread/INFO] [net.minecraft.server.MinecraftServer/]: [Chunky] Task running for minecraft:overworld. Processed: 55044 chunks (7.16%), ETA: 24:47:40, Rate: 8 cps, Surface biomes: minecraft:old_growth_pine_taiga (6 chunks), minecraft:river (2 chunks), Current: 156, -17
[13Aug2026 06:46:50.638] [Server thread/INFO] [net.minecraft.server.MinecraftServer/]: [Chunky] Task running for minecraft:overworld. Processed: 55128 chunks (7.17%), ETA: 6:36:40, Rate: 30 cps, Surface biomes: minecraft:old_growth_pine_taiga (27 chunks), minecraft:river (3 chunks), Current: 145, -17
[13Aug2026 06:46:51.688] [Server thread/INFO] [net.minecraft.server.MinecraftServer/]: [Chunky] Task running for minecraft:overworld. Processed: 55142 chunks (7.17%), ETA: 3:25:10, Rate: 58 cps, Surface biomes: minecraft:old_growth_pine_taiga (46 chunks), minecraft:river (12 chunks), Current: 148, -21
[13Aug2026 06:46:52.738] [Server thread/INFO] [net.minecraft.server.MinecraftServer/]: [Chunky] Task running for minecraft:overworld. Processed: 55185 chunks (7.17%), ETA: 6:00:34, Rate: 33 cps, Surface biomes: minecraft:old_growth_pine_taiga (21 chunks), minecraft:river (7 chunks), minecraft:old_growth_spruce_taiga (5 chunks), Current: 146, -25
[13Aug2026 06:46:53.788] [Server thread/INFO] [net.minecraft.server.MinecraftServer/]: [Chunky] Task running for minecraft:overworld. Processed: 55230 chunks (7.18%), ETA: 6:00:33, Rate: 33 cps, Surface biomes: minecraft:old_growth_spruce_taiga (28 chunks), minecraft:old_growth_pine_taiga (4 chunks), minecraft:river (1 chunks), Current: 150, -31
[13Aug2026 06:46:54.944] [Server thread/INFO] [net.minecraft.server.MinecraftServer/]: [Chunky] Task running for minecraft:overworld. Processed: 55275 chunks (7.19%), ETA: 3:53:17, Rate: 51 cps, Surface biomes: minecraft:old_growth_spruce_taiga (51 chunks), Current: 159, -25
[13Aug2026 06:46:56.066] [Server thread/INFO] [net.minecraft.server.MinecraftServer/]: [Chunky] Task running for minecraft:overworld. Processed: 55318 chunks (7.19%), ETA: 4:43:15, Rate: 42 cps, Surface biomes: minecraft:old_growth_spruce_taiga (21 chunks), minecraft:swamp (15 chunks), minecraft:river (6 chunks), Current: 128, -60
[13Aug2026 06:46:58.296] [Server thread/INFO] [net.minecraft.server.MinecraftServer/]: [Chunky] Task running for minecraft:overworld. Processed: 55337 chunks (7.19%), ETA: 10:26:08, Rate: 19 cps, Surface biomes: minecraft:swamp (18 chunks), minecraft:river (1 chunks), Current: 132, -64
[13Aug2026 06:46:58.454] [Server thread/WARN] [net.minecraft.server.MinecraftServer/]: Can't keep up! Is the server overloaded? Running 2916ms or 58 ticks behind
[13Aug2026 06:46:59.763] [Server thread/INFO] [net.minecraft.server.MinecraftServer/]: [Chunky] Task running for minecraft:overworld. Processed: 55385 chunks (7.20%), ETA: 4:30:21, Rate: 44 cps, Surface biomes: minecraft:swamp (33 chunks), minecraft:river (11 chunks), Current: 140, -62
[13Aug2026 06:47:01.066] [Server thread/INFO] [net.minecraft.server.MinecraftServer/]: [Chunky] Task running for minecraft:overworld. Processed: 55431 chunks (7.21%), ETA: 11:00:49, Rate: 18 cps, Surface biomes: minecraft:swamp (18 chunks), Current: 138, -56
[13Aug2026 06:47:03.281] [Server thread/INFO] [net.minecraft.server.MinecraftServer/]: [Chunky] Task running for minecraft:overworld. Processed: 55481 chunks (7.21%), ETA: 3:57:52, Rate: 50 cps, Surface biomes: minecraft:swamp (41 chunks), minecraft:taiga (9 chunks), Current: 137, -51
[13Aug2026 06:47:04.443] [Server thread/INFO] [net.minecraft.server.MinecraftServer/]: [Chunky] Task running for minecraft:overworld. Processed: 55561 chunks (7.22%), ETA: 2:28:39, Rate: 80 cps, Surface biomes: minecraft:swamp (60 chunks), minecraft:old_growth_spruce_taiga (9 chunks), minecraft:deep_cold_ocean (4 chunks), minecraft:river (3 chunks), minecraft:desert (2 chunks), minecraft:taiga (2 chunks), Current: 130, -48
[13Aug2026 06:47:05.553] [Server thread/INFO] [net.minecraft.server.MinecraftServer/]: [Chunky] Task running for minecraft:overworld. Processed: 55585 chunks (7.23%), ETA: 8:15:31, Rate: 24 cps, Surface biomes: minecraft:old_growth_spruce_taiga (14 chunks), minecraft:desert (4 chunks), minecraft:deep_cold_ocean (3 chunks), minecraft:river (2 chunks), minecraft:taiga (1 chunks), Current: 132, -44
[13Aug2026 06:47:06.709] [Server thread/INFO] [net.minecraft.server.MinecraftServer/]: [Chunky] Task running for minecraft:overworld. Processed: 55649 chunks (7.24%), ETA: 6:11:36, Rate: 32 cps, Surface biomes: minecraft:old_growth_spruce_taiga (17 chunks), minecraft:river (8 chunks), minecraft:deep_cold_ocean (5 chunks), minecraft:desert (2 chunks), Current: 132, -35
[13Aug2026 06:47:08.238] [Server thread/INFO] [net.minecraft.server.MinecraftServer/]: [Chunky] Task running for minecraft:overworld. Processed: 55681 chunks (7.24%), ETA: 3:05:47, Rate: 64 cps, Surface biomes: minecraft:old_growth_spruce_taiga (61 chunks), minecraft:desert (2 chunks), minecraft:deep_cold_ocean (1 chunks), Current: 138, -34
[13Aug2026 06:47:09.239] [Server thread/INFO] [net.minecraft.server.MinecraftServer/]: [Chunky] Task running for minecraft:overworld. Processed: 55708 chunks (7.24%), ETA: 7:37:19, Rate: 26 cps, Surface biomes: minecraft:old_growth_spruce_taiga (26 chunks), Current: 137, -40
[13Aug2026 06:47:10.352] [Server thread/INFO] [net.minecraft.server.MinecraftServer/]: [Chunky] Task running for minecraft:overworld. Processed: 55743 chunks (7.25%), ETA: 5:49:41, Rate: 34 cps, Surface biomes: minecraft:old_growth_spruce_taiga (34 chunks), Current: 142, -42
[13Aug2026 06:47:11.539] [Server thread/INFO] [net.minecraft.server.MinecraftServer/]: [Chunky] Task running for minecraft:overworld. Processed: 55805 chunks (7.26%), ETA: 3:05:45, Rate: 64 cps, Surface biomes: minecraft:old_growth_spruce_taiga (35 chunks), minecraft:taiga (28 chunks), minecraft:swamp (1 chunks), Current: 143, -48
[13Aug2026 06:47:12.601] [Server thread/INFO] [net.minecraft.server.MinecraftServer/]: [Chunky] Task running for minecraft:overworld. Processed: 55870 chunks (7.26%), ETA: 49:31:54, Rate: 4 cps, Surface biomes: minecraft:taiga (4 chunks), Current: 145, -42
[13Aug2026 06:47:13.616] [Server thread/INFO] [net.minecraft.server.MinecraftServer/]: [Chunky] Task running for minecraft:overworld. Processed: 55930 chunks (7.27%), ETA: 2:47:25, Rate: 71 cps, Surface biomes: minecraft:taiga (50 chunks), minecraft:plains (10 chunks), minecraft:old_growth_spruce_taiga (7 chunks), minecraft:swamp (4 chunks), Current: 150, -37
[13Aug2026 06:47:15.331] [Server thread/INFO] [net.minecraft.server.MinecraftServer/]: [Chunky] Task running for minecraft:overworld. Processed: 55970 chunks (7.28%), ETA: 6:00:10, Rate: 33 cps, Surface biomes: minecraft:old_growth_spruce_taiga (22 chunks), minecraft:taiga (11 chunks), Current: 156, -35
[13Aug2026 06:47:15.688] [Server thread/WARN] [net.minecraft.server.MinecraftServer/]: Can't keep up! Is the server overloaded? Running 2250ms or 45 ticks behind
[13Aug2026 06:47:17.188] [Server thread/INFO] [net.minecraft.server.MinecraftServer/]: [Chunky] Task running for minecraft:overworld. Processed: 56033 chunks (7.29%), ETA: 39:36:59, Rate: 5 cps, Surface biomes: minecraft:swamp (3 chunks), minecraft:taiga (2 chunks), Current: 152, -47
[13Aug2026 06:47:18.492] [Server thread/INFO] [net.minecraft.server.MinecraftServer/]: [Chunky] Task running for minecraft:overworld. Processed: 56074 chunks (7.29%), ETA: 11:00:14, Rate: 18 cps, Surface biomes: minecraft:swamp (15 chunks), minecraft:taiga (3 chunks), Current: 156, -51
[13Aug2026 06:47:19.538] [Server thread/INFO] [net.minecraft.server.MinecraftServer/]: [Chunky] Task running for minecraft:overworld. Processed: 56103 chunks (7.29%), ETA: 5:12:43, Rate: 38 cps, Surface biomes: minecraft:swamp (29 chunks), minecraft:taiga (9 chunks), Current: 155, -54
[13Aug2026 06:47:20.539] [Server thread/INFO] [net.minecraft.server.MinecraftServer/]: [Chunky] Task running for minecraft:overworld. Processed: 56144 chunks (7.30%), ETA: 5:30:05, Rate: 36 cps, Surface biomes: minecraft:swamp (36 chunks), Current: 150, -52
[13Aug2026 06:47:21.540] [Server thread/INFO] [net.minecraft.server.MinecraftServer/]: [Chunky] Task running for minecraft:overworld. Processed: 56191 chunks (7.31%), ETA: 6:00:04, Rate: 33 cps, Surface biomes: minecraft:swamp (22 chunks), minecraft:taiga (10 chunks), minecraft:plains (1 chunks), Current: 150, -56
[13Aug2026 06:47:23.088] [Server thread/INFO] [net.minecraft.server.MinecraftServer/]: [Chunky] Task running for minecraft:overworld. Processed: 56256 chunks (7.31%), ETA: 4:02:28, Rate: 49 cps, Surface biomes: minecraft:swamp (49 chunks), Current: 151, -64
[13Aug2026 06:47:24.138] [Server thread/INFO] [net.minecraft.server.MinecraftServer/]: [Chunky] Task running for minecraft:overworld. Processed: 56294 chunks (7.32%), ETA: 6:00:01, Rate: 33 cps, Surface biomes: minecraft:swamp (33 chunks), Current: 158, -58
[13Aug2026 06:47:25.188] [Server thread/INFO] [net.minecraft.server.MinecraftServer/]: [Chunky] Task running for minecraft:overworld. Processed: 56330 chunks (7.32%), ETA: 5:04:36, Rate: 39 cps, Surface biomes: minecraft:swamp (34 chunks), minecraft:deep_frozen_ocean (3 chunks), minecraft:plains (2 chunks), Current: 128, -92
[13Aug2026 06:47:26.597] [Server thread/INFO] [net.minecraft.server.MinecraftServer/]: [Chunky] Task running for minecraft:overworld. Processed: 56392 chunks (7.33%), ETA: 3:35:58, Rate: 55 cps, Surface biomes: minecraft:deep_frozen_ocean (55 chunks), Current: 137, -94
[13Aug2026 06:47:27.817] [Server thread/INFO] [net.minecraft.server.MinecraftServer/]: [Chunky] Task running for minecraft:overworld. Processed: 56393 chunks (7.33%), ETA: 19:47:53, Rate: 10 cps, Surface biomes: minecraft:deep_frozen_ocean (10 chunks), Current: 138, -95
[13Aug2026 06:47:29.062] [Server thread/INFO] [net.minecraft.server.MinecraftServer/]: [Chunky] Task running for minecraft:overworld. Processed: 56457 chunks (7.34%), ETA: 24:44:44, Rate: 8 cps, Surface biomes: minecraft:deep_frozen_ocean (8 chunks), Current: 138, -86
[13Aug2026 06:47:30.625] [Server thread/INFO] [net.minecraft.server.MinecraftServer/]: [Chunky] Task running for minecraft:overworld. Processed: 56507 chunks (7.35%), ETA: 3:57:32, Rate: 50 cps, Surface biomes: minecraft:deep_frozen_ocean (50 chunks), Current: 136, -84
[13Aug2026 06:47:31.718] [Server thread/INFO] [net.minecraft.server.MinecraftServer/]: [Chunky] Task running for minecraft:overworld. Processed: 56583 chunks (7.36%), ETA: 3:28:20, Rate: 57 cps, Surface biomes: minecraft:deep_frozen_ocean (46 chunks), minecraft:swamp (6 chunks), minecraft:plains (3 chunks), minecraft:river (2 chunks), Current: 130, -80
[13Aug2026 06:47:32.913] [Server thread/INFO] [net.minecraft.server.MinecraftServer/]: [Chunky] Task running for minecraft:overworld. Processed: 56633 chunks (7.36%), ETA: 4:36:09, Rate: 43 cps, Surface biomes: minecraft:swamp (28 chunks), minecraft:river (10 chunks), minecraft:deep_frozen_ocean (4 chunks), minecraft:plains (1 chunks), Current: 129, -76
[13Aug2026 06:47:33.932] [Server thread/INFO] [net.minecraft.server.MinecraftServer/]: [Chunky] Task running for minecraft:overworld. Processed: 56693 chunks (7.37%), ETA: 6:23:01, Rate: 31 cps, Surface biomes: minecraft:swamp (28 chunks), minecraft:river (3 chunks), Current: 133, -69
[13Aug2026 06:47:34.793] [Server thread/WARN] [net.minecraft.server.MinecraftServer/]: Can't keep up! Is the server overloaded? Running 4105ms or 82 ticks behind
[13Aug2026 06:47:34.938] [Server thread/INFO] [net.minecraft.server.MinecraftServer/]: [Chunky] Task running for minecraft:overworld. Processed: 56735 chunks (7.38%), ETA: 3:28:18, Rate: 57 cps, Surface biomes: minecraft:swamp (57 chunks), Current: 138, -68
[13Aug2026 06:47:36.188] [Server thread/INFO] [net.minecraft.server.MinecraftServer/]: [Chunky] Task running for minecraft:overworld. Processed: 56737 chunks (7.38%), ETA: 197:53:12, Rate: 1 cps, Surface biomes: minecraft:swamp (1 chunks), Current: 141, -70
[13Aug2026 06:47:37.238] [Server thread/INFO] [net.minecraft.server.MinecraftServer/]: [Chunky] Task running for minecraft:overworld. Processed: 56797 chunks (7.38%), ETA: 3:39:51, Rate: 54 cps, Surface biomes: minecraft:deep_frozen_ocean (23 chunks), minecraft:swamp (21 chunks), minecraft:river (10 chunks), Current: 137, -75
[13Aug2026 06:47:38.243] [Server thread/INFO] [net.minecraft.server.MinecraftServer/]: [Chunky] Task running for minecraft:overworld. Processed: 56828 chunks (7.39%), ETA: 7:03:59, Rate: 28 cps, Surface biomes: minecraft:swamp (19 chunks), minecraft:deep_frozen_ocean (8 chunks), minecraft:plains (1 chunks), Current: 143, -77
[13Aug2026 06:47:39.288] [Server thread/INFO] [net.minecraft.server.MinecraftServer/]: [Chunky] Task running for minecraft:overworld. Processed: 56866 chunks (7.39%), ETA: 5:20:50, Rate: 37 cps, Surface biomes: minecraft:deep_frozen_ocean (37 chunks), Current: 149, -76
[13Aug2026 06:47:40.341] [Server thread/INFO] [net.minecraft.server.MinecraftServer/]: [Chunky] Task running for minecraft:overworld. Processed: 56923 chunks (7.40%), ETA: 4:07:17, Rate: 48 cps, Surface biomes: minecraft:deep_frozen_ocean (48 chunks), Current: 146, -66
[13Aug2026 06:47:41.371] [Server thread/INFO] [net.minecraft.server.MinecraftServer/]: [Chunky] Task running for minecraft:overworld. Processed: 56993 chunks (7.41%), ETA: 2:30:14, Rate: 79 cps, Surface biomes: minecraft:deep_frozen_ocean (46 chunks), minecraft:swamp (32 chunks), minecraft:plains (1 chunks), Current: 156, -65
[13Aug2026 06:47:42.495] [Server thread/INFO] [net.minecraft.server.MinecraftServer/]: [Chunky] Task running for minecraft:overworld. Processed: 57072 chunks (7.42%), ETA: 4:49:27, Rate: 41 cps, Surface biomes: minecraft:deep_frozen_ocean (24 chunks), minecraft:swamp (17 chunks), Current: 155, -80
[13Aug2026 06:47:43.562] [Server thread/INFO] [net.minecraft.server.MinecraftServer/]: [Chunky] Task running for minecraft:overworld. Processed: 57081 chunks (7.42%), ETA: 3:28:12, Rate: 57 cps, Surface biomes: minecraft:deep_frozen_ocean (57 chunks), Current: 158, -79
[13Aug2026 06:47:44.631] [Server thread/INFO] [net.minecraft.server.MinecraftServer/]: [Chunky] Task running for minecraft:overworld. Processed: 57130 chunks (7.43%), ETA: 24:43:19, Rate: 8 cps, Surface biomes: minecraft:deep_frozen_ocean (8 chunks), Current: 155, -84
[13Aug2026 06:47:46.432] [Server thread/INFO] [net.minecraft.server.MinecraftServer/]: [Chunky] Task running for minecraft:overworld. Processed: 57212 chunks (7.44%), ETA: 6:35:30, Rate: 30 cps, Surface biomes: minecraft:deep_frozen_ocean (30 chunks), Current: 145, -88
[13Aug2026 06:47:47.450] [Server thread/INFO] [net.minecraft.server.MinecraftServer/]: [Chunky] Task running for minecraft:overworld. Processed: 57234 chunks (7.44%), ETA: 9:24:59, Rate: 21 cps, Surface biomes: minecraft:deep_frozen_ocean (21 chunks), Current: 144, -91
[13Aug2026 06:47:48.488] [Server thread/INFO] [net.minecraft.server.MinecraftServer/]: [Chunky] Task running for minecraft:overworld. Processed: 57270 chunks (7.45%), ETA: 11:37:54, Rate: 17 cps, Surface biomes: minecraft:deep_frozen_ocean (17 chunks), Current: 144, -96
[13Aug2026 06:47:49.538] [Server thread/INFO] [net.minecraft.server.MinecraftServer/]: [Chunky] Task running for minecraft:overworld. Processed: 57309 chunks (7.45%), ETA: 4:56:35, Rate: 40 cps, Surface biomes: minecraft:deep_frozen_ocean (40 chunks), Current: 155, -92
[13Aug2026 06:47:50.688] [Server thread/INFO] [net.minecraft.server.MinecraftServer/]: [Chunky] Task running for minecraft:overworld. Processed: 57345 chunks (7.46%), ETA: 5:20:37, Rate: 37 cps, Surface biomes: minecraft:deep_frozen_ocean (37 chunks), Current: 128, -128
[13Aug2026 06:47:51.738] [Server thread/INFO] [net.minecraft.server.MinecraftServer/]: [Chunky] Task running for minecraft:overworld. Processed: 57350 chunks (7.46%), ETA: 10:24:22, Rate: 19 cps, Surface biomes: minecraft:deep_frozen_ocean (18 chunks), minecraft:frozen_river (1 chunks), Current: 130, -127
[13Aug2026 06:47:54.870] [Server thread/INFO] [net.minecraft.server.MinecraftServer/]: [Chunky] Task running for minecraft:overworld. Processed: 57409 chunks (7.46%), ETA: 3:31:49, Rate: 56 cps, Surface biomes: minecraft:swamp (33 chunks), minecraft:snowy_plains (12 chunks), minecraft:snowy_taiga (11 chunks), Current: 136, -127
[13Aug2026 06:47:55.948] [Server thread/INFO] [net.minecraft.server.MinecraftServer/]: [Chunky] Task running for minecraft:overworld. Processed: 57473 chunks (7.47%), ETA: 21:57:52, Rate: 9 cps, Surface biomes: minecraft:snowy_plains (8 chunks), minecraft:swamp (1 chunks), Current: 136, -120
[13Aug2026 06:47:57.897] [Server thread/INFO] [net.minecraft.server.MinecraftServer/]: [Chunky] Task running for minecraft:overworld. Processed: 57514 chunks (7.48%), ETA: 5:38:51, Rate: 35 cps, Surface biomes: minecraft:swamp (24 chunks), minecraft:deep_frozen_ocean (5 chunks), minecraft:snowy_plains (4 chunks), minecraft:plains (1 chunks), minecraft:river (1 chunks), Current: 138, -116
[13Aug2026 06:47:57.975] [Server thread/WARN] [net.minecraft.server.MinecraftServer/]: Can't keep up! Is the server overloaded? Running 2236ms or 44 ticks behind
[13Aug2026 06:47:59.007] [Server thread/INFO] [net.minecraft.server.MinecraftServer/]: [Chunky] Task running for minecraft:overworld. Processed: 57599 chunks (7.49%), ETA: 2:40:15, Rate: 74 cps, Surface biomes: minecraft:swamp (69 chunks), minecraft:deep_frozen_ocean (5 chunks), Current: 128, -114
[13Aug2026 06:48:00.353] [Server thread/INFO] [net.minecraft.server.MinecraftServer/]: [Chunky] Task running for minecraft:overworld. Processed: 57625 chunks (7.49%), ETA: 7:36:05, Rate: 26 cps, Surface biomes: minecraft:swamp (26 chunks), Current: 134, -109
[13Aug2026 06:48:01.365] [Server thread/INFO] [net.minecraft.server.MinecraftServer/]: [Chunky] Task running for minecraft:overworld. Processed: 57669 chunks (7.50%), ETA: 5:04:02, Rate: 39 cps, Surface biomes: minecraft:swamp (30 chunks), minecraft:deep_frozen_ocean (7 chunks), minecraft:plains (2 chunks), Current: 131, -103
[13Aug2026 06:48:02.465] [Server thread/INFO] [net.minecraft.server.MinecraftServer/]: [Chunky] Task running for minecraft:overworld. Processed: 57733 chunks (7.51%), ETA: 3:43:42, Rate: 53 cps, Surface biomes: minecraft:deep_frozen_ocean (26 chunks), minecraft:swamp (25 chunks), minecraft:plains (2 chunks), Current: 136, -102
[13Aug2026 06:48:03.523] [Server thread/INFO] [net.minecraft.server.MinecraftServer/]: [Chunky] Task running for minecraft:overworld. Processed: 57795 chunks (7.51%), ETA: 3:47:59, Rate: 52 cps, Surface biomes: minecraft:deep_frozen_ocean (51 chunks), minecraft:swamp (1 chunks), Current: 142, -106
[13Aug2026 06:48:04.538] [Server thread/INFO] [net.minecraft.server.MinecraftServer/]: [Chunky] Task running for minecraft:overworld. Processed: 57820 chunks (7.52%), ETA: 6:10:28, Rate: 32 cps, Surface biomes: minecraft:deep_frozen_ocean (32 chunks), Current: 137, -109
[13Aug2026 06:48:05.560] [Server thread/INFO] [net.minecraft.server.MinecraftServer/]: [Chunky] Task running for minecraft:overworld. Processed: 57859 chunks (7.52%), ETA: 5:29:17, Rate: 36 cps, Surface biomes: minecraft:deep_frozen_ocean (25 chunks), minecraft:river (10 chunks), minecraft:swamp (1 chunks), Current: 144, -110
[13Aug2026 06:48:06.587] [Server thread/INFO] [net.minecraft.server.MinecraftServer/]: [Chunky] Task running for minecraft:overworld. Processed: 57929 chunks (7.53%), ETA: 6:10:25, Rate: 32 cps, Surface biomes: minecraft:deep_frozen_ocean (26 chunks), minecraft:river (4 chunks), minecraft:swamp (2 chunks), Current: 144, -102
[13Aug2026 06:48:07.588] [Server thread/INFO] [net.minecraft.server.MinecraftServer/]: [Chunky] Task running for minecraft:overworld. Processed: 57956 chunks (7.54%), ETA: 2:46:56, Rate: 71 cps, Surface biomes: minecraft:deep_frozen_ocean (71 chunks), Current: 149, -104
[13Aug2026 06:48:08.638] [Server thread/INFO] [net.minecraft.server.MinecraftServer/]: [Chunky] Task running for minecraft:overworld. Processed: 58010 chunks (7.54%), ETA: 4:42:11, Rate: 42 cps, Surface biomes: minecraft:deep_frozen_ocean (42 chunks), Current: 154, -98
[13Aug2026 06:48:09.688] [Server thread/INFO] [net.minecraft.server.MinecraftServer/]: [Chunky] Task running for minecraft:overworld. Processed: 58061 chunks (7.55%), ETA: 3:39:27, Rate: 54 cps, Surface biomes: minecraft:deep_frozen_ocean (54 chunks), Current: 156, -107
[13Aug2026 06:48:11.766] [Server thread/INFO] [net.minecraft.server.MinecraftServer/]: [Chunky] Task running for minecraft:overworld. Processed: 58128 chunks (7.56%), ETA: 3:20:50, Rate: 59 cps, Surface biomes: minecraft:deep_frozen_ocean (59 chunks), Current: 154, -115
[13Aug2026 06:48:12.773] [Server thread/INFO] [net.minecraft.server.MinecraftServer/]: [Chunky] Task running for minecraft:overworld. Processed: 58227 chunks (7.57%), ETA: 4:01:48, Rate: 49 cps, Surface biomes: minecraft:deep_frozen_ocean (49 chunks), Current: 146, -122
[13Aug2026 06:48:13.851] [Server thread/INFO] [net.minecraft.server.MinecraftServer/]: [Chunky] Task running for minecraft:overworld. Processed: 58279 chunks (7.58%), ETA: 3:43:32, Rate: 53 cps, Surface biomes: minecraft:deep_frozen_ocean (32 chunks), minecraft:swamp (11 chunks), minecraft:river (6 chunks), minecraft:snowy_plains (4 chunks), Current: 144, -126
[13Aug2026 06:48:14.888] [Server thread/INFO] [net.minecraft.server.MinecraftServer/]: [Chunky] Task running for minecraft:overworld. Processed: 58333 chunks (7.58%), ETA: 3:52:17, Rate: 51 cps, Surface biomes: minecraft:swamp (28 chunks), minecraft:deep_frozen_ocean (13 chunks), minecraft:river (8 chunks), minecraft:snowy_plains (2 chunks), Current: 155, -121
[13Aug2026 06:48:16.788] [Server thread/INFO] [net.minecraft.server.MinecraftServer/]: [Chunky] Task running for minecraft:overworld. Processed: 58337 chunks (7.58%), ETA: 197:26:32, Rate: 1 cps, Surface biomes: minecraft:deep_frozen_ocean (1 chunks), Current: 156, -124
[13Aug2026 06:48:17.852] [Server thread/INFO] [net.minecraft.server.MinecraftServer/]: [Chunky] Task running for minecraft:overworld. Processed: 58359 chunks (7.59%), ETA: 32:54:21, Rate: 6 cps, Surface biomes: minecraft:deep_frozen_ocean (6 chunks), Current: 158, -124
[13Aug2026 06:48:19.038] [Server thread/INFO] [net.minecraft.server.MinecraftServer/]: [Chunky] Task running for minecraft:overworld. Processed: 58392 chunks (7.59%), ETA: 6:48:28, Rate: 29 cps, Surface biomes: minecraft:snowy_taiga (12 chunks), minecraft:swamp (11 chunks), minecraft:deep_frozen_ocean (6 chunks), Current: 96, -121
[13Aug2026 06:48:20.088] [Server thread/INFO] [net.minecraft.server.MinecraftServer/]: [Chunky] Task running for minecraft:overworld. Processed: 58418 chunks (7.60%), ETA: 7:53:48, Rate: 25 cps, Surface biomes: minecraft:swamp (17 chunks), minecraft:windswept_hills (4 chunks), minecraft:snowy_taiga (3 chunks), minecraft:river (1 chunks), Current: 102, -126
[13Aug2026 06:48:21.138] [Server thread/INFO] [net.minecraft.server.MinecraftServer/]: [Chunky] Task running for minecraft:overworld. Processed: 58451 chunks (7.60%), ETA: 6:34:49, Rate: 30 cps, Surface biomes: minecraft:windswept_hills (16 chunks), minecraft:swamp (14 chunks), Current: 107, -125
[13Aug2026 06:48:22.188] [Server thread/INFO] [net.minecraft.server.MinecraftServer/]: [Chunky] Task running for minecraft:overworld. Processed: 58472 chunks (7.60%), ETA: 8:58:22, Rate: 22 cps, Surface biomes: minecraft:windswept_hills (12 chunks), minecraft:swamp (10 chunks), Current: 105, -121
[13Aug2026 06:48:23.238] [Server thread/INFO] [net.minecraft.server.MinecraftServer/]: [Chunky] Task running for minecraft:overworld. Processed: 58495 chunks (7.61%), ETA: 17:56:43, Rate: 11 cps, Surface biomes: minecraft:swamp (9 chunks), minecraft:windswept_hills (2 chunks), Current: 110, -121
[13Aug2026 06:48:24.288] [Server thread/INFO] [net.minecraft.server.MinecraftServer/]: [Chunky] Task running for minecraft:overworld. Processed: 58520 chunks (7.61%), ETA: 5:20:05, Rate: 37 cps, Surface biomes: minecraft:swamp (37 chunks), Current: 108, -117
[13Aug2026 06:48:25.589] [Server thread/INFO] [net.minecraft.server.MinecraftServer/]: [Chunky] Task running for minecraft:overworld. Processed: 58529 chunks (7.61%), ETA: 21:55:55, Rate: 9 cps, Surface biomes: minecraft:swamp (9 chunks), Current: 107, -116
[13Aug2026 06:48:27.734] [Server thread/INFO] [net.minecraft.server.MinecraftServer/]: [Chunky] Task running for minecraft:overworld. Processed: 58629 chunks (7.62%), ETA: 5:03:37, Rate: 39 cps, Surface biomes: minecraft:swamp (39 chunks), Current: 99, -112
[13Aug2026 06:48:27.939] [Server thread/WARN] [net.minecraft.server.MinecraftServer/]: Can't keep up! Is the server overloaded? Running 2301ms or 46 ticks behind
[13Aug2026 06:48:29.183] [Server thread/INFO] [net.minecraft.server.MinecraftServer/]: [Chunky] Task running for minecraft:overworld. Processed: 58681 chunks (7.63%), ETA: 98:40:24, Rate: 2 cps, Surface biomes: minecraft:swamp (2 chunks), Current: 96, -108
[13Aug2026 06:48:30.201] [Server thread/INFO] [net.minecraft.server.MinecraftServer/]: [Chunky] Task running for minecraft:overworld. Processed: 58742 chunks (7.64%), ETA: 3:31:25, Rate: 56 cps, Surface biomes: minecraft:swamp (54 chunks), minecraft:deep_frozen_ocean (1 chunks), minecraft:river (1 chunks), Current: 104, -97
[13Aug2026 06:48:31.688] [Server thread/INFO] [net.minecraft.server.MinecraftServer/]: [Chunky] Task running for minecraft:overworld. Processed: 58781 chunks (7.64%), ETA: 4:29:04, Rate: 44 cps, Surface biomes: minecraft:swamp (32 chunks), minecraft:deep_frozen_ocean (7 chunks), minecraft:river (4 chunks), minecraft:plains (1 chunks), Current: 109, -100
[13Aug2026 06:48:32.689] [Server thread/INFO] [net.minecraft.server.MinecraftServer/]: [Chunky] Task running for minecraft:overworld. Processed: 58834 chunks (7.65%), ETA: 10:23:03, Rate: 19 cps, Surface biomes: minecraft:swamp (19 chunks), Current: 107, -106
[13Aug2026 06:48:34.188] [Server thread/INFO] [net.minecraft.server.MinecraftServer/]: [Chunky] Task running for minecraft:overworld. Processed: 58891 chunks (7.66%), ETA: 4:23:03, Rate: 45 cps, Surface biomes: minecraft:swamp (43 chunks), minecraft:deep_frozen_ocean (1 chunks), minecraft:plains (1 chunks), Current: 114, -111
[13Aug2026 06:48:35.190] [Server thread/INFO] [net.minecraft.server.MinecraftServer/]: [Chunky] Task running for minecraft:overworld. Processed: 58913 chunks (7.66%), ETA: 12:19:48, Rate: 16 cps, Surface biomes: minecraft:swamp (16 chunks), Current: 119, -111
[13Aug2026 06:48:36.288] [Server thread/INFO] [net.minecraft.server.MinecraftServer/]: [Chunky] Task running for minecraft:overworld. Processed: 59002 chunks (7.67%), ETA: 3:20:36, Rate: 59 cps, Surface biomes: minecraft:swamp (59 chunks), Current: 116, -103
[13Aug2026 06:48:37.290] [Server thread/INFO] [net.minecraft.server.MinecraftServer/]: [Chunky] Task running for minecraft:overworld. Processed: 59040 chunks (7.68%), ETA: 3:17:14, Rate: 60 cps, Surface biomes: minecraft:swamp (60 chunks), Current: 126, -100
[13Aug2026 06:48:38.346] [Server thread/INFO] [net.minecraft.server.MinecraftServer/]: [Chunky] Task running for minecraft:overworld. Processed: 59108 chunks (7.69%), ETA: 3:13:59, Rate: 61 cps, Surface biomes: minecraft:swamp (61 chunks), Current: 122, -109
[13Aug2026 06:48:39.388] [Server thread/INFO] [net.minecraft.server.MinecraftServer/]: [Chunky] Task running for minecraft:overworld. Processed: 59145 chunks (7.69%), ETA: 4:11:46, Rate: 47 cps, Surface biomes: minecraft:swamp (47 chunks), Current: 124, -115
[13Aug2026 06:48:40.417] [Server thread/INFO] [net.minecraft.server.MinecraftServer/]: [Chunky] Task running for minecraft:overworld. Processed: 59226 chunks (7.70%), ETA: 3:27:34, Rate: 57 cps, Surface biomes: minecraft:swamp (57 chunks), Current: 112, -116
[13Aug2026 06:48:41.680] [Server thread/INFO] [net.minecraft.server.MinecraftServer/]: [Chunky] Task running for minecraft:overworld. Processed: 59307 chunks (7.71%), ETA: 2:39:52, Rate: 74 cps, Surface biomes: minecraft:swamp (64 chunks), minecraft:river (5 chunks), minecraft:deep_frozen_ocean (4 chunks), minecraft:plains (1 chunks), Current: 116, -125
[13Aug2026 06:48:42.699] [Server thread/INFO] [net.minecraft.server.MinecraftServer/]: [Chunky] Task running for minecraft:overworld. Processed: 59380 chunks (7.72%), ETA: 3:10:47, Rate: 62 cps, Surface biomes: minecraft:swamp (36 chunks), minecraft:snowy_taiga (20 chunks), minecraft:windswept_forest (4 chunks), minecraft:windswept_hills (2 chunks), Current: 127, -125
[13Aug2026 06:48:43.766] [Server thread/INFO] [net.minecraft.server.MinecraftServer/]: [Chunky] Task running for minecraft:overworld. Processed: 59401 chunks (7.72%), ETA: 3:23:56, Rate: 58 cps, Surface biomes: minecraft:swamp (32 chunks), minecraft:snowy_taiga (17 chunks), minecraft:windswept_forest (7 chunks), minecraft:frozen_river (2 chunks), Current: 64, -126
[13Aug2026 06:48:45.137] [Server thread/INFO] [net.minecraft.server.MinecraftServer/]: [Chunky] Task running for minecraft:overworld. Processed: 59426 chunks (7.73%), ETA: 15:09:52, Rate: 13 cps, Surface biomes: minecraft:swamp (13 chunks), Current: 68, -127
[13Aug2026 06:48:46.920] [Server thread/INFO] [net.minecraft.server.MinecraftServer/]: [Chunky] Task running for minecraft:overworld. Processed: 59461 chunks (7.73%), ETA: 5:37:56, Rate: 35 cps, Surface biomes: minecraft:swamp (19 chunks), minecraft:snowy_plains (16 chunks), Current: 74, -128
[13Aug2026 06:48:47.935] [Server thread/INFO] [net.minecraft.server.MinecraftServer/]: [Chunky] Task running for minecraft:overworld. Processed: 59511 chunks (7.74%), ETA: 39:25:23, Rate: 5 cps, Surface biomes: minecraft:snowy_plains (4 chunks), minecraft:swamp (1 chunks), Current: 74, -124
[13Aug2026 06:48:49.052] [Server thread/INFO] [net.minecraft.server.MinecraftServer/]: [Chunky] Task running for minecraft:overworld. Processed: 59529 chunks (7.74%), ETA: 14:04:45, Rate: 14 cps, Surface biomes: minecraft:swamp (14 chunks), Current: 75, -119
[13Aug2026 06:48:50.530] [Server thread/INFO] [net.minecraft.server.MinecraftServer/]: [Chunky] Task running for minecraft:overworld. Processed: 59579 chunks (7.75%), ETA: 3:56:31, Rate: 50 cps, Surface biomes: minecraft:swamp (50 chunks), Current: 73, -114
[13Aug2026 06:48:50.670] [Server thread/WARN] [net.minecraft.server.MinecraftServer/]: Can't keep up! Is the server overloaded? Running 7732ms or 154 ticks behind
[13Aug2026 06:48:51.988] [Server thread/INFO] [net.minecraft.server.MinecraftServer/]: [Chunky] Task running for minecraft:overworld. Processed: 59617 chunks (7.75%), ETA: 5:11:11, Rate: 38 cps, Surface biomes: minecraft:swamp (38 chunks), Current: 66, -117
[13Aug2026 06:48:53.038] [Server thread/INFO] [net.minecraft.server.MinecraftServer/]: [Chunky] Task running for minecraft:overworld. Processed: 59649 chunks (7.76%), ETA: 6:21:26, Rate: 31 cps, Surface biomes: minecraft:swamp (31 chunks), Current: 65, -114
[13Aug2026 06:48:54.088] [Server thread/INFO] [net.minecraft.server.MinecraftServer/]: [Chunky] Task running for minecraft:overworld. Processed: 59683 chunks (7.76%), ETA: 5:58:18, Rate: 33 cps, Surface biomes: minecraft:swamp (33 chunks), Current: 69, -108
[13Aug2026 06:48:55.138] [Server thread/INFO] [net.minecraft.server.MinecraftServer/]: [Chunky] Task running for minecraft:overworld. Processed: 59712 chunks (7.76%), ETA: 6:47:42, Rate: 29 cps, Surface biomes: minecraft:swamp (29 chunks), Current: 64, -105
[13Aug2026 06:48:56.291] [Server thread/INFO] [net.minecraft.server.MinecraftServer/]: [Chunky] Task running for minecraft:overworld. Processed: 59777 chunks (7.77%), ETA: 2:59:07, Rate: 66 cps, Surface biomes: minecraft:swamp (66 chunks), Current: 72, -104
[13Aug2026 06:48:57.334] [Server thread/INFO] [net.minecraft.server.MinecraftServer/]: [Chunky] Task running for minecraft:overworld. Processed: 59809 chunks (7.78%), ETA: 98:31:00, Rate: 2 cps, Surface biomes: minecraft:swamp (2 chunks), Current: 76, -97
[13Aug2026 06:48:58.372] [Server thread/INFO] [net.minecraft.server.MinecraftServer/]: [Chunky] Task running for minecraft:overworld. Processed: 59859 chunks (7.78%), ETA: 3:01:51, Rate: 65 cps, Surface biomes: minecraft:swamp (54 chunks), minecraft:deep_frozen_ocean (10 chunks), minecraft:plains (1 chunks), Current: 74, -110
[13Aug2026 06:48:59.746] [Server thread/INFO] [net.minecraft.server.MinecraftServer/]: [Chunky] Task running for minecraft:overworld. Processed: 59909 chunks (7.79%), ETA: 3:01:51, Rate: 65 cps, Surface biomes: minecraft:swamp (65 chunks), Current: 80, -110
[13Aug2026 06:49:00.785] [Server thread/INFO] [net.minecraft.server.MinecraftServer/]: [Chunky] Task running for minecraft:overworld. Processed: 59994 chunks (7.80%), ETA: 6:33:57, Rate: 30 cps, Surface biomes: minecraft:swamp (30 chunks), Current: 82, -98
[13Aug2026 06:49:01.807] [Server thread/INFO] [net.minecraft.server.MinecraftServer/]: [Chunky] Task running for minecraft:overworld. Processed: 60071 chunks (7.81%), ETA: 2:48:49, Rate: 70 cps, Surface biomes: minecraft:swamp (68 chunks), minecraft:deep_frozen_ocean (1 chunks), minecraft:river (1 chunks), Current: 93, -97
[13Aug2026 06:49:02.838] [Server thread/INFO] [net.minecraft.server.MinecraftServer/]: [Chunky] Task running for minecraft:overworld. Processed: 60105 chunks (7.81%), ETA: 2:24:06, Rate: 82 cps, Surface biomes: minecraft:swamp (63 chunks), minecraft:river (13 chunks), minecraft:deep_frozen_ocean (6 chunks), Current: 89, -108
[13Aug2026 06:49:04.097] [Server thread/INFO] [net.minecraft.server.MinecraftServer/]: [Chunky] Task running for minecraft:overworld. Processed: 60180 chunks (7.82%), ETA: 3:27:17, Rate: 57 cps, Surface biomes: minecraft:swamp (50 chunks), minecraft:deep_frozen_ocean (6 chunks), minecraft:plains (1 chunks), Current: 94, -118
[13Aug2026 06:49:05.138] [Server thread/INFO] [net.minecraft.server.MinecraftServer/]: [Chunky] Task running for minecraft:overworld. Processed: 60215 chunks (7.83%), ETA: 5:58:02, Rate: 33 cps, Surface biomes: minecraft:deep_frozen_ocean (22 chunks), minecraft:swamp (9 chunks), minecraft:plains (2 chunks), Current: 88, -117
[13Aug2026 06:49:06.438] [Server thread/INFO] [net.minecraft.server.MinecraftServer/]: [Chunky] Task running for minecraft:overworld. Processed: 60291 chunks (7.84%), ETA: 2:33:25, Rate: 77 cps, Surface biomes: minecraft:swamp (60 chunks), minecraft:deep_frozen_ocean (14 chunks), minecraft:plains (3 chunks), Current: 86, -122
[13Aug2026 06:49:07.445] [Server thread/INFO] [net.minecraft.server.MinecraftServer/]: [Chunky] Task running for minecraft:overworld. Processed: 60322 chunks (7.84%), ETA: 10:21:45, Rate: 19 cps, Surface biomes: minecraft:swamp (19 chunks), Current: 80, -124
[13Aug2026 06:49:08.588] [Server thread/INFO] [net.minecraft.server.MinecraftServer/]: [Chunky] Task running for minecraft:overworld. Processed: 60379 chunks (7.85%), ETA: 3:01:43, Rate: 65 cps, Surface biomes: minecraft:swamp (25 chunks), minecraft:snowy_plains (19 chunks), minecraft:snowy_taiga (17 chunks), minecraft:frozen_river (4 chunks), Current: 90, -123
[13Aug2026 06:49:09.688] [Server thread/INFO] [net.minecraft.server.MinecraftServer/]: [Chunky] Task running for minecraft:overworld. Processed: 60415 chunks (7.85%), ETA: 7:17:28, Rate: 27 cps, Surface biomes: minecraft:swamp (17 chunks), minecraft:deep_frozen_ocean (8 chunks), minecraft:river (2 chunks), Current: 93, -127
[13Aug2026 06:49:10.698] [Server thread/INFO] [net.minecraft.server.MinecraftServer/]: [Chunky] Task running for minecraft:overworld. Processed: 60428 chunks (7.86%), ETA: 10:21:40, Rate: 19 cps, Surface biomes: minecraft:snowy_taiga (15 chunks), minecraft:swamp (4 chunks), Current: 33, -123
[13Aug2026 06:49:13.967] [Server thread/INFO] [net.minecraft.server.MinecraftServer/]: [Chunky] Task running for minecraft:overworld. Processed: 60475 chunks (7.86%), ETA: 7:01:49, Rate: 28 cps, Surface biomes: minecraft:taiga (22 chunks), minecraft:snowy_taiga (6 chunks), Current: 43, -125
[13Aug2026 06:49:14.158] [Server thread/WARN] [net.minecraft.server.MinecraftServer/]: Can't keep up! Is the server overloaded? Running 3670ms or 73 ticks behind
[13Aug2026 06:49:14.968] [Server thread/INFO] [net.minecraft.server.MinecraftServer/]: [Chunky] Task running for minecraft:overworld. Processed: 60540 chunks (7.87%), ETA: 98:24:54, Rate: 2 cps, Surface biomes: minecraft:snowy_plains (1 chunks), minecraft:taiga (1 chunks), Current: 42, -121
[13Aug2026 06:49:16.770] [Server thread/INFO] [net.minecraft.server.MinecraftServer/]: [Chunky] Task running for minecraft:overworld. Processed: 60577 chunks (7.88%), ETA: 5:28:02, Rate: 36 cps, Surface biomes: minecraft:taiga (25 chunks), minecraft:river (5 chunks), minecraft:swamp (5 chunks), minecraft:plains (1 chunks), Current: 44, -116
[13Aug2026 06:49:17.865] [Server thread/INFO] [net.minecraft.server.MinecraftServer/]: [Chunky] Task running for minecraft:overworld. Processed: 60624 chunks (7.88%), ETA: 6:33:36, Rate: 30 cps, Surface biomes: minecraft:swamp (20 chunks), minecraft:taiga (9 chunks), minecraft:river (1 chunks), Current: 39, -116
[13Aug2026 06:49:18.907] [Server thread/INFO] [net.minecraft.server.MinecraftServer/]: [Chunky] Task running for minecraft:overworld. Processed: 60674 chunks (7.89%), ETA: 7:17:19, Rate: 27 cps, Surface biomes: minecraft:taiga (15 chunks), minecraft:plains (7 chunks), minecraft:river (4 chunks), minecraft:deep_frozen_ocean (1 chunks), Current: 33, -112
[13Aug2026 06:49:19.918] [Server thread/INFO] [net.minecraft.server.MinecraftServer/]: [Chunky] Task running for minecraft:overworld. Processed: 60693 chunks (7.89%), ETA: 4:47:58, Rate: 41 cps, Surface biomes: minecraft:taiga (15 chunks), minecraft:river (13 chunks), minecraft:plains (9 chunks), minecraft:deep_frozen_ocean (4 chunks), Current: 38, -112
[13Aug2026 06:49:21.079] [Server thread/INFO] [net.minecraft.server.MinecraftServer/]: [Chunky] Task running for minecraft:overworld. Processed: 60719 chunks (7.89%), ETA: 10:21:24, Rate: 19 cps, Surface biomes: minecraft:taiga (14 chunks), minecraft:river (5 chunks), Current: 36, -106
[13Aug2026 06:49:22.186] [Server thread/INFO] [net.minecraft.server.MinecraftServer/]: [Chunky] Task running for minecraft:overworld. Processed: 60745 chunks (7.90%), ETA: 7:34:05, Rate: 26 cps, Surface biomes: minecraft:taiga (26 chunks), Current: 34, -102
[13Aug2026 06:49:23.605] [Server thread/INFO] [net.minecraft.server.MinecraftServer/]: [Chunky] Task running for minecraft:overworld. Processed: 60805 chunks (7.91%), ETA: 3:30:48, Rate: 56 cps, Surface biomes: minecraft:taiga (46 chunks), minecraft:river (10 chunks), Current: 42, -103
[13Aug2026 06:49:24.634] [Server thread/INFO] [net.minecraft.server.MinecraftServer/]: [Chunky] Task running for minecraft:overworld. Processed: 60865 chunks (7.91%), ETA: 5:10:38, Rate: 38 cps, Surface biomes: minecraft:taiga (37 chunks), minecraft:swamp (1 chunks), Current: 46, -105
[13Aug2026 06:49:25.835] [Server thread/INFO] [net.minecraft.server.MinecraftServer/]: [Chunky] Task running for minecraft:overworld. Processed: 60928 chunks (7.92%), ETA: 6:33:26, Rate: 30 cps, Surface biomes: minecraft:swamp (22 chunks), minecraft:taiga (8 chunks), Current: 47, -112
[13Aug2026 06:49:26.855] [Server thread/INFO] [net.minecraft.server.MinecraftServer/]: [Chunky] Task running for minecraft:overworld. Processed: 60930 chunks (7.92%), ETA: 3:16:43, Rate: 60 cps, Surface biomes: minecraft:taiga (27 chunks), minecraft:swamp (23 chunks), minecraft:river (10 chunks), Current: 48, -111
[13Aug2026 06:49:27.856] [Server thread/INFO] [net.minecraft.server.MinecraftServer/]: [Chunky] Task running for minecraft:overworld. Processed: 61031 chunks (7.94%), ETA: 7:01:29, Rate: 28 cps, Surface biomes: minecraft:swamp (28 chunks), Current: 52, -102
[13Aug2026 06:49:29.008] [Server thread/INFO] [net.minecraft.server.MinecraftServer/]: [Chunky] Task running for minecraft:overworld. Processed: 61127 chunks (7.95%), ETA: 2:17:12, Rate: 86 cps, Surface biomes: minecraft:swamp (86 chunks), Current: 61, -106
[13Aug2026 06:49:30.012] [Server thread/INFO] [net.minecraft.server.MinecraftServer/]: [Chunky] Task running for minecraft:overworld. Processed: 61185 chunks (7.96%), ETA: 3:23:25, Rate: 58 cps, Surface biomes: minecraft:swamp (58 chunks), Current: 62, -114
[13Aug2026 06:49:31.088] [Server thread/INFO] [net.minecraft.server.MinecraftServer/]: [Chunky] Task running for minecraft:overworld. Processed: 61233 chunks (7.96%), ETA: 4:05:47, Rate: 48 cps, Surface biomes: minecraft:swamp (48 chunks), Current: 58, -114
[13Aug2026 06:49:32.138] [Server thread/INFO] [net.minecraft.server.MinecraftServer/]: [Chunky] Task running for minecraft:overworld. Processed: 61256 chunks (7.96%), ETA: 10:20:56, Rate: 19 cps, Surface biomes: minecraft:swamp (16 chunks), minecraft:river (3 chunks), Current: 50, -113
[13Aug2026 06:49:33.189] [Server thread/INFO] [net.minecraft.server.MinecraftServer/]: [Chunky] Task running for minecraft:overworld. Processed: 61301 chunks (7.97%), ETA: 4:11:00, Rate: 47 cps, Surface biomes: minecraft:swamp (41 chunks), minecraft:river (6 chunks), Current: 53, -119
[13Aug2026 06:49:34.189] [Server thread/INFO] [net.minecraft.server.MinecraftServer/]: [Chunky] Task running for minecraft:overworld. Processed: 61325 chunks (7.97%), ETA: 9:49:50, Rate: 20 cps, Surface biomes: minecraft:swamp (20 chunks), Current: 48, -125
[13Aug2026 06:49:35.238] [Server thread/INFO] [net.minecraft.server.MinecraftServer/]: [Chunky] Task running for minecraft:overworld. Processed: 61363 chunks (7.98%), ETA: 6:08:37, Rate: 32 cps, Surface biomes: minecraft:taiga (13 chunks), minecraft:swamp (9 chunks), minecraft:river (6 chunks), minecraft:ice_spikes (2 chunks), minecraft:snowy_plains (2 chunks), Current: 48, -128
[13Aug2026 06:49:36.288] [Server thread/INFO] [net.minecraft.server.MinecraftServer/]: [Chunky] Task running for minecraft:overworld. Processed: 61408 chunks (7.98%), ETA: 3:30:37, Rate: 56 cps, Surface biomes: minecraft:ice_spikes (32 chunks), minecraft:swamp (18 chunks), minecraft:river (3 chunks), minecraft:taiga (2 chunks), minecraft:snowy_plains (1 chunks), Current: 59, -123
[13Aug2026 06:49:37.940] [Server thread/INFO] [net.minecraft.server.MinecraftServer/]: [Chunky] Task running for minecraft:overworld. Processed: 61441 chunks (7.99%), ETA: 5:46:54, Rate: 34 cps, Surface biomes: minecraft:swamp (22 chunks), minecraft:ice_spikes (12 chunks), Current: 0, -128
[13Aug2026 06:49:38.988] [Server thread/INFO] [net.minecraft.server.MinecraftServer/]: [Chunky] Task running for minecraft:overworld. Processed: 61452 chunks (7.99%), ETA: 196:34:37, Rate: 1 cps, Surface biomes: minecraft:grove (1 chunks), Current: 1, -125
[13Aug2026 06:49:40.115] [Server thread/INFO] [net.minecraft.server.MinecraftServer/]: [Chunky] Task running for minecraft:overworld. Processed: 61501 chunks (8.00%), ETA: 4:16:23, Rate: 46 cps, Surface biomes: minecraft:taiga (36 chunks), minecraft:grove (9 chunks), minecraft:plains (1 chunks), Current: 6, -127
[13Aug2026 06:49:41.184] [Server thread/INFO] [net.minecraft.server.MinecraftServer/]: [Chunky] Task running for minecraft:overworld. Processed: 61506 chunks (8.00%), ETA: 39:18:44, Rate: 5 cps, Surface biomes: minecraft:grove (5 chunks), Current: 8, -128
[13Aug2026 06:49:43.399] [Server thread/INFO] [net.minecraft.server.MinecraftServer/]: [Chunky] Task running for minecraft:overworld. Processed: 61569 chunks (8.01%), ETA: 3:07:11, Rate: 63 cps, Surface biomes: minecraft:taiga (39 chunks), minecraft:snowy_taiga (10 chunks), minecraft:frozen_peaks (8 chunks), minecraft:grove (6 chunks), Current: 8, -120
[13Aug2026 06:49:43.410] [Server thread/WARN] [net.minecraft.server.MinecraftServer/]: Can't keep up! Is the server overloaded? Running 2922ms or 58 ticks behind
[13Aug2026 06:49:44.708] [Server thread/INFO] [net.minecraft.server.MinecraftServer/]: [Chunky] Task running for minecraft:overworld. Processed: 61603 chunks (8.01%), ETA: 5:46:49, Rate: 34 cps, Surface biomes: minecraft:taiga (32 chunks), minecraft:plains (2 chunks), Current: 10, -116
[13Aug2026 06:49:45.731] [Server thread/INFO] [net.minecraft.server.MinecraftServer/]: [Chunky] Task running for minecraft:overworld. Processed: 61656 chunks (8.02%), ETA: 32:45:12, Rate: 6 cps, Surface biomes: minecraft:taiga (3 chunks), minecraft:deep_frozen_ocean (1 chunks), minecraft:plains (1 chunks), minecraft:river (1 chunks), Current: 6, -120
[13Aug2026 06:49:46.986] [Server thread/INFO] [net.minecraft.server.MinecraftServer/]: [Chunky] Task running for minecraft:overworld. Processed: 61703 chunks (8.02%), ETA: 3:13:17, Rate: 61 cps, Surface biomes: minecraft:taiga (37 chunks), minecraft:river (13 chunks), minecraft:plains (6 chunks), minecraft:deep_frozen_ocean (5 chunks), Current: 2, -112
[13Aug2026 06:49:48.138] [Server thread/INFO] [net.minecraft.server.MinecraftServer/]: [Chunky] Task running for minecraft:overworld. Processed: 61722 chunks (8.02%), ETA: 28:04:18, Rate: 7 cps, Surface biomes: minecraft:taiga (7 chunks), Current: 4, -110
[13Aug2026 06:49:49.160] [Server thread/INFO] [net.minecraft.server.MinecraftServer/]: [Chunky] Task running for minecraft:overworld. Processed: 61765 chunks (8.03%), ETA: 4:34:10, Rate: 43 cps, Surface biomes: minecraft:taiga (22 chunks), minecraft:deep_frozen_ocean (11 chunks), minecraft:river (6 chunks), minecraft:plains (4 chunks), Current: 2, -104
[13Aug2026 06:49:50.322] [Server thread/INFO] [net.minecraft.server.MinecraftServer/]: [Chunky] Task running for minecraft:overworld. Processed: 61826 chunks (8.04%), ETA: 3:13:15, Rate: 61 cps, Surface biomes: minecraft:taiga (37 chunks), minecraft:deep_frozen_ocean (14 chunks), minecraft:plains (5 chunks), minecraft:river (5 chunks), Current: 8, -103
[13Aug2026 06:49:51.377] [Server thread/INFO] [net.minecraft.server.MinecraftServer/]: [Chunky] Task running for minecraft:overworld. Processed: 61881 chunks (8.05%), ETA: 5:18:34, Rate: 37 cps, Surface biomes: minecraft:taiga (24 chunks), minecraft:deep_frozen_ocean (11 chunks), minecraft:plains (2 chunks), Current: 12, -104
[13Aug2026 06:49:52.388] [Server thread/INFO] [net.minecraft.server.MinecraftServer/]: [Chunky] Task running for minecraft:overworld. Processed: 61921 chunks (8.05%), ETA: 4:54:40, Rate: 40 cps, Surface biomes: minecraft:deep_frozen_ocean (26 chunks), minecraft:taiga (14 chunks), Current: 9, -108
[13Aug2026 06:49:53.398] [Server thread/INFO] [net.minecraft.server.MinecraftServer/]: [Chunky] Task running for minecraft:overworld. Processed: 61951 chunks (8.05%), ETA: 6:08:19, Rate: 32 cps, Surface biomes: minecraft:deep_frozen_ocean (21 chunks), minecraft:taiga (8 chunks), minecraft:plains (3 chunks), Current: 15, -110
[13Aug2026 06:49:54.988] [Server thread/INFO] [net.minecraft.server.MinecraftServer/]: [Chunky] Task running for minecraft:overworld. Processed: 61959 chunks (8.06%), ETA: 8:32:26, Rate: 23 cps, Surface biomes: minecraft:deep_frozen_ocean (21 chunks), minecraft:plains (1 chunks), minecraft:taiga (1 chunks), Current: 18, -111
[13Aug2026 06:49:56.069] [Server thread/INFO] [net.minecraft.server.MinecraftServer/]: [Chunky] Task running for minecraft:overworld. Processed: 62021 chunks (8.06%), ETA: 3:13:11, Rate: 61 cps, Surface biomes: minecraft:river (27 chunks), minecraft:deep_frozen_ocean (16 chunks), minecraft:taiga (11 chunks), minecraft:plains (7 chunks), Current: 16, -102
[13Aug2026 06:49:57.119] [Server thread/INFO] [net.minecraft.server.MinecraftServer/]: [Chunky] Task running for minecraft:overworld. Processed: 62090 chunks (8.07%), ETA: 2:53:17, Rate: 68 cps, Surface biomes: minecraft:taiga (49 chunks), minecraft:river (16 chunks), minecraft:plains (3 chunks), Current: 25, -102
[13Aug2026 06:49:58.130] [Server thread/INFO] [net.minecraft.server.MinecraftServer/]: [Chunky] Task running for minecraft:overworld. Processed: 62153 chunks (8.08%), ETA: 3:07:01, Rate: 63 cps, Surface biomes: minecraft:taiga (62 chunks), minecraft:river (1 chunks), Current: 24, -105
[13Aug2026 06:49:59.588] [Server thread/INFO] [net.minecraft.server.MinecraftServer/]: [Chunky] Task running for minecraft:overworld. Processed: 62209 chunks (8.09%), ETA: 3:26:42, Rate: 57 cps, Surface biomes: minecraft:taiga (28 chunks), minecraft:river (21 chunks), minecraft:plains (5 chunks), minecraft:deep_frozen_ocean (3 chunks), Current: 31, -118
[13Aug2026 06:50:00.638] [Server thread/INFO] [net.minecraft.server.MinecraftServer/]: [Chunky] Task running for minecraft:overworld. Processed: 62264 chunks (8.10%), ETA: 28:03:00, Rate: 7 cps, Surface biomes: minecraft:taiga (6 chunks), minecraft:deep_frozen_ocean (1 chunks), Current: 26, -115
[13Aug2026 06:50:01.738] [Server thread/INFO] [net.minecraft.server.MinecraftServer/]: [Chunky] Task running for minecraft:overworld. Processed: 62337 chunks (8.10%), ETA: 2:20:14, Rate: 84 cps, Surface biomes: minecraft:taiga (76 chunks), minecraft:river (6 chunks), minecraft:plains (2 chunks), Current: 22, -121
[13Aug2026 06:50:02.788] [Server thread/INFO] [net.minecraft.server.MinecraftServer/]: [Chunky] Task running for minecraft:overworld. Processed: 62363 chunks (8.11%), ETA: 4:33:56, Rate: 43 cps, Surface biomes: minecraft:taiga (43 chunks), Current: 18, -123
[13Aug2026 06:50:03.888] [Server thread/INFO] [net.minecraft.server.MinecraftServer/]: [Chunky] Task running for minecraft:overworld. Processed: 62459 chunks (8.12%), ETA: 5:18:19, Rate: 37 cps, Surface biomes: minecraft:taiga (30 chunks), minecraft:snowy_taiga (7 chunks), Current: 30, -127
[13Aug2026 06:50:08.288] [Server thread/INFO] [net.minecraft.server.MinecraftServer/]: [Chunky] Task running for minecraft:overworld. Processed: 62465 chunks (8.12%), ETA: 49:04:26, Rate: 4 cps, Surface biomes: minecraft:snowy_taiga (4 chunks), Current: -32, -126
[13Aug2026 06:50:09.822] [Server thread/INFO] [net.minecraft.server.MinecraftServer/]: [Chunky] Task running for minecraft:overworld. Processed: 62521 chunks (8.13%), ETA: 3:30:18, Rate: 56 cps, Surface biomes: minecraft:taiga (32 chunks), minecraft:snowy_slopes (17 chunks), minecraft:jagged_peaks (5 chunks), minecraft:snowy_plains (2 chunks), Current: -24, -126
[13Aug2026 06:50:10.846] [Server thread/INFO] [net.minecraft.server.MinecraftServer/]: [Chunky] Task running for minecraft:overworld. Processed: 62591 chunks (8.14%), ETA: 65:25:12, Rate: 3 cps, Surface biomes: minecraft:snowy_slopes (3 chunks), Current: -23, -121
[13Aug2026 06:50:12.566] [Server thread/INFO] [net.minecraft.server.MinecraftServer/]: [Chunky] Task running for minecraft:overworld. Processed: 62593 chunks (8.14%), ETA: 2:50:39, Rate: 69 cps, Surface biomes: minecraft:taiga (34 chunks), minecraft:snowy_slopes (26 chunks), minecraft:snowy_plains (7 chunks), minecraft:snowy_taiga (2 chunks), Current: -21, -119
[13Aug2026 06:50:12.764] [Server thread/WARN] [net.minecraft.server.MinecraftServer/]: Can't keep up! Is the server overloaded? Running 2276ms or 45 ticks behind
[13Aug2026 06:50:14.038] [Server thread/INFO] [net.minecraft.server.MinecraftServer/]: [Chunky] Task running for minecraft:overworld. Processed: 62639 chunks (8.14%), ETA: 196:14:50, Rate: 1 cps, Surface biomes: minecraft:taiga (1 chunks), Current: -20, -114
[13Aug2026 06:50:15.812] [Server thread/INFO] [net.minecraft.server.MinecraftServer/]: [Chunky] Task running for minecraft:overworld. Processed: 62689 chunks (8.15%), ETA: 3:55:28, Rate: 50 cps, Surface biomes: minecraft:taiga (50 chunks), Current: -31, -119
[13Aug2026 06:50:18.356] [Server thread/INFO] [net.minecraft.server.MinecraftServer/]: [Chunky] Task running for minecraft:overworld. Processed: 62739 chunks (8.16%), ETA: 39:14:38, Rate: 5 cps, Surface biomes: minecraft:taiga (3 chunks), minecraft:river (2 chunks), Current: -26, -112
[13Aug2026 06:50:19.383] [Server thread/INFO] [net.minecraft.server.MinecraftServer/]: [Chunky] Task running for minecraft:overworld. Processed: 62829 chunks (8.17%), ETA: 3:55:26, Rate: 50 cps, Surface biomes: minecraft:taiga (34 chunks), minecraft:river (16 chunks), Current: -26, -100
[13Aug2026 06:50:20.565] [Server thread/INFO] [net.minecraft.server.MinecraftServer/]: [Chunky] Task running for minecraft:overworld. Processed: 62881 chunks (8.18%), ETA: 3:16:10, Rate: 60 cps, Surface biomes: minecraft:taiga (58 chunks), minecraft:river (2 chunks), Current: -20, -100
[13Aug2026 06:50:21.998] [Server thread/INFO] [net.minecraft.server.MinecraftServer/]: [Chunky] Task running for minecraft:overworld. Processed: 62889 chunks (8.18%), ETA: 4:54:16, Rate: 40 cps, Surface biomes: minecraft:taiga (39 chunks), minecraft:river (1 chunks), Current: -18, -97
[13Aug2026 06:50:23.038] [Server thread/INFO] [net.minecraft.server.MinecraftServer/]: [Chunky] Task running for minecraft:overworld. Processed: 62953 chunks (8.18%), ETA: 3:06:49, Rate: 63 cps, Surface biomes: minecraft:taiga (50 chunks), minecraft:river (13 chunks), Current: -23, -109
[13Aug2026 06:50:24.538] [Server thread/INFO] [net.minecraft.server.MinecraftServer/]: [Chunky] Task running for minecraft:overworld. Processed: 62983 chunks (8.19%), ETA: 6:32:18, Rate: 30 cps, Surface biomes: minecraft:taiga (30 chunks), Current: -16, -112
[13Aug2026 06:50:25.608] [Server thread/INFO] [net.minecraft.server.MinecraftServer/]: [Chunky] Task running for minecraft:overworld. Processed: 63042 chunks (8.20%), ETA: 32:41:21, Rate: 6 cps, Surface biomes: minecraft:taiga (6 chunks), Current: -16, -103
[13Aug2026 06:50:26.685] [Server thread/INFO] [net.minecraft.server.MinecraftServer/]: [Chunky] Task running for minecraft:overworld. Processed: 63093 chunks (8.20%), ETA: 3:37:54, Rate: 54 cps, Surface biomes: minecraft:taiga (49 chunks), minecraft:river (5 chunks), Current: -11, -101
[13Aug2026 06:50:27.716] [Server thread/INFO] [net.minecraft.server.MinecraftServer/]: [Chunky] Task running for minecraft:overworld. Processed: 63177 chunks (8.21%), ETA: 3:09:46, Rate: 62 cps, Surface biomes: minecraft:taiga (54 chunks), minecraft:river (8 chunks), Current: -3, -105
[13Aug2026 06:50:28.738] [Server thread/INFO] [net.minecraft.server.MinecraftServer/]: [Chunky] Task running for minecraft:overworld. Processed: 63248 chunks (8.22%), ETA: 2:02:32, Rate: 96 cps, Surface biomes: minecraft:taiga (86 chunks), minecraft:river (10 chunks), Current: -4, -115
[13Aug2026 06:50:29.806] [Server thread/INFO] [net.minecraft.server.MinecraftServer/]: [Chunky] Task running for minecraft:overworld. Processed: 63257 chunks (8.22%), ETA: 3:55:17, Rate: 50 cps, Surface biomes: minecraft:taiga (50 chunks), Current: -8, -113
[13Aug2026 06:50:30.838] [Server thread/INFO] [net.minecraft.server.MinecraftServer/]: [Chunky] Task running for minecraft:overworld. Processed: 63317 chunks (8.23%), ETA: 7:32:26, Rate: 26 cps, Surface biomes: minecraft:taiga (26 chunks), Current: -10, -115
[13Aug2026 06:50:31.888] [Server thread/INFO] [net.minecraft.server.MinecraftServer/]: [Chunky] Task running for minecraft:overworld. Processed: 63379 chunks (8.24%), ETA: 4:27:19, Rate: 44 cps, Surface biomes: minecraft:taiga (44 chunks), Current: -16, -124
[13Aug2026 06:50:33.242] [Server thread/INFO] [net.minecraft.server.MinecraftServer/]: [Chunky] Task running for minecraft:overworld. Processed: 63403 chunks (8.24%), ETA: 21:46:54, Rate: 9 cps, Surface biomes: minecraft:grove (5 chunks), minecraft:snowy_slopes (2 chunks), minecraft:taiga (2 chunks), Current: -15, -127
[13Aug2026 06:50:34.288] [Server thread/INFO] [net.minecraft.server.MinecraftServer/]: [Chunky] Task running for minecraft:overworld. Processed: 63460 chunks (8.25%), ETA: 3:37:47, Rate: 54 cps, Surface biomes: minecraft:grove (26 chunks), minecraft:taiga (23 chunks), minecraft:snowy_slopes (5 chunks), Current: -3, -123
[13Aug2026 06:50:36.638] [Server thread/INFO] [net.minecraft.server.MinecraftServer/]: [Chunky] Task running for minecraft:overworld. Processed: 63489 chunks (8.25%), ETA: 65:20:13, Rate: 3 cps, Surface biomes: minecraft:snowy_taiga (2 chunks), minecraft:grove (1 chunks), Current: -64, -128
[13Aug2026 06:50:37.730] [Server thread/INFO] [net.minecraft.server.MinecraftServer/]: [Chunky] Task running for minecraft:overworld. Processed: 63547 chunks (8.26%), ETA: 48:59:55, Rate: 4 cps, Surface biomes: minecraft:snowy_taiga (4 chunks), Current: -60, -128
[13Aug2026 06:50:39.839] [Server thread/INFO] [net.minecraft.server.MinecraftServer/]: [Chunky] Task running for minecraft:overworld. Processed: 63549 chunks (8.26%), ETA: 3:29:59, Rate: 56 cps, Surface biomes: minecraft:taiga (32 chunks), minecraft:snowy_taiga (19 chunks), minecraft:snowy_plains (5 chunks), Current: -58, -127
[13Aug2026 06:50:40.921] [Server thread/INFO] [net.minecraft.server.MinecraftServer/]: [Chunky] Task running for minecraft:overworld. Processed: 63551 chunks (8.26%), ETA: 97:59:49, Rate: 2 cps, Surface biomes: minecraft:snowy_taiga (2 chunks), Current: -57, -127
[13Aug2026 06:50:42.366] [Server thread/INFO] [net.minecraft.server.MinecraftServer/]: [Chunky] Task running for minecraft:overworld. Processed: 63617 chunks (8.27%), ETA: 3:22:44, Rate: 58 cps, Surface biomes: minecraft:taiga (33 chunks), minecraft:grove (25 chunks), Current: -50, -120
[13Aug2026 06:50:43.790] [Server thread/INFO] [net.minecraft.server.MinecraftServer/]: [Chunky] Task running for minecraft:overworld. Processed: 63673 chunks (8.28%), ETA: 5:45:48, Rate: 34 cps, Surface biomes: minecraft:taiga (34 chunks), Current: -55, -116
[13Aug2026 06:50:43.864] [Server thread/WARN] [net.minecraft.server.MinecraftServer/]: Can't keep up! Is the server overloaded? Running 2526ms or 50 ticks behind
[13Aug2026 06:50:44.801] [Server thread/INFO] [net.minecraft.server.MinecraftServer/]: [Chunky] Task running for minecraft:overworld. Processed: 63721 chunks (8.28%), ETA: 3:55:08, Rate: 50 cps, Surface biomes: minecraft:taiga (50 chunks), Current: -63, -118
[13Aug2026 06:50:45.871] [Server thread/INFO] [net.minecraft.server.MinecraftServer/]: [Chunky] Task running for minecraft:overworld. Processed: 63769 chunks (8.29%), ETA: 8:31:07, Rate: 23 cps, Surface biomes: minecraft:taiga (23 chunks), Current: -60, -110
[13Aug2026 06:50:46.922] [Server thread/INFO] [net.minecraft.server.MinecraftServer/]: [Chunky] Task running for minecraft:overworld. Processed: 63801 chunks (8.30%), ETA: 4:10:06, Rate: 47 cps, Surface biomes: minecraft:taiga (47 chunks), Current: -63, -108
[13Aug2026 06:50:48.040] [Server thread/INFO] [net.minecraft.server.MinecraftServer/]: [Chunky] Task running for minecraft:overworld. Processed: 63851 chunks (8.30%), ETA: 4:15:32, Rate: 46 cps, Surface biomes: minecraft:taiga (37 chunks), minecraft:old_growth_spruce_taiga (8 chunks), minecraft:meadow (1 chunks), Current: -58, -99
[13Aug2026 06:50:49.124] [Server thread/INFO] [net.minecraft.server.MinecraftServer/]: [Chunky] Task running for minecraft:overworld. Processed: 63905 chunks (8.31%), ETA: 3:37:39, Rate: 54 cps, Surface biomes: minecraft:taiga (54 chunks), Current: -52, -97
[13Aug2026 06:50:50.468] [Server thread/INFO] [net.minecraft.server.MinecraftServer/]: [Chunky] Task running for minecraft:overworld. Processed: 63935 chunks (8.31%), ETA: 6:31:46, Rate: 30 cps, Surface biomes: minecraft:taiga (30 chunks), Current: -55, -107
[13Aug2026 06:50:51.488] [Server thread/INFO] [net.minecraft.server.MinecraftServer/]: [Chunky] Task running for minecraft:overworld. Processed: 64001 chunks (8.32%), ETA: 3:00:48, Rate: 65 cps, Surface biomes: minecraft:taiga (65 chunks), Current: -48, -112
[13Aug2026 06:50:52.588] [Server thread/INFO] [net.minecraft.server.MinecraftServer/]: [Chunky] Task running for minecraft:overworld. Processed: 64003 chunks (8.32%), ETA: 65:17:22, Rate: 3 cps, Surface biomes: minecraft:taiga (3 chunks), Current: -47, -112
[13Aug2026 06:50:53.605] [Server thread/INFO] [net.minecraft.server.MinecraftServer/]: [Chunky] Task running for minecraft:overworld. Processed: 64030 chunks (8.33%), ETA: 65:17:13, Rate: 3 cps, Surface biomes: minecraft:taiga (3 chunks), Current: -46, -108
[13Aug2026 06:50:54.738] [Server thread/INFO] [net.minecraft.server.MinecraftServer/]: [Chunky] Task running for minecraft:overworld. Processed: 64089 chunks (8.33%), ETA: 2:28:44, Rate: 79 cps, Surface biomes: minecraft:taiga (79 chunks), Current: -46, -100
[13Aug2026 06:50:55.818] [Server thread/INFO] [net.minecraft.server.MinecraftServer/]: [Chunky] Task running for minecraft:overworld. Processed: 64103 chunks (8.33%), ETA: 16:19:12, Rate: 12 cps, Surface biomes: minecraft:taiga (12 chunks), Current: -41, -97
[13Aug2026 06:50:56.893] [Server thread/INFO] [net.minecraft.server.MinecraftServer/]: [Chunky] Task running for minecraft:overworld. Processed: 64197 chunks (8.35%), ETA: 3:50:22, Rate: 51 cps, Surface biomes: minecraft:taiga (41 chunks), minecraft:river (10 chunks), Current: -36, -105
[13Aug2026 06:50:58.229] [Server thread/INFO] [net.minecraft.server.MinecraftServer/]: [Chunky] Task running for minecraft:overworld. Processed: 64250 chunks (8.35%), ETA: 5:45:31, Rate: 34 cps, Surface biomes: minecraft:taiga (27 chunks), minecraft:river (7 chunks), Current: -35, -117
[13Aug2026 06:50:59.247] [Server thread/INFO] [net.minecraft.server.MinecraftServer/]: [Chunky] Task running for minecraft:overworld. Processed: 64337 chunks (8.36%), ETA: 3:22:31, Rate: 58 cps, Surface biomes: minecraft:taiga (47 chunks), minecraft:river (11 chunks), Current: -39, -119
[13Aug2026 06:51:00.274] [Server thread/INFO] [net.minecraft.server.MinecraftServer/]: [Chunky] Task running for minecraft:overworld. Processed: 64387 chunks (8.37%), ETA: 2:28:40, Rate: 79 cps, Surface biomes: minecraft:taiga (75 chunks), minecraft:river (4 chunks), Current: -42, -122
[13Aug2026 06:51:01.338] [Server thread/INFO] [net.minecraft.server.MinecraftServer/]: [Chunky] Task running for minecraft:overworld. Processed: 64393 chunks (8.37%), ETA: 32:37:36, Rate: 6 cps, Surface biomes: minecraft:river (3 chunks), minecraft:taiga (3 chunks), Current: -43, -122
[13Aug2026 06:51:02.438] [Server thread/INFO] [net.minecraft.server.MinecraftServer/]: [Chunky] Task running for minecraft:overworld. Processed: 64447 chunks (8.38%), ETA: 4:26:55, Rate: 44 cps, Surface biomes: minecraft:taiga (27 chunks), minecraft:grove (13 chunks), minecraft:snowy_plains (4 chunks), Current: -42, -128
[13Aug2026 06:51:03.488] [Server thread/INFO] [net.minecraft.server.MinecraftServer/]: [Chunky] Task running for minecraft:overworld. Processed: 64480 chunks (8.38%), ETA: 5:01:07, Rate: 39 cps, Surface biomes: minecraft:taiga (15 chunks), minecraft:jagged_peaks (10 chunks), minecraft:snowy_plains (7 chunks), minecraft:grove (4 chunks), minecraft:deep_frozen_ocean (2 chunks), minecraft:river (1 chunks), Current: -37, -123
[13Aug2026 06:51:04.538] [Server thread/INFO] [net.minecraft.server.MinecraftServer/]: [Chunky] Task running for minecraft:overworld. Processed: 64514 chunks (8.39%), ETA: 5:17:23, Rate: 37 cps, Surface biomes: minecraft:taiga (23 chunks), minecraft:jagged_peaks (10 chunks), minecraft:grove (4 chunks), Current: -96, -128
[13Aug2026 06:51:05.688] [Server thread/INFO] [net.minecraft.server.MinecraftServer/]: [Chunky] Task running for minecraft:overworld. Processed: 64521 chunks (8.39%), ETA: 97:51:44, Rate: 2 cps, Surface biomes: minecraft:snowy_plains (2 chunks), Current: -95, -126
[13Aug2026 06:51:06.901] [Server thread/INFO] [net.minecraft.server.MinecraftServer/]: [Chunky] Task running for minecraft:overworld. Processed: 64573 chunks (8.40%), ETA: 12:13:54, Rate: 16 cps, Surface biomes: minecraft:snowy_plains (10 chunks), minecraft:taiga (6 chunks), Current: -90, -127
[13Aug2026 06:51:07.935] [Server thread/INFO] [net.minecraft.server.MinecraftServer/]: [Chunky] Task running for minecraft:overworld. Processed: 64609 chunks (8.40%), ETA: 4:15:15, Rate: 46 cps, Surface biomes: minecraft:taiga (32 chunks), minecraft:snowy_plains (12 chunks), minecraft:old_growth_spruce_taiga (2 chunks), Current: -82, -127
[13Aug2026 06:51:08.955] [Server thread/INFO] [net.minecraft.server.MinecraftServer/]: [Chunky] Task running for minecraft:overworld. Processed: 64643 chunks (8.40%), ETA: 4:46:22, Rate: 41 cps, Surface biomes: minecraft:taiga (21 chunks), minecraft:snowy_plains (19 chunks), minecraft:frozen_river (1 chunks), Current: -84, -119
[13Aug2026 06:51:09.996] [Server thread/INFO] [net.minecraft.server.MinecraftServer/]: [Chunky] Task running for minecraft:overworld. Processed: 64691 chunks (8.41%), ETA: 5:26:07, Rate: 36 cps, Surface biomes: minecraft:taiga (32 chunks), minecraft:frozen_river (2 chunks), minecraft:snowy_plains (1 chunks), minecraft:snowy_taiga (1 chunks), Current: -82, -113
[13Aug2026 06:51:12.157] [Server thread/INFO] [net.minecraft.server.MinecraftServer/]: [Chunky] Task running for minecraft:overworld. Processed: 64765 chunks (8.42%), ETA: 2:40:48, Rate: 73 cps, Surface biomes: minecraft:old_growth_spruce_taiga (39 chunks), minecraft:taiga (34 chunks), Current: -92, -111
[13Aug2026 06:51:12.799] [Server thread/WARN] [net.minecraft.server.MinecraftServer/]: Can't keep up! Is the server overloaded? Running 2161ms or 43 ticks behind
[13Aug2026 06:51:13.288] [Server thread/INFO] [net.minecraft.server.MinecraftServer/]: [Chunky] Task running for minecraft:overworld. Processed: 64833 chunks (8.43%), ETA: 2:52:37, Rate: 68 cps, Surface biomes: minecraft:old_growth_spruce_taiga (54 chunks), minecraft:meadow (12 chunks), minecraft:old_growth_pine_taiga (2 chunks), Current: -96, -104
[13Aug2026 06:51:14.315] [Server thread/INFO] [net.minecraft.server.MinecraftServer/]: [Chunky] Task running for minecraft:overworld. Processed: 64865 chunks (8.43%), ETA: 6:06:48, Rate: 32 cps, Surface biomes: minecraft:old_growth_spruce_taiga (14 chunks), minecraft:meadow (7 chunks), minecraft:plains (7 chunks), minecraft:old_growth_pine_taiga (4 chunks), Current: -92, -99
[13Aug2026 06:51:15.421] [Server thread/INFO] [net.minecraft.server.MinecraftServer/]: [Chunky] Task running for minecraft:overworld. Processed: 64929 chunks (8.44%), ETA: 5:08:51, Rate: 38 cps, Surface biomes: minecraft:meadow (19 chunks), minecraft:old_growth_spruce_taiga (17 chunks), minecraft:plains (2 chunks), Current: -84, -97
[13Aug2026 06:51:16.471] [Server thread/INFO] [net.minecraft.server.MinecraftServer/]: [Chunky] Task running for minecraft:overworld. Processed: 64965 chunks (8.45%), ETA: 3:50:07, Rate: 51 cps, Surface biomes: minecraft:old_growth_spruce_taiga (26 chunks), minecraft:meadow (25 chunks), Current: -83, -106
[13Aug2026 06:51:17.512] [Server thread/INFO] [net.minecraft.server.MinecraftServer/]: [Chunky] Task running for minecraft:overworld. Processed: 65030 chunks (8.46%), ETA: 2:38:34, Rate: 74 cps, Surface biomes: minecraft:old_growth_spruce_taiga (56 chunks), minecraft:taiga (15 chunks), minecraft:meadow (3 chunks), Current: -79, -110
[13Aug2026 06:51:19.188] [Server thread/INFO] [net.minecraft.server.MinecraftServer/]: [Chunky] Task running for minecraft:overworld. Processed: 65065 chunks (8.46%), ETA: 24:26:48, Rate: 8 cps, Surface biomes: minecraft:taiga (8 chunks), Current: -80, -108
[13Aug2026 06:51:20.288] [Server thread/INFO] [net.minecraft.server.MinecraftServer/]: [Chunky] Task running for minecraft:overworld. Processed: 65112 chunks (8.47%), ETA: 4:53:20, Rate: 40 cps, Surface biomes: minecraft:old_growth_spruce_taiga (25 chunks), minecraft:taiga (12 chunks), minecraft:meadow (3 chunks), Current: -75, -105
[13Aug2026 06:51:21.338] [Server thread/INFO] [net.minecraft.server.MinecraftServer/]: [Chunky] Task running for minecraft:overworld. Processed: 65158 chunks (8.47%), ETA: 6:18:28, Rate: 31 cps, Surface biomes: minecraft:old_growth_spruce_taiga (27 chunks), minecraft:meadow (3 chunks), minecraft:taiga (1 chunks), Current: -70, -104
[13Aug2026 06:51:22.343] [Server thread/INFO] [net.minecraft.server.MinecraftServer/]: [Chunky] Task running for minecraft:overworld. Processed: 65220 chunks (8.48%), ETA: 2:45:14, Rate: 71 cps, Surface biomes: minecraft:old_growth_spruce_taiga (45 chunks), minecraft:taiga (22 chunks), minecraft:meadow (4 chunks), Current: -65, -106
[13Aug2026 06:51:23.388] [Server thread/INFO] [net.minecraft.server.MinecraftServer/]: [Chunky] Task running for minecraft:overworld. Processed: 65270 chunks (8.49%), ETA: 4:15:01, Rate: 46 cps, Surface biomes: minecraft:taiga (45 chunks), minecraft:old_growth_spruce_taiga (1 chunks), Current: -67, -110
[13Aug2026 06:51:24.398] [Server thread/INFO] [net.minecraft.server.MinecraftServer/]: [Chunky] Task running for minecraft:overworld. Processed: 65313 chunks (8.49%), ETA: 4:32:47, Rate: 43 cps, Surface biomes: minecraft:taiga (43 chunks), Current: -69, -118
[13Aug2026 06:51:25.410] [Server thread/INFO] [net.minecraft.server.MinecraftServer/]: [Chunky] Task running for minecraft:overworld. Processed: 65379 chunks (8.50%), ETA: 2:40:40, Rate: 73 cps, Surface biomes: minecraft:taiga (73 chunks), Current: -79, -117
[13Aug2026 06:51:26.416] [Server thread/INFO] [net.minecraft.server.MinecraftServer/]: [Chunky] Task running for minecraft:overworld. Processed: 65466 chunks (8.51%), ETA: 3:22:12, Rate: 58 cps, Surface biomes: minecraft:taiga (58 chunks), Current: -76, -128
[13Aug2026 06:51:27.510] [Server thread/INFO] [net.minecraft.server.MinecraftServer/]: [Chunky] Task running for minecraft:overworld. Processed: 65529 chunks (8.52%), ETA: 4:04:18, Rate: 48 cps, Surface biomes: minecraft:snowy_taiga (19 chunks), minecraft:taiga (19 chunks), minecraft:frozen_river (9 chunks), minecraft:snowy_plains (1 chunks), Current: -68, -127
[13Aug2026 06:51:29.328] [Server thread/INFO] [net.minecraft.server.MinecraftServer/]: [Chunky] Task running for minecraft:overworld. Processed: 65537 chunks (8.52%), ETA: 3:09:08, Rate: 62 cps, Surface biomes: minecraft:taiga (36 chunks), minecraft:snowy_taiga (26 chunks), Current: -127, -128
[13Aug2026 06:51:30.854] [Server thread/INFO] [net.minecraft.server.MinecraftServer/]: [Chunky] Task running for minecraft:overworld. Processed: 65593 chunks (8.53%), ETA: 3:54:30, Rate: 50 cps, Surface biomes: minecraft:old_growth_pine_taiga (34 chunks), minecraft:plains (16 chunks), Current: -122, -127
[13Aug2026 06:51:32.304] [Server thread/INFO] [net.minecraft.server.MinecraftServer/]: [Chunky] Task running for minecraft:overworld. Processed: 65633 chunks (8.53%), ETA: 24:25:37, Rate: 8 cps, Surface biomes: minecraft:old_growth_pine_taiga (3 chunks), minecraft:plains (3 chunks), minecraft:river (2 chunks), Current: -117, -124
[13Aug2026 06:51:34.058] [Server thread/INFO] [net.minecraft.server.MinecraftServer/]: [Chunky] Task running for minecraft:overworld. Processed: 65681 chunks (8.54%), ETA: 4:04:15, Rate: 48 cps, Surface biomes: minecraft:old_growth_pine_taiga (46 chunks), minecraft:old_growth_spruce_taiga (1 chunks), minecraft:plains (1 chunks), Current: -116, -119
[13Aug2026 06:51:35.290] [Server thread/INFO] [net.minecraft.server.MinecraftServer/]: [Chunky] Task running for minecraft:overworld. Processed: 65730 chunks (8.55%), ETA: 3:59:15, Rate: 49 cps, Surface biomes: minecraft:old_growth_pine_taiga (19 chunks), minecraft:old_growth_spruce_taiga (16 chunks), minecraft:river (7 chunks), minecraft:plains (5 chunks), minecraft:meadow (2 chunks), Current: -122, -115
[13Aug2026 06:51:36.468] [Server thread/INFO] [net.minecraft.server.MinecraftServer/]: [Chunky] Task running for minecraft:overworld. Processed: 65785 chunks (8.55%), ETA: 4:04:13, Rate: 48 cps, Surface biomes: minecraft:plains (29 chunks), minecraft:river (8 chunks), minecraft:meadow (7 chunks), minecraft:old_growth_pine_taiga (4 chunks), Current: -125, -114
[13Aug2026 06:51:37.527] [Server thread/WARN] [net.minecraft.server.MinecraftServer/]: Can't keep up! Is the server overloaded? Running 9739ms or 194 ticks behind
[13Aug2026 06:51:39.638] [Server thread/INFO] [net.minecraft.server.MinecraftServer/]: [Chunky] Task running for minecraft:overworld. Processed: 65830 chunks (8.56%), ETA: 10:16:55, Rate: 19 cps, Surface biomes: minecraft:meadow (16 chunks), minecraft:plains (3 chunks), Current: -124, -106
[13Aug2026 06:51:40.730] [Server thread/INFO] [net.minecraft.server.MinecraftServer/]: [Chunky] Task running for minecraft:overworld. Processed: 65900 chunks (8.57%), ETA: 15:01:34, Rate: 13 cps, Surface biomes: minecraft:plains (9 chunks), minecraft:meadow (4 chunks), Current: -122, -103
[13Aug2026 06:51:41.961] [Server thread/INFO] [net.minecraft.server.MinecraftServer/]: [Chunky] Task running for minecraft:overworld. Processed: 65953 chunks (8.58%), ETA: 2:30:15, Rate: 78 cps, Surface biomes: minecraft:meadow (72 chunks), minecraft:plains (6 chunks), Current: -116, -100
[13Aug2026 06:51:43.206] [Server thread/INFO] [net.minecraft.server.MinecraftServer/]: [Chunky] Task running for minecraft:overworld. Processed: 65989 chunks (8.58%), ETA: 5:55:07, Rate: 33 cps, Surface biomes: minecraft:meadow (21 chunks), minecraft:plains (12 chunks), Current: -115, -107
[13Aug2026 06:51:44.348] [Server thread/INFO] [net.minecraft.server.MinecraftServer/]: [Chunky] Task running for minecraft:overworld. Processed: 66049 chunks (8.59%), ETA: 3:15:18, Rate: 60 cps, Surface biomes: minecraft:plains (29 chunks), minecraft:meadow (21 chunks), minecraft:river (5 chunks), minecraft:old_growth_pine_taiga (3 chunks), minecraft:old_growth_spruce_taiga (2 chunks), Current: -112, -112
[13Aug2026 06:51:45.665] [Server thread/INFO] [net.minecraft.server.MinecraftServer/]: [Chunky] Task running for minecraft:overworld. Processed: 66081 chunks (8.59%), ETA: 10:16:42, Rate: 19 cps, Surface biomes: minecraft:old_growth_spruce_taiga (12 chunks), minecraft:river (6 chunks), minecraft:plains (1 chunks), Current: -108, -108
[13Aug2026 06:51:46.875] [Server thread/INFO] [net.minecraft.server.MinecraftServer/]: [Chunky] Task running for minecraft:overworld. Processed: 66133 chunks (8.60%), ETA: 3:41:04, Rate: 53 cps, Surface biomes: minecraft:old_growth_spruce_taiga (20 chunks), minecraft:old_growth_pine_taiga (15 chunks), minecraft:meadow (8 chunks), minecraft:river (8 chunks), minecraft:plains (2 chunks), Current: -110, -100
[13Aug2026 06:51:48.452] [Server thread/INFO] [net.minecraft.server.MinecraftServer/]: [Chunky] Task running for minecraft:overworld. Processed: 66183 chunks (8.60%), ETA: 13:56:50, Rate: 14 cps, Surface biomes: minecraft:meadow (5 chunks), minecraft:old_growth_pine_taiga (4 chunks), minecraft:old_growth_spruce_taiga (2 chunks), minecraft:river (2 chunks), minecraft:windswept_hills (1 chunks), Current: -104, -102
[13Aug2026 06:51:49.464] [Server thread/INFO] [net.minecraft.server.MinecraftServer/]: [Chunky] Task running for minecraft:overworld. Processed: 66246 chunks (8.61%), ETA: 3:54:17, Rate: 50 cps, Surface biomes: minecraft:meadow (14 chunks), minecraft:old_growth_pine_taiga (13 chunks), minecraft:plains (11 chunks), minecraft:river (9 chunks), minecraft:windswept_hills (2 chunks), minecraft:old_growth_spruce_taiga (1 chunks), Current: -98, -103
[13Aug2026 06:51:50.488] [Server thread/INFO] [net.minecraft.server.MinecraftServer/]: [Chunky] Task running for minecraft:overworld. Processed: 66289 chunks (8.62%), ETA: 5:08:15, Rate: 38 cps, Surface biomes: minecraft:meadow (20 chunks), minecraft:old_growth_pine_taiga (18 chunks), Current: -100, -109
[13Aug2026 06:51:51.538] [Server thread/INFO] [net.minecraft.server.MinecraftServer/]: [Chunky] Task running for minecraft:overworld. Processed: 66349 chunks (8.63%), ETA: 5:34:39, Rate: 35 cps, Surface biomes: minecraft:old_growth_pine_taiga (16 chunks), minecraft:old_growth_spruce_taiga (13 chunks), minecraft:meadow (6 chunks), Current: -104, -119
[13Aug2026 06:51:52.588] [Server thread/INFO] [net.minecraft.server.MinecraftServer/]: [Chunky] Task running for minecraft:overworld. Processed: 66398 chunks (8.63%), ETA: 2:52:14, Rate: 68 cps, Surface biomes: minecraft:old_growth_spruce_taiga (68 chunks), Current: -110, -116
[13Aug2026 06:51:53.638] [Server thread/INFO] [net.minecraft.server.MinecraftServer/]: [Chunky] Task running for minecraft:overworld. Processed: 66450 chunks (8.64%), ETA: 3:59:00, Rate: 49 cps, Surface biomes: minecraft:old_growth_spruce_taiga (49 chunks), Current: -108, -124
[13Aug2026 06:51:54.688] [Server thread/INFO] [net.minecraft.server.MinecraftServer/]: [Chunky] Task running for minecraft:overworld. Processed: 66506 chunks (8.65%), ETA: 5:44:25, Rate: 34 cps, Surface biomes: minecraft:old_growth_spruce_taiga (34 chunks), Current: -103, -126
[13Aug2026 06:51:55.689] [Server thread/INFO] [net.minecraft.server.MinecraftServer/]: [Chunky] Task running for minecraft:overworld. Processed: 66567 chunks (8.65%), ETA: 2:49:42, Rate: 69 cps, Surface biomes: minecraft:old_growth_spruce_taiga (28 chunks), minecraft:snowy_plains (20 chunks), minecraft:plains (16 chunks), minecraft:river (5 chunks), Current: -128, -95
[13Aug2026 06:51:56.731] [Server thread/INFO] [net.minecraft.server.MinecraftServer/]: [Chunky] Task running for minecraft:overworld. Processed: 66596 chunks (8.66%), ETA: 3:29:05, Rate: 56 cps, Surface biomes: minecraft:snowy_plains (14 chunks), minecraft:old_growth_spruce_taiga (13 chunks), minecraft:plains (12 chunks), minecraft:meadow (9 chunks), minecraft:taiga (8 chunks), Current: -123, -91
[13Aug2026 06:51:57.917] [Server thread/INFO] [net.minecraft.server.MinecraftServer/]: [Chunky] Task running for minecraft:overworld. Processed: 66640 chunks (8.66%), ETA: 3:49:34, Rate: 51 cps, Surface biomes: minecraft:meadow (44 chunks), minecraft:plains (7 chunks), Current: -118, -93
[13Aug2026 06:51:57.935] [Server thread/WARN] [net.minecraft.server.MinecraftServer/]: Can't keep up! Is the server overloaded? Running 2296ms or 45 ticks behind
[13Aug2026 06:51:58.938] [Server thread/INFO] [net.minecraft.server.MinecraftServer/]: [Chunky] Task running for minecraft:overworld. Processed: 66689 chunks (8.67%), ETA: 3:29:03, Rate: 56 cps, Surface biomes: minecraft:plains (29 chunks), minecraft:meadow (21 chunks), minecraft:old_growth_pine_taiga (6 chunks), Current: -120, -88
[13Aug2026 06:52:00.495] [Server thread/INFO] [net.minecraft.server.MinecraftServer/]: [Chunky] Task running for minecraft:overworld. Processed: 66733 chunks (8.68%), ETA: 6:58:05, Rate: 28 cps, Surface biomes: minecraft:meadow (19 chunks), minecraft:river (3 chunks), minecraft:windswept_hills (3 chunks), minecraft:old_growth_pine_taiga (1 chunks), minecraft:old_growth_spruce_taiga (1 chunks), minecraft:plains (1 chunks), Current: -117, -84
[13Aug2026 06:52:01.627] [Server thread/INFO] [net.minecraft.server.MinecraftServer/]: [Chunky] Task running for minecraft:overworld. Processed: 66795 chunks (8.68%), ETA: 3:45:06, Rate: 52 cps, Surface biomes: minecraft:meadow (20 chunks), minecraft:old_growth_pine_taiga (20 chunks), minecraft:river (8 chunks), minecraft:plains (2 chunks), minecraft:deep_cold_ocean (1 chunks), minecraft:windswept_hills (1 chunks), Current: -126, -84
[13Aug2026 06:52:02.871] [Server thread/INFO] [net.minecraft.server.MinecraftServer/]: [Chunky] Task running for minecraft:overworld. Processed: 66845 chunks (8.69%), ETA: 5:34:25, Rate: 35 cps, Surface biomes: minecraft:deep_cold_ocean (17 chunks), minecraft:meadow (7 chunks), minecraft:old_growth_pine_taiga (7 chunks), minecraft:plains (4 chunks), Current: -123, -77
[13Aug2026 06:52:03.998] [Server thread/INFO] [net.minecraft.server.MinecraftServer/]: [Chunky] Task running for minecraft:overworld. Processed: 66891 chunks (8.70%), ETA: 6:43:35, Rate: 29 cps, Surface biomes: minecraft:deep_cold_ocean (26 chunks), minecraft:plains (2 chunks), minecraft:old_growth_pine_taiga (1 chunks), Current: -127, -70
[13Aug2026 06:52:05.012] [Server thread/INFO] [net.minecraft.server.MinecraftServer/]: [Chunky] Task running for minecraft:overworld. Processed: 66920 chunks (8.70%), ETA: 7:13:27, Rate: 27 cps, Surface biomes: minecraft:deep_cold_ocean (27 chunks), Current: -123, -66
[13Aug2026 06:52:07.088] [Server thread/INFO] [net.minecraft.server.MinecraftServer/]: [Chunky] Task running for minecraft:overworld. Processed: 66945 chunks (8.70%), ETA: 7:48:07, Rate: 25 cps, Surface biomes: minecraft:deep_cold_ocean (25 chunks), Current: -119, -69
[13Aug2026 06:52:08.140] [Server thread/INFO] [net.minecraft.server.MinecraftServer/]: [Chunky] Task running for minecraft:overworld. Processed: 66965 chunks (8.71%), ETA: 9:45:08, Rate: 20 cps, Surface biomes: minecraft:deep_cold_ocean (20 chunks), Current: -118, -66
[13Aug2026 06:52:09.141] [Server thread/INFO] [net.minecraft.server.MinecraftServer/]: [Chunky] Task running for minecraft:overworld. Processed: 67023 chunks (8.71%), ETA: 3:58:48, Rate: 49 cps, Surface biomes: minecraft:deep_cold_ocean (37 chunks), minecraft:river (5 chunks), minecraft:old_growth_pine_taiga (4 chunks), minecraft:plains (3 chunks), Current: -115, -76
[13Aug2026 06:52:10.188] [Server thread/INFO] [net.minecraft.server.MinecraftServer/]: [Chunky] Task running for minecraft:overworld. Processed: 67050 chunks (8.72%), ETA: 5:34:19, Rate: 35 cps, Surface biomes: minecraft:deep_cold_ocean (20 chunks), minecraft:plains (7 chunks), minecraft:old_growth_pine_taiga (6 chunks), minecraft:river (2 chunks), Current: -118, -78
[13Aug2026 06:52:11.310] [Server thread/INFO] [net.minecraft.server.MinecraftServer/]: [Chunky] Task running for minecraft:overworld. Processed: 67081 chunks (8.72%), ETA: 6:17:26, Rate: 31 cps, Surface biomes: minecraft:river (13 chunks), minecraft:old_growth_pine_taiga (8 chunks), minecraft:plains (7 chunks), minecraft:deep_cold_ocean (2 chunks), minecraft:old_growth_spruce_taiga (1 chunks), Current: -110, -80
[13Aug2026 06:52:13.213] [Server thread/INFO] [net.minecraft.server.MinecraftServer/]: [Chunky] Task running for minecraft:overworld. Processed: 67105 chunks (8.72%), ETA: 7:48:00, Rate: 25 cps, Surface biomes: minecraft:river (15 chunks), minecraft:old_growth_spruce_taiga (3 chunks), minecraft:plains (3 chunks), minecraft:old_growth_pine_taiga (2 chunks), minecraft:deep_cold_ocean (1 chunks), minecraft:meadow (1 chunks), Current: -111, -76
[13Aug2026 06:52:14.782] [Server thread/INFO] [net.minecraft.server.MinecraftServer/]: [Chunky] Task running for minecraft:overworld. Processed: 67152 chunks (8.73%), ETA: 4:08:55, Rate: 47 cps, Surface biomes: minecraft:river (22 chunks), minecraft:plains (16 chunks), minecraft:old_growth_pine_taiga (5 chunks), minecraft:deep_cold_ocean (2 chunks), minecraft:old_growth_spruce_taiga (2 chunks), Current: -112, -69
[13Aug2026 06:52:17.330] [Server thread/INFO] [net.minecraft.server.MinecraftServer/]: [Chunky] Task running for minecraft:overworld. Processed: 67202 chunks (8.74%), ETA: 3:58:45, Rate: 49 cps, Surface biomes: minecraft:river (19 chunks), minecraft:plains (18 chunks), minecraft:old_growth_spruce_taiga (6 chunks), minecraft:old_growth_pine_taiga (4 chunks), minecraft:deep_cold_ocean (2 chunks), Current: -104, -71
[13Aug2026 06:52:17.995] [Server thread/WARN] [net.minecraft.server.MinecraftServer/]: Can't keep up! Is the server overloaded? Running 5107ms or 102 ticks behind
[13Aug2026 06:52:18.416] [Server thread/INFO] [net.minecraft.server.MinecraftServer/]: [Chunky] Task running for minecraft:overworld. Processed: 67297 chunks (8.75%), ETA: 2:24:24, Rate: 81 cps, Surface biomes: minecraft:river (41 chunks), minecraft:plains (28 chunks), minecraft:meadow (8 chunks), minecraft:old_growth_pine_taiga (2 chunks), minecraft:deep_cold_ocean (1 chunks), minecraft:windswept_hills (1 chunks), Current: -104, -77
[13Aug2026 06:52:19.588] [Server thread/INFO] [net.minecraft.server.MinecraftServer/]: [Chunky] Task running for minecraft:overworld. Processed: 67335 chunks (8.75%), ETA: 3:44:56, Rate: 52 cps, Surface biomes: minecraft:meadow (23 chunks), minecraft:river (13 chunks), minecraft:plains (6 chunks), minecraft:old_growth_pine_taiga (5 chunks), minecraft:windswept_hills (3 chunks), minecraft:old_growth_spruce_taiga (2 chunks), Current: -99, -84
[13Aug2026 06:52:20.598] [Server thread/INFO] [net.minecraft.server.MinecraftServer/]: [Chunky] Task running for minecraft:overworld. Processed: 67437 chunks (8.77%), ETA: 3:21:38, Rate: 58 cps, Surface biomes: minecraft:meadow (38 chunks), minecraft:plains (18 chunks), minecraft:old_growth_pine_taiga (2 chunks), Current: -106, -85
[13Aug2026 06:52:21.638] [Server thread/INFO] [net.minecraft.server.MinecraftServer/]: [Chunky] Task running for minecraft:overworld. Processed: 67463 chunks (8.77%), ETA: 4:03:38, Rate: 48 cps, Surface biomes: minecraft:meadow (24 chunks), minecraft:river (8 chunks), minecraft:old_growth_spruce_taiga (7 chunks), minecraft:plains (5 chunks), minecraft:windswept_hills (3 chunks), minecraft:old_growth_pine_taiga (1 chunks), Current: -109, -88
[13Aug2026 06:52:22.688] [Server thread/INFO] [net.minecraft.server.MinecraftServer/]: [Chunky] Task running for minecraft:overworld. Processed: 67512 chunks (8.78%), ETA: 4:52:20, Rate: 40 cps, Surface biomes: minecraft:meadow (29 chunks), minecraft:old_growth_spruce_taiga (4 chunks), minecraft:old_growth_pine_taiga (3 chunks), minecraft:windswept_hills (2 chunks), minecraft:plains (1 chunks), minecraft:river (1 chunks), Current: -107, -94
[13Aug2026 06:52:23.738] [Server thread/INFO] [net.minecraft.server.MinecraftServer/]: [Chunky] Task running for minecraft:overworld. Processed: 67581 chunks (8.79%), ETA: 2:51:56, Rate: 68 cps, Surface biomes: minecraft:meadow (49 chunks), minecraft:plains (17 chunks), minecraft:old_growth_pine_taiga (2 chunks), Current: -97, -95
[13Aug2026 06:52:25.138] [Server thread/INFO] [net.minecraft.server.MinecraftServer/]: [Chunky] Task running for minecraft:overworld. Processed: 67591 chunks (8.79%), ETA: 32:28:43, Rate: 6 cps, Surface biomes: minecraft:deep_cold_ocean (6 chunks), Current: -127, -62
[13Aug2026 06:52:26.440] [Server thread/INFO] [net.minecraft.server.MinecraftServer/]: [Chunky] Task running for minecraft:overworld. Processed: 67648 chunks (8.80%), ETA: 3:25:06, Rate: 57 cps, Surface biomes: minecraft:deep_cold_ocean (57 chunks), Current: -121, -64
[13Aug2026 06:52:27.490] [Server thread/INFO] [net.minecraft.server.MinecraftServer/]: [Chunky] Task running for minecraft:overworld. Processed: 67695 chunks (8.80%), ETA: 48:42:38, Rate: 4 cps, Surface biomes: minecraft:deep_cold_ocean (4 chunks), Current: -119, -60
[13Aug2026 06:52:29.578] [Server thread/INFO] [net.minecraft.server.MinecraftServer/]: [Chunky] Task running for minecraft:overworld. Processed: 67746 chunks (8.81%), ETA: 5:54:14, Rate: 33 cps, Surface biomes: minecraft:deep_cold_ocean (33 chunks), Current: -117, -52
[13Aug2026 06:52:30.755] [Server thread/INFO] [net.minecraft.server.MinecraftServer/]: [Chunky] Task running for minecraft:overworld. Processed: 67809 chunks (8.82%), ETA: 3:05:32, Rate: 63 cps, Surface biomes: minecraft:deep_cold_ocean (63 chunks), Current: -125, -53
[13Aug2026 06:52:32.988] [Server thread/INFO] [net.minecraft.server.MinecraftServer/]: [Chunky] Task running for minecraft:overworld. Processed: 67857 chunks (8.82%), ETA: 4:03:29, Rate: 48 cps, Surface biomes: minecraft:deep_cold_ocean (48 chunks), Current: -124, -47
[13Aug2026 06:52:34.138] [Server thread/INFO] [net.minecraft.server.MinecraftServer/]: [Chunky] Task running for minecraft:overworld. Processed: 67917 chunks (8.83%), ETA: 3:18:04, Rate: 59 cps, Surface biomes: minecraft:deep_cold_ocean (59 chunks), Current: -126, -37
[13Aug2026 06:52:35.238] [Server thread/INFO] [net.minecraft.server.MinecraftServer/]: [Chunky] Task running for minecraft:overworld. Processed: 67944 chunks (8.83%), ETA: 11:27:26, Rate: 17 cps, Surface biomes: minecraft:deep_cold_ocean (17 chunks), Current: -121, -40
[13Aug2026 06:52:36.288] [Server thread/INFO] [net.minecraft.server.MinecraftServer/]: [Chunky] Task running for minecraft:overworld. Processed: 67975 chunks (8.84%), ETA: 4:45:01, Rate: 41 cps, Surface biomes: minecraft:deep_cold_ocean (41 chunks), Current: -118, -40
[13Aug2026 06:52:37.388] [Server thread/INFO] [net.minecraft.server.MinecraftServer/]: [Chunky] Task running for minecraft:overworld. Processed: 68021 chunks (8.84%), ETA: 5:54:05, Rate: 33 cps, Surface biomes: minecraft:deep_cold_ocean (33 chunks), Current: -114, -33
[13Aug2026 06:52:38.438] [Server thread/INFO] [net.minecraft.server.MinecraftServer/]: [Chunky] Task running for minecraft:overworld. Processed: 68067 chunks (8.85%), ETA: 4:03:25, Rate: 48 cps, Surface biomes: minecraft:deep_cold_ocean (48 chunks), Current: -113, -41
[13Aug2026 06:52:39.588] [Server thread/INFO] [net.minecraft.server.MinecraftServer/]: [Chunky] Task running for minecraft:overworld. Processed: 68110 chunks (8.86%), ETA: 3:49:05, Rate: 51 cps, Surface biomes: minecraft:deep_cold_ocean (51 chunks), Current: -110, -48
[13Aug2026 06:52:41.373] [Server thread/INFO] [net.minecraft.server.MinecraftServer/]: [Chunky] Task running for minecraft:overworld. Processed: 68179 chunks (8.86%), ETA: 3:21:25, Rate: 58 cps, Surface biomes: minecraft:deep_cold_ocean (58 chunks), Current: -111, -34
[13Aug2026 06:52:42.469] [Server thread/INFO] [net.minecraft.server.MinecraftServer/]: [Chunky] Task running for minecraft:overworld. Processed: 68288 chunks (8.88%), ETA: 3:53:36, Rate: 50 cps, Surface biomes: minecraft:deep_cold_ocean (50 chunks), Current: -97, -40
[13Aug2026 06:52:43.022] [Server thread/WARN] [net.minecraft.server.MinecraftServer/]: Can't keep up! Is the server overloaded? Running 2034ms or 40 ticks behind
[13Aug2026 06:52:43.838] [Server thread/INFO] [net.minecraft.server.MinecraftServer/]: [Chunky] Task running for minecraft:overworld. Processed: 68354 chunks (8.89%), ETA: 1:34:11, Rate: 124 cps, Surface biomes: minecraft:deep_cold_ocean (124 chunks), Current: -98, -50
[13Aug2026 06:52:44.864] [Server thread/INFO] [net.minecraft.server.MinecraftServer/]: [Chunky] Task running for minecraft:overworld. Processed: 68425 chunks (8.90%), ETA: 6:16:43, Rate: 31 cps, Surface biomes: minecraft:river (20 chunks), minecraft:deep_cold_ocean (9 chunks), minecraft:plains (2 chunks), Current: -107, -52
[13Aug2026 06:52:45.888] [Server thread/INFO] [net.minecraft.server.MinecraftServer/]: [Chunky] Task running for minecraft:overworld. Processed: 68458 chunks (8.90%), ETA: 2:59:39, Rate: 65 cps, Surface biomes: minecraft:deep_cold_ocean (58 chunks), minecraft:river (7 chunks), Current: -108, -54
[13Aug2026 06:52:46.938] [Server thread/INFO] [net.minecraft.server.MinecraftServer/]: [Chunky] Task running for minecraft:overworld. Processed: 68506 chunks (8.91%), ETA: 17:41:33, Rate: 11 cps, Surface biomes: minecraft:deep_cold_ocean (11 chunks), Current: -105, -58
[13Aug2026 06:52:47.988] [Server thread/INFO] [net.minecraft.server.MinecraftServer/]: [Chunky] Task running for minecraft:overworld. Processed: 68553 chunks (8.91%), ETA: 3:58:17, Rate: 49 cps, Surface biomes: minecraft:deep_cold_ocean (46 chunks), minecraft:river (2 chunks), minecraft:plains (1 chunks), Current: -101, -62
[13Aug2026 06:52:49.088] [Server thread/INFO] [net.minecraft.server.MinecraftServer/]: [Chunky] Task running for minecraft:overworld. Processed: 68589 chunks (8.92%), ETA: 5:43:24, Rate: 34 cps, Surface biomes: minecraft:river (29 chunks), minecraft:plains (3 chunks), minecraft:deep_cold_ocean (2 chunks), Current: -98, -59
[13Aug2026 06:52:50.138] [Server thread/INFO] [net.minecraft.server.MinecraftServer/]: [Chunky] Task running for minecraft:overworld. Processed: 68634 chunks (8.92%), ETA: 4:31:30, Rate: 43 cps, Surface biomes: minecraft:deep_cold_ocean (23 chunks), minecraft:river (11 chunks), minecraft:plains (9 chunks), Current: -126, -27
[13Aug2026 06:52:51.360] [Server thread/INFO] [net.minecraft.server.MinecraftServer/]: [Chunky] Task running for minecraft:overworld. Processed: 68693 chunks (8.93%), ETA: 3:11:22, Rate: 61 cps, Surface biomes: minecraft:deep_cold_ocean (61 chunks), Current: -114, -32
[13Aug2026 06:52:52.375] [Server thread/INFO] [net.minecraft.server.MinecraftServer/]: [Chunky] Task running for minecraft:overworld. Processed: 68746 chunks (8.94%), ETA: 3:58:13, Rate: 49 cps, Surface biomes: minecraft:deep_cold_ocean (49 chunks), Current: -119, -22
[13Aug2026 06:52:53.514] [Server thread/INFO] [net.minecraft.server.MinecraftServer/]: [Chunky] Task running for minecraft:overworld. Processed: 68794 chunks (8.94%), ETA: 6:42:29, Rate: 29 cps, Surface biomes: minecraft:deep_cold_ocean (29 chunks), Current: -113, -17
[13Aug2026 06:52:54.552] [Server thread/INFO] [net.minecraft.server.MinecraftServer/]: [Chunky] Task running for minecraft:overworld. Processed: 68851 chunks (8.95%), ETA: 3:08:14, Rate: 62 cps, Surface biomes: minecraft:deep_cold_ocean (62 chunks), Current: -127, -21
[13Aug2026 06:52:55.572] [Server thread/INFO] [net.minecraft.server.MinecraftServer/]: [Chunky] Task running for minecraft:overworld. Processed: 68885 chunks (8.96%), ETA: 4:25:14, Rate: 44 cps, Surface biomes: minecraft:deep_cold_ocean (44 chunks), Current: -123, -16
[13Aug2026 06:52:57.409] [Server thread/INFO] [net.minecraft.server.MinecraftServer/]: [Chunky] Task running for minecraft:overworld. Processed: 68931 chunks (8.96%), ETA: 3:36:06, Rate: 54 cps, Surface biomes: minecraft:deep_cold_ocean (54 chunks), Current: -126, -8
[13Aug2026 06:52:58.662] [Server thread/INFO] [net.minecraft.server.MinecraftServer/]: [Chunky] Task running for minecraft:overworld. Processed: 69009 chunks (8.97%), ETA: 3:08:12, Rate: 62 cps, Surface biomes: minecraft:deep_cold_ocean (62 chunks), Current: -119, -4
[13Aug2026 06:53:00.025] [Server thread/INFO] [net.minecraft.server.MinecraftServer/]: [Chunky] Task running for minecraft:overworld. Processed: 69049 chunks (8.98%), ETA: 12:57:52, Rate: 15 cps, Surface biomes: minecraft:deep_cold_ocean (15 chunks), Current: -115, -7
[13Aug2026 06:53:01.395] [Server thread/INFO] [net.minecraft.server.MinecraftServer/]: [Chunky] Task running for minecraft:overworld. Processed: 69139 chunks (8.99%), ETA: 2:09:37, Rate: 90 cps, Surface biomes: minecraft:deep_cold_ocean (90 chunks), Current: -107, -15
[13Aug2026 06:53:02.426] [Server thread/INFO] [net.minecraft.server.MinecraftServer/]: [Chunky] Task running for minecraft:overworld. Processed: 69189 chunks (9.00%), ETA: 7:46:37, Rate: 25 cps, Surface biomes: minecraft:deep_cold_ocean (25 chunks), Current: -110, -8
[13Aug2026 06:53:02.532] [Server thread/WARN] [net.minecraft.server.MinecraftServer/]: Can't keep up! Is the server overloaded? Running 4543ms or 90 ticks behind
[13Aug2026 06:53:03.488] [Server thread/INFO] [net.minecraft.server.MinecraftServer/]: [Chunky] Task running for minecraft:overworld. Processed: 69201 chunks (9.00%), ETA: 5:15:16, Rate: 37 cps, Surface biomes: minecraft:deep_cold_ocean (37 chunks), Current: -112, -3
[13Aug2026 06:53:04.538] [Server thread/INFO] [net.minecraft.server.MinecraftServer/]: [Chunky] Task running for minecraft:overworld. Processed: 69233 chunks (9.00%), ETA: 14:57:18, Rate: 13 cps, Surface biomes: minecraft:deep_cold_ocean (13 chunks), Current: -107, -3
[13Aug2026 06:53:05.539] [Server thread/INFO] [net.minecraft.server.MinecraftServer/]: [Chunky] Task running for minecraft:overworld. Processed: 69291 chunks (9.01%), ETA: 3:48:42, Rate: 51 cps, Surface biomes: minecraft:deep_cold_ocean (51 chunks), Current: -97, -1
[13Aug2026 06:53:06.588] [Server thread/INFO] [net.minecraft.server.MinecraftServer/]: [Chunky] Task running for minecraft:overworld. Processed: 69343 chunks (9.02%), ETA: 3:44:17, Rate: 52 cps, Surface biomes: minecraft:deep_cold_ocean (52 chunks), Current: -103, -11
[13Aug2026 06:53:07.638] [Server thread/INFO] [net.minecraft.server.MinecraftServer/]: [Chunky] Task running for minecraft:overworld. Processed: 69386 chunks (9.02%), ETA: 3:40:02, Rate: 53 cps, Surface biomes: minecraft:deep_cold_ocean (53 chunks), Current: -99, -19
[13Aug2026 06:53:08.688] [Server thread/INFO] [net.minecraft.server.MinecraftServer/]: [Chunky] Task running for minecraft:overworld. Processed: 69447 chunks (9.03%), ETA: 5:06:52, Rate: 38 cps, Surface biomes: minecraft:deep_cold_ocean (38 chunks), Current: -105, -20
[13Aug2026 06:53:09.689] [Server thread/INFO] [net.minecraft.server.MinecraftServer/]: [Chunky] Task running for minecraft:overworld. Processed: 69496 chunks (9.04%), ETA: 3:24:34, Rate: 57 cps, Surface biomes: minecraft:deep_cold_ocean (57 chunks), Current: -107, -22
[13Aug2026 06:53:10.726] [Server thread/INFO] [net.minecraft.server.MinecraftServer/]: [Chunky] Task running for minecraft:overworld. Processed: 69637 chunks (9.05%), ETA: 2:56:38, Rate: 66 cps, Surface biomes: minecraft:deep_cold_ocean (66 chunks), Current: -126, 0
[13Aug2026 06:53:12.182] [Server thread/INFO] [net.minecraft.server.MinecraftServer/]: [Chunky] Task running for minecraft:overworld. Processed: 69638 chunks (9.05%), ETA: 1:48:57, Rate: 107 cps, Surface biomes: minecraft:deep_cold_ocean (107 chunks), Current: -125, 0
[13Aug2026 06:53:13.186] [Server thread/INFO] [net.minecraft.server.MinecraftServer/]: [Chunky] Task running for minecraft:overworld. Processed: 69733 chunks (9.07%), ETA: 2:25:42, Rate: 80 cps, Surface biomes: minecraft:deep_cold_ocean (80 chunks), Current: -115, 5
[13Aug2026 06:53:14.312] [Server thread/INFO] [net.minecraft.server.MinecraftServer/]: [Chunky] Task running for minecraft:overworld. Processed: 69760 chunks (9.07%), ETA: 4:37:31, Rate: 42 cps, Surface biomes: minecraft:deep_cold_ocean (42 chunks), Current: -120, 10
[13Aug2026 06:53:15.700] [Server thread/INFO] [net.minecraft.server.MinecraftServer/]: [Chunky] Task running for minecraft:overworld. Processed: 69813 chunks (9.08%), ETA: 3:39:54, Rate: 53 cps, Surface biomes: minecraft:deep_cold_ocean (53 chunks), Current: -121, 10
[13Aug2026 06:53:17.984] [Server thread/INFO] [net.minecraft.server.MinecraftServer/]: [Chunky] Task running for minecraft:overworld. Processed: 69881 chunks (9.09%), ETA: 12:08:23, Rate: 16 cps, Surface biomes: minecraft:deep_cold_ocean (16 chunks), Current: -125, 14
[13Aug2026 06:53:19.389] [Server thread/INFO] [net.minecraft.server.MinecraftServer/]: [Chunky] Task running for minecraft:overworld. Processed: 69934 chunks (9.09%), ETA: 4:31:00, Rate: 43 cps, Surface biomes: minecraft:deep_cold_ocean (43 chunks), Current: -122, 22
[13Aug2026 06:53:19.872] [Server thread/WARN] [net.minecraft.server.MinecraftServer/]: Can't keep up! Is the server overloaded? Running 2384ms or 47 ticks behind
[13Aug2026 06:53:20.438] [Server thread/INFO] [net.minecraft.server.MinecraftServer/]: [Chunky] Task running for minecraft:overworld. Processed: 69970 chunks (9.10%), ETA: 6:28:25, Rate: 30 cps, Surface biomes: minecraft:deep_cold_ocean (30 chunks), Current: -127, 28
[13Aug2026 06:53:21.488] [Server thread/INFO] [net.minecraft.server.MinecraftServer/]: [Chunky] Task running for minecraft:overworld. Processed: 69985 chunks (9.10%), ETA: 17:39:18, Rate: 11 cps, Surface biomes: minecraft:deep_cold_ocean (11 chunks), Current: -126, 31
[13Aug2026 06:53:22.538] [Server thread/INFO] [net.minecraft.server.MinecraftServer/]: [Chunky] Task running for minecraft:overworld. Processed: 70018 chunks (9.10%), ETA: 6:56:08, Rate: 28 cps, Surface biomes: minecraft:deep_cold_ocean (28 chunks), Current: -120, 25
[13Aug2026 06:53:23.588] [Server thread/INFO] [net.minecraft.server.MinecraftServer/]: [Chunky] Task running for minecraft:overworld. Processed: 70054 chunks (9.11%), ETA: 6:15:50, Rate: 31 cps, Surface biomes: minecraft:deep_cold_ocean (31 chunks), Current: -115, 30
[13Aug2026 06:53:24.589] [Server thread/INFO] [net.minecraft.server.MinecraftServer/]: [Chunky] Task running for minecraft:overworld. Processed: 70119 chunks (9.12%), ETA: 2:46:25, Rate: 70 cps, Surface biomes: minecraft:deep_cold_ocean (70 chunks), Current: -119, 18
[13Aug2026 06:53:25.601] [Server thread/INFO] [net.minecraft.server.MinecraftServer/]: [Chunky] Task running for minecraft:overworld. Processed: 70168 chunks (9.12%), ETA: 5:42:37, Rate: 34 cps, Surface biomes: minecraft:deep_cold_ocean (34 chunks), Current: -106, 16
[13Aug2026 06:53:27.662] [Server thread/INFO] [net.minecraft.server.MinecraftServer/]: [Chunky] Task running for minecraft:overworld. Processed: 70241 chunks (9.13%), ETA: 4:37:20, Rate: 42 cps, Surface biomes: minecraft:deep_cold_ocean (42 chunks), Current: -108, 25
[13Aug2026 06:53:28.806] [Server thread/INFO] [net.minecraft.server.MinecraftServer/]: [Chunky] Task running for minecraft:overworld. Processed: 70343 chunks (9.15%), ETA: 3:07:50, Rate: 62 cps, Surface biomes: minecraft:deep_cold_ocean (62 chunks), Current: -99, 23
[13Aug2026 06:53:29.880] [Server thread/INFO] [net.minecraft.server.MinecraftServer/]: [Chunky] Task running for minecraft:overworld. Processed: 70402 chunks (9.15%), ETA: 3:27:57, Rate: 56 cps, Surface biomes: minecraft:deep_cold_ocean (56 chunks), Current: -97, 14
[13Aug2026 06:53:31.143] [Server thread/INFO] [net.minecraft.server.MinecraftServer/]: [Chunky] Task running for minecraft:overworld. Processed: 70463 chunks (9.16%), ETA: 4:07:45, Rate: 47 cps, Surface biomes: minecraft:deep_cold_ocean (47 chunks), Current: -103, 14
[13Aug2026 06:53:32.188] [Server thread/INFO] [net.minecraft.server.MinecraftServer/]: [Chunky] Task running for minecraft:overworld. Processed: 70497 chunks (9.17%), ETA: 5:42:28, Rate: 34 cps, Surface biomes: minecraft:deep_cold_ocean (34 chunks), Current: -110, 13
[13Aug2026 06:53:33.189] [Server thread/INFO] [net.minecraft.server.MinecraftServer/]: [Chunky] Task running for minecraft:overworld. Processed: 70545 chunks (9.17%), ETA: 5:14:40, Rate: 37 cps, Surface biomes: minecraft:deep_cold_ocean (37 chunks), Current: -108, 7
[13Aug2026 06:53:34.202] [Server thread/INFO] [net.minecraft.server.MinecraftServer/]: [Chunky] Task running for minecraft:overworld. Processed: 70619 chunks (9.18%), ETA: 2:53:45, Rate: 67 cps, Surface biomes: minecraft:deep_cold_ocean (67 chunks), Current: -102, 6
[13Aug2026 06:53:35.238] [Server thread/INFO] [net.minecraft.server.MinecraftServer/]: [Chunky] Task running for minecraft:overworld. Processed: 70653 chunks (9.19%), ETA: 4:02:31, Rate: 48 cps, Surface biomes: minecraft:deep_cold_ocean (48 chunks), Current: -98, 1
[13Aug2026 06:53:36.243] [Server thread/INFO] [net.minecraft.server.MinecraftServer/]: [Chunky] Task running for minecraft:overworld. Processed: 70683 chunks (9.19%), ETA: 8:26:07, Rate: 23 cps, Surface biomes: minecraft:deep_cold_ocean (23 chunks), Current: -128, 38
[13Aug2026 06:53:37.246] [Server thread/INFO] [net.minecraft.server.MinecraftServer/]: [Chunky] Task running for minecraft:overworld. Processed: 70728 chunks (9.20%), ETA: 3:31:38, Rate: 55 cps, Surface biomes: minecraft:deep_cold_ocean (55 chunks), Current: -118, 32
[13Aug2026 06:53:38.426] [Server thread/INFO] [net.minecraft.server.MinecraftServer/]: [Chunky] Task running for minecraft:overworld. Processed: 70785 chunks (9.20%), ETA: 3:20:40, Rate: 58 cps, Surface biomes: minecraft:deep_cold_ocean (58 chunks), Current: -116, 40
[13Aug2026 06:53:39.439] [Server thread/INFO] [net.minecraft.server.MinecraftServer/]: [Chunky] Task running for minecraft:overworld. Processed: 70834 chunks (9.21%), ETA: 4:58:25, Rate: 39 cps, Surface biomes: minecraft:deep_cold_ocean (39 chunks), Current: -113, 45
[13Aug2026 06:53:40.450] [Server thread/INFO] [net.minecraft.server.MinecraftServer/]: [Chunky] Task running for minecraft:overworld. Processed: 70899 chunks (9.22%), ETA: 3:24:09, Rate: 57 cps, Surface biomes: minecraft:deep_cold_ocean (57 chunks), Current: -127, 44
[13Aug2026 06:53:41.705] [Server thread/INFO] [net.minecraft.server.MinecraftServer/]: [Chunky] Task running for minecraft:overworld. Processed: 70952 chunks (9.22%), ETA: 4:58:21, Rate: 39 cps, Surface biomes: minecraft:deep_cold_ocean (39 chunks), Current: -122, 53
[13Aug2026 06:53:42.779] [Server thread/INFO] [net.minecraft.server.MinecraftServer/]: [Chunky] Task running for minecraft:overworld. Processed: 70994 chunks (9.23%), ETA: 5:32:26, Rate: 35 cps, Surface biomes: minecraft:deep_cold_ocean (35 chunks), Current: -127, 60
[13Aug2026 06:53:42.780] [Server thread/WARN] [net.minecraft.server.MinecraftServer/]: Can't keep up! Is the server overloaded? Running 2092ms or 41 ticks behind
[13Aug2026 06:53:43.812] [Server thread/INFO] [net.minecraft.server.MinecraftServer/]: [Chunky] Task running for minecraft:overworld. Processed: 71038 chunks (9.24%), ETA: 4:07:33, Rate: 47 cps, Surface biomes: minecraft:deep_cold_ocean (47 chunks), Current: -122, 57
[13Aug2026 06:53:44.832] [Server thread/INFO] [net.minecraft.server.MinecraftServer/]: [Chunky] Task running for minecraft:overworld. Processed: 71069 chunks (9.24%), ETA: 4:58:18, Rate: 39 cps, Surface biomes: minecraft:deep_cold_ocean (39 chunks), Current: -117, 60
[13Aug2026 06:53:45.840] [Server thread/INFO] [net.minecraft.server.MinecraftServer/]: [Chunky] Task running for minecraft:overworld. Processed: 71103 chunks (9.24%), ETA: 4:36:59, Rate: 42 cps, Surface biomes: minecraft:deep_cold_ocean (42 chunks), Current: -116, 55
[13Aug2026 06:53:47.146] [Server thread/INFO] [net.minecraft.server.MinecraftServer/]: [Chunky] Task running for minecraft:overworld. Processed: 71189 chunks (9.26%), ETA: 9:41:37, Rate: 20 cps, Surface biomes: minecraft:deep_cold_ocean (20 chunks), Current: -106, 49
[13Aug2026 06:53:49.038] [Server thread/INFO] [net.minecraft.server.MinecraftServer/]: [Chunky] Task running for minecraft:overworld. Processed: 71237 chunks (9.26%), ETA: 48:27:53, Rate: 4 cps, Surface biomes: minecraft:deep_cold_ocean (4 chunks), Current: -110, 56
[13Aug2026 06:53:50.088] [Server thread/INFO] [net.minecraft.server.MinecraftServer/]: [Chunky] Task running for minecraft:overworld. Processed: 71271 chunks (9.27%), ETA: 6:27:41, Rate: 30 cps, Surface biomes: minecraft:deep_cold_ocean (30 chunks), Current: -108, 63
[13Aug2026 06:53:51.138] [Server thread/INFO] [net.minecraft.server.MinecraftServer/]: [Chunky] Task running for minecraft:overworld. Processed: 71321 chunks (9.27%), ETA: 3:43:39, Rate: 52 cps, Surface biomes: minecraft:deep_cold_ocean (52 chunks), Current: -102, 60
[13Aug2026 06:53:52.188] [Server thread/INFO] [net.minecraft.server.MinecraftServer/]: [Chunky] Task running for minecraft:overworld. Processed: 71379 chunks (9.28%), ETA: 3:57:19, Rate: 49 cps, Surface biomes: minecraft:deep_cold_ocean (49 chunks), Current: -104, 54
[13Aug2026 06:53:53.238] [Server thread/INFO] [net.minecraft.server.MinecraftServer/]: [Chunky] Task running for minecraft:overworld. Processed: 71421 chunks (9.29%), ETA: 4:07:24, Rate: 47 cps, Surface biomes: minecraft:deep_cold_ocean (47 chunks), Current: -97, 49
[13Aug2026 06:53:54.288] [Server thread/INFO] [net.minecraft.server.MinecraftServer/]: [Chunky] Task running for minecraft:overworld. Processed: 71468 chunks (9.29%), ETA: 4:50:41, Rate: 40 cps, Surface biomes: minecraft:deep_cold_ocean (40 chunks), Current: -101, 45
[13Aug2026 06:53:55.320] [Server thread/INFO] [net.minecraft.server.MinecraftServer/]: [Chunky] Task running for minecraft:overworld. Processed: 71520 chunks (9.30%), ETA: 3:31:23, Rate: 55 cps, Surface biomes: minecraft:deep_cold_ocean (55 chunks), Current: -109, 44
[13Aug2026 06:53:56.339] [Server thread/INFO] [net.minecraft.server.MinecraftServer/]: [Chunky] Task running for minecraft:overworld. Processed: 71681 chunks (9.32%), ETA: 1:26:44, Rate: 134 cps, Surface biomes: minecraft:deep_cold_ocean (134 chunks), Current: -128, 64
[13Aug2026 06:53:57.826] [Server thread/INFO] [net.minecraft.server.MinecraftServer/]: [Chunky] Task running for minecraft:overworld. Processed: 71700 chunks (9.32%), ETA: 3:27:34, Rate: 56 cps, Surface biomes: minecraft:deep_cold_ocean (56 chunks), Current: -126, 68
[13Aug2026 06:53:59.155] [Server thread/INFO] [net.minecraft.server.MinecraftServer/]: [Chunky] Task running for minecraft:overworld. Processed: 71750 chunks (9.33%), ETA: 4:36:44, Rate: 42 cps, Surface biomes: minecraft:deep_cold_ocean (42 chunks), Current: -119, 66
[13Aug2026 06:54:00.488] [Server thread/INFO] [net.minecraft.server.MinecraftServer/]: [Chunky] Task running for minecraft:overworld. Processed: 71809 chunks (9.34%), ETA: 3:20:22, Rate: 58 cps, Surface biomes: minecraft:deep_cold_ocean (58 chunks), Current: -115, 72
[13Aug2026 06:54:01.538] [Server thread/INFO] [net.minecraft.server.MinecraftServer/]: [Chunky] Task running for minecraft:overworld. Processed: 71842 chunks (9.34%), ETA: 9:13:24, Rate: 21 cps, Surface biomes: minecraft:deep_cold_ocean (21 chunks), Current: -115, 76
[13Aug2026 06:54:02.588] [Server thread/INFO] [net.minecraft.server.MinecraftServer/]: [Chunky] Task running for minecraft:overworld. Processed: 71849 chunks (9.34%), ETA: 12:54:45, Rate: 15 cps, Surface biomes: minecraft:deep_cold_ocean (15 chunks), Current: -114, 78
[13Aug2026 06:54:03.638] [Server thread/INFO] [net.minecraft.server.MinecraftServer/]: [Chunky] Task running for minecraft:overworld. Processed: 71877 chunks (9.35%), ETA: 7:44:50, Rate: 25 cps, Surface biomes: minecraft:deep_cold_ocean (25 chunks), Current: -122, 74
[13Aug2026 06:54:04.688] [Server thread/INFO] [net.minecraft.server.MinecraftServer/]: [Chunky] Task running for minecraft:overworld. Processed: 71901 chunks (9.35%), ETA: 12:06:16, Rate: 16 cps, Surface biomes: minecraft:deep_cold_ocean (16 chunks), Current: -125, 73
[13Aug2026 06:54:05.838] [Server thread/INFO] [net.minecraft.server.MinecraftServer/]: [Chunky] Task running for minecraft:overworld. Processed: 71959 chunks (9.36%), ETA: 6:27:19, Rate: 30 cps, Surface biomes: minecraft:deep_cold_ocean (30 chunks), Current: -122, 81
[13Aug2026 06:54:06.888] [Server thread/INFO] [net.minecraft.server.MinecraftServer/]: [Chunky] Task running for minecraft:overworld. Processed: 71981 chunks (9.36%), ETA: 3:52:22, Rate: 50 cps, Surface biomes: minecraft:deep_cold_ocean (50 chunks), Current: -127, 86
[13Aug2026 06:54:07.998] [Server thread/INFO] [net.minecraft.server.MinecraftServer/]: [Chunky] Task running for minecraft:overworld. Processed: 72028 chunks (9.36%), ETA: 10:11:29, Rate: 19 cps, Surface biomes: minecraft:deep_cold_ocean (19 chunks), Current: -125, 93
[13Aug2026 06:54:09.038] [Server thread/INFO] [net.minecraft.server.MinecraftServer/]: [Chunky] Task running for minecraft:overworld. Processed: 72066 chunks (9.37%), ETA: 6:03:03, Rate: 32 cps, Surface biomes: minecraft:deep_cold_ocean (32 chunks), Current: -119, 88
[13Aug2026 06:54:10.088] [Server thread/INFO] [net.minecraft.server.MinecraftServer/]: [Chunky] Task running for minecraft:overworld. Processed: 72094 chunks (9.37%), ETA: 7:10:16, Rate: 27 cps, Surface biomes: minecraft:deep_cold_ocean (27 chunks), Current: -117, 94
[13Aug2026 06:54:11.667] [Server thread/INFO] [net.minecraft.server.MinecraftServer/]: [Chunky] Task running for minecraft:overworld. Processed: 72195 chunks (9.39%), ETA: 1:53:52, Rate: 102 cps, Surface biomes: minecraft:deep_cold_ocean (102 chunks), Current: -112, 81
[13Aug2026 06:54:12.694] [Server thread/INFO] [net.minecraft.server.MinecraftServer/]: [Chunky] Task running for minecraft:overworld. Processed: 72275 chunks (9.40%), ETA: 5:41:35, Rate: 34 cps, Surface biomes: minecraft:deep_cold_ocean (34 chunks), Current: -112, 93
[13Aug2026 06:54:12.856] [Server thread/WARN] [net.minecraft.server.MinecraftServer/]: Can't keep up! Is the server overloaded? Running 2018ms or 40 ticks behind
[13Aug2026 06:54:13.795] [Server thread/INFO] [net.minecraft.server.MinecraftServer/]: [Chunky] Task running for minecraft:overworld. Processed: 72293 chunks (9.40%), ETA: 3:01:28, Rate: 64 cps, Surface biomes: minecraft:deep_cold_ocean (64 chunks), Current: -108, 90
[13Aug2026 06:54:14.796] [Server thread/INFO] [net.minecraft.server.MinecraftServer/]: [Chunky] Task running for minecraft:overworld. Processed: 72415 chunks (9.42%), ETA: 5:22:33, Rate: 36 cps, Surface biomes: minecraft:deep_cold_ocean (36 chunks), Current: -102, 84
[13Aug2026 06:54:15.871] [Server thread/INFO] [net.minecraft.server.MinecraftServer/]: [Chunky] Task running for minecraft:overworld. Processed: 72471 chunks (9.42%), ETA: 2:00:56, Rate: 96 cps, Surface biomes: minecraft:deep_cold_ocean (96 chunks), Current: -99, 75
[13Aug2026 06:54:16.938] [Server thread/INFO] [net.minecraft.server.MinecraftServer/]: [Chunky] Task running for minecraft:overworld. Processed: 72487 chunks (9.42%), ETA: 3:27:20, Rate: 56 cps, Surface biomes: minecraft:deep_cold_ocean (56 chunks), Current: -102, 73
[13Aug2026 06:54:17.988] [Server thread/INFO] [net.minecraft.server.MinecraftServer/]: [Chunky] Task running for minecraft:overworld. Processed: 72528 chunks (9.43%), ETA: 16:07:30, Rate: 12 cps, Surface biomes: minecraft:deep_cold_ocean (12 chunks), Current: -104, 74
[13Aug2026 06:54:18.995] [Server thread/INFO] [net.minecraft.server.MinecraftServer/]: [Chunky] Task running for minecraft:overworld. Processed: 72563 chunks (9.43%), ETA: 5:05:30, Rate: 38 cps, Surface biomes: minecraft:deep_cold_ocean (38 chunks), Current: -107, 73
[13Aug2026 06:54:20.038] [Server thread/INFO] [net.minecraft.server.MinecraftServer/]: [Chunky] Task running for minecraft:overworld. Processed: 72649 chunks (9.45%), ETA: 2:16:33, Rate: 85 cps, Surface biomes: minecraft:deep_cold_ocean (85 chunks), Current: -104, 67
[13Aug2026 06:54:21.088] [Server thread/INFO] [net.minecraft.server.MinecraftServer/]: [Chunky] Task running for minecraft:overworld. Processed: 72688 chunks (9.45%), ETA: 4:57:37, Rate: 39 cps, Surface biomes: minecraft:deep_cold_ocean (39 chunks), Current: -98, 68
[13Aug2026 06:54:22.138] [Server thread/INFO] [net.minecraft.server.MinecraftServer/]: [Chunky] Task running for minecraft:overworld. Processed: 72733 chunks (9.46%), ETA: 4:23:47, Rate: 44 cps, Surface biomes: minecraft:deep_cold_ocean (44 chunks), Current: -127, 103
[13Aug2026 06:54:23.533] [Server thread/INFO] [net.minecraft.server.MinecraftServer/]: [Chunky] Task running for minecraft:overworld. Processed: 72799 chunks (9.47%), ETA: 2:55:50, Rate: 66 cps, Surface biomes: minecraft:deep_cold_ocean (66 chunks), Current: -114, 99
[13Aug2026 06:54:24.573] [Server thread/INFO] [net.minecraft.server.MinecraftServer/]: [Chunky] Task running for minecraft:overworld. Processed: 72850 chunks (9.47%), ETA: 4:50:06, Rate: 40 cps, Surface biomes: minecraft:deep_cold_ocean (40 chunks), Current: -116, 104
[13Aug2026 06:54:26.192] [Server thread/INFO] [net.minecraft.server.MinecraftServer/]: [Chunky] Task running for minecraft:overworld. Processed: 72929 chunks (9.48%), ETA: 3:07:09, Rate: 62 cps, Surface biomes: minecraft:deep_cold_ocean (62 chunks), Current: -125, 104
[13Aug2026 06:54:27.390] [Server thread/INFO] [net.minecraft.server.MinecraftServer/]: [Chunky] Task running for minecraft:overworld. Processed: 72977 chunks (9.49%), ETA: 4:01:43, Rate: 48 cps, Surface biomes: minecraft:deep_cold_ocean (48 chunks), Current: -124, 112
[13Aug2026 06:54:29.035] [Server thread/INFO] [net.minecraft.server.MinecraftServer/]: [Chunky] Task running for minecraft:overworld. Processed: 73027 chunks (9.49%), ETA: 3:52:02, Rate: 50 cps, Surface biomes: minecraft:deep_cold_ocean (50 chunks), Current: -127, 120
[13Aug2026 06:54:30.037] [Server thread/INFO] [net.minecraft.server.MinecraftServer/]: [Chunky] Task running for minecraft:overworld. Processed: 73088 chunks (9.50%), ETA: 3:13:20, Rate: 60 cps, Surface biomes: minecraft:deep_cold_ocean (60 chunks), Current: -121, 120
[13Aug2026 06:54:31.729] [Server thread/INFO] [net.minecraft.server.MinecraftServer/]: [Chunky] Task running for minecraft:overworld. Processed: 73089 chunks (9.50%), ETA: 96:40:20, Rate: 2 cps, Surface biomes: minecraft:deep_cold_ocean (2 chunks), Current: -120, 121
[13Aug2026 06:54:33.032] [Server thread/INFO] [net.minecraft.server.MinecraftServer/]: [Chunky] Task running for minecraft:overworld. Processed: 73136 chunks (9.51%), ETA: 19:19:59, Rate: 10 cps, Surface biomes: minecraft:deep_cold_ocean (10 chunks), Current: -116, 123
[13Aug2026 06:54:34.053] [Server thread/INFO] [net.minecraft.server.MinecraftServer/]: [Chunky] Task running for minecraft:overworld. Processed: 73233 chunks (9.52%), ETA: 1:59:34, Rate: 97 cps, Surface biomes: minecraft:deep_cold_ocean (97 chunks), Current: -108, 112
[13Aug2026 06:54:34.255] [Server thread/WARN] [net.minecraft.server.MinecraftServer/]: Can't keep up! Is the server overloaded? Running 6417ms or 128 ticks behind
[13Aug2026 06:54:35.288] [Server thread/INFO] [net.minecraft.server.MinecraftServer/]: [Chunky] Task running for minecraft:overworld. Processed: 73236 chunks (9.52%), ETA: 64:26:04, Rate: 3 cps, Surface biomes: minecraft:deep_cold_ocean (3 chunks), Current: -107, 112
[13Aug2026 06:54:36.338] [Server thread/INFO] [net.minecraft.server.MinecraftServer/]: [Chunky] Task running for minecraft:overworld. Processed: 73273 chunks (9.53%), ETA: 6:54:12, Rate: 28 cps, Surface biomes: minecraft:deep_cold_ocean (28 chunks), Current: -107, 118
[13Aug2026 06:54:37.388] [Server thread/INFO] [net.minecraft.server.MinecraftServer/]: [Chunky] Task running for minecraft:overworld. Processed: 73321 chunks (9.53%), ETA: 5:05:10, Rate: 38 cps, Surface biomes: minecraft:deep_cold_ocean (38 chunks), Current: -107, 127
[13Aug2026 06:54:38.438] [Server thread/INFO] [net.minecraft.server.MinecraftServer/]: [Chunky] Task running for minecraft:overworld. Processed: 73371 chunks (9.54%), ETA: 4:17:41, Rate: 45 cps, Surface biomes: minecraft:deep_cold_ocean (45 chunks), Current: -101, 126
[13Aug2026 06:54:39.439] [Server thread/INFO] [net.minecraft.server.MinecraftServer/]: [Chunky] Task running for minecraft:overworld. Processed: 73419 chunks (9.55%), ETA: 3:30:49, Rate: 55 cps, Surface biomes: minecraft:deep_cold_ocean (55 chunks), Current: -98, 117
[13Aug2026 06:54:40.473] [Server thread/INFO] [net.minecraft.server.MinecraftServer/]: [Chunky] Task running for minecraft:overworld. Processed: 73505 chunks (9.56%), ETA: 4:06:40, Rate: 47 cps, Surface biomes: minecraft:deep_cold_ocean (47 chunks), Current: -101, 107
[13Aug2026 06:54:41.506] [Server thread/INFO] [net.minecraft.server.MinecraftServer/]: [Chunky] Task running for minecraft:overworld. Processed: 73558 chunks (9.56%), ETA: 3:01:08, Rate: 64 cps, Surface biomes: minecraft:deep_cold_ocean (64 chunks), Current: -112, 111
[13Aug2026 06:54:42.511] [Server thread/INFO] [net.minecraft.server.MinecraftServer/]: [Chunky] Task running for minecraft:overworld. Processed: 73672 chunks (9.58%), ETA: 2:03:18, Rate: 94 cps, Surface biomes: minecraft:deep_cold_ocean (94 chunks), Current: -102, 97
[13Aug2026 06:54:44.026] [Server thread/INFO] [net.minecraft.server.MinecraftServer/]: [Chunky] Task running for minecraft:overworld. Processed: 73734 chunks (9.59%), ETA: 48:17:28, Rate: 4 cps, Surface biomes: minecraft:deep_cold_ocean (4 chunks), Current: -125, 128
[13Aug2026 06:54:45.088] [Server thread/INFO] [net.minecraft.server.MinecraftServer/]: [Chunky] Task running for minecraft:overworld. Processed: 73783 chunks (9.59%), ETA: 3:56:30, Rate: 49 cps, Surface biomes: minecraft:deep_cold_ocean (49 chunks), Current: -124, 130
[13Aug2026 06:54:46.138] [Server thread/INFO] [net.minecraft.server.MinecraftServer/]: [Chunky] Task running for minecraft:overworld. Processed: 73810 chunks (9.60%), ETA: 8:46:45, Rate: 22 cps, Surface biomes: minecraft:deep_cold_ocean (22 chunks), Current: -115, 129
[13Aug2026 06:54:47.188] [Server thread/INFO] [net.minecraft.server.MinecraftServer/]: [Chunky] Task running for minecraft:overworld. Processed: 73853 chunks (9.60%), ETA: 6:13:48, Rate: 31 cps, Surface biomes: minecraft:deep_cold_ocean (31 chunks), Current: -119, 134
[13Aug2026 06:54:48.238] [Server thread/INFO] [net.minecraft.server.MinecraftServer/]: [Chunky] Task running for minecraft:overworld. Processed: 73889 chunks (9.61%), ETA: 3:51:44, Rate: 50 cps, Surface biomes: minecraft:deep_cold_ocean (50 chunks), Current: -115, 140
[13Aug2026 06:54:49.288] [Server thread/INFO] [net.minecraft.server.MinecraftServer/]: [Chunky] Task running for minecraft:overworld. Processed: 73928 chunks (9.61%), ETA: 6:53:48, Rate: 28 cps, Surface biomes: minecraft:deep_cold_ocean (28 chunks), Current: -123, 142
[13Aug2026 06:54:50.308] [Server thread/INFO] [net.minecraft.server.MinecraftServer/]: [Chunky] Task running for minecraft:overworld. Processed: 73961 chunks (9.62%), ETA: 5:40:46, Rate: 34 cps, Surface biomes: minecraft:deep_cold_ocean (34 chunks), Current: -127, 136
[13Aug2026 06:54:51.738] [Server thread/INFO] [net.minecraft.server.MinecraftServer/]: [Chunky] Task running for minecraft:overworld. Processed: 74018 chunks (9.62%), ETA: 2:47:54, Rate: 69 cps, Surface biomes: minecraft:deep_cold_ocean (69 chunks), Current: -124, 149
[13Aug2026 06:54:52.788] [Server thread/INFO] [net.minecraft.server.MinecraftServer/]: [Chunky] Task running for minecraft:overworld. Processed: 74050 chunks (9.63%), ETA: 17:33:09, Rate: 11 cps, Surface biomes: minecraft:deep_cold_ocean (11 chunks), Current: -128, 151
[13Aug2026 06:54:53.838] [Server thread/INFO] [net.minecraft.server.MinecraftServer/]: [Chunky] Task running for minecraft:overworld. Processed: 74087 chunks (9.63%), ETA: 7:43:21, Rate: 25 cps, Surface biomes: minecraft:deep_cold_ocean (20 chunks), minecraft:deep_lukewarm_ocean (4 chunks), minecraft:deep_ocean (1 chunks), Current: -124, 153
[13Aug2026 06:54:54.888] [Server thread/INFO] [net.minecraft.server.MinecraftServer/]: [Chunky] Task running for minecraft:overworld. Processed: 74125 chunks (9.64%), ETA: 4:57:00, Rate: 39 cps, Surface biomes: minecraft:deep_lukewarm_ocean (31 chunks), minecraft:deep_cold_ocean (8 chunks), Current: -117, 152
[13Aug2026 06:54:57.440] [Server thread/INFO] [net.minecraft.server.MinecraftServer/]: [Chunky] Task running for minecraft:overworld. Processed: 74241 chunks (9.65%), ETA: 1:42:29, Rate: 113 cps, Surface biomes: minecraft:deep_cold_ocean (68 chunks), minecraft:deep_lukewarm_ocean (45 chunks), Current: -111, 144
[13Aug2026 06:54:58.053] [Server thread/WARN] [net.minecraft.server.MinecraftServer/]: Can't keep up! Is the server overloaded? Running 2115ms or 42 ticks behind
[13Aug2026 06:54:58.631] [Server thread/INFO] [net.minecraft.server.MinecraftServer/]: [Chunky] Task running for minecraft:overworld. Processed: 74333 chunks (9.66%), ETA: 3:00:56, Rate: 64 cps, Surface biomes: minecraft:deep_cold_ocean (64 chunks), Current: -109, 156
[13Aug2026 06:54:59.683] [Server thread/INFO] [net.minecraft.server.MinecraftServer/]: [Chunky] Task running for minecraft:overworld. Processed: 74381 chunks (9.67%), ETA: 5:21:38, Rate: 36 cps, Surface biomes: minecraft:deep_lukewarm_ocean (33 chunks), minecraft:deep_cold_ocean (2 chunks), minecraft:deep_ocean (1 chunks), Current: -103, 155
[13Aug2026 06:55:01.128] [Server thread/INFO] [net.minecraft.server.MinecraftServer/]: [Chunky] Task running for minecraft:overworld. Processed: 74431 chunks (9.68%), ETA: 4:11:42, Rate: 46 cps, Surface biomes: minecraft:deep_lukewarm_ocean (46 chunks), Current: -99, 151
[13Aug2026 06:55:02.203] [Server thread/INFO] [net.minecraft.server.MinecraftServer/]: [Chunky] Task running for minecraft:overworld. Processed: 74480 chunks (9.68%), ETA: 3:56:16, Rate: 49 cps, Surface biomes: minecraft:deep_cold_ocean (37 chunks), minecraft:deep_lukewarm_ocean (11 chunks), minecraft:deep_ocean (1 chunks), Current: -100, 147
[13Aug2026 06:55:03.328] [Server thread/INFO] [net.minecraft.server.MinecraftServer/]: [Chunky] Task running for minecraft:overworld. Processed: 74514 chunks (9.69%), ETA: 5:40:29, Rate: 34 cps, Surface biomes: minecraft:deep_cold_ocean (34 chunks), Current: -98, 137
[13Aug2026 06:55:04.338] [Server thread/INFO] [net.minecraft.server.MinecraftServer/]: [Chunky] Task running for minecraft:overworld. Processed: 74586 chunks (9.70%), ETA: 3:46:58, Rate: 51 cps, Surface biomes: minecraft:deep_cold_ocean (51 chunks), Current: -111, 141
[13Aug2026 06:55:05.339] [Server thread/INFO] [net.minecraft.server.MinecraftServer/]: [Chunky] Task running for minecraft:overworld. Processed: 74601 chunks (9.70%), ETA: 6:53:24, Rate: 28 cps, Surface biomes: minecraft:deep_cold_ocean (28 chunks), Current: -107, 138
[13Aug2026 06:55:06.341] [Server thread/INFO] [net.minecraft.server.MinecraftServer/]: [Chunky] Task running for minecraft:overworld. Processed: 74650 chunks (9.71%), ETA: 5:04:35, Rate: 38 cps, Surface biomes: minecraft:deep_cold_ocean (38 chunks), Current: -110, 133
[13Aug2026 06:55:07.388] [Server thread/INFO] [net.minecraft.server.MinecraftServer/]: [Chunky] Task running for minecraft:overworld. Processed: 74696 chunks (9.71%), ETA: 4:06:15, Rate: 47 cps, Surface biomes: minecraft:deep_cold_ocean (47 chunks), Current: -102, 128
[13Aug2026 06:55:08.438] [Server thread/INFO] [net.minecraft.server.MinecraftServer/]: [Chunky] Task running for minecraft:overworld. Processed: 74744 chunks (9.72%), ETA: 3:34:18, Rate: 54 cps, Surface biomes: minecraft:deep_cold_ocean (54 chunks), Current: -99, 130
[13Aug2026 06:55:09.488] [Server thread/INFO] [net.minecraft.server.MinecraftServer/]: [Chunky] Task running for minecraft:overworld. Processed: 74797 chunks (9.72%), ETA: 4:06:13, Rate: 47 cps, Surface biomes: minecraft:deep_cold_ocean (47 chunks), Current: -92, 129
[13Aug2026 06:55:11.440] [Server thread/INFO] [net.minecraft.server.MinecraftServer/]: [Chunky] Task running for minecraft:overworld. Processed: 74881 chunks (9.74%), ETA: 2:50:09, Rate: 68 cps, Surface biomes: minecraft:deep_cold_ocean (68 chunks), Current: -86, 136
[13Aug2026 06:55:12.587] [Server thread/INFO] [net.minecraft.server.MinecraftServer/]: [Chunky] Task running for minecraft:overworld. Processed: 74946 chunks (9.74%), ETA: 5:04:27, Rate: 38 cps, Surface biomes: minecraft:deep_cold_ocean (38 chunks), Current: -92, 141
[13Aug2026 06:55:13.842] [Server thread/INFO] [net.minecraft.server.MinecraftServer/]: [Chunky] Task running for minecraft:overworld. Processed: 75041 chunks (9.76%), ETA: 1:58:02, Rate: 98 cps, Surface biomes: minecraft:deep_cold_ocean (98 chunks), Current: -92, 148
[13Aug2026 06:55:14.927] [Server thread/INFO] [net.minecraft.server.MinecraftServer/]: [Chunky] Task running for minecraft:overworld. Processed: 75052 chunks (9.76%), ETA: 6:53:08, Rate: 28 cps, Surface biomes: minecraft:deep_cold_ocean (26 chunks), minecraft:deep_lukewarm_ocean (2 chunks), Current: -89, 151
[13Aug2026 06:55:15.943] [Server thread/INFO] [net.minecraft.server.MinecraftServer/]: [Chunky] Task running for minecraft:overworld. Processed: 75080 chunks (9.76%), ETA: 7:24:54, Rate: 26 cps, Surface biomes: minecraft:deep_lukewarm_ocean (16 chunks), minecraft:deep_cold_ocean (8 chunks), minecraft:deep_ocean (2 chunks), Current: -93, 152
[13Aug2026 06:55:16.969] [Server thread/INFO] [net.minecraft.server.MinecraftServer/]: [Chunky] Task running for minecraft:overworld. Processed: 75126 chunks (9.77%), ETA: 11:20:23, Rate: 17 cps, Surface biomes: minecraft:deep_lukewarm_ocean (17 chunks), Current: -91, 154
[13Aug2026 06:55:18.093] [Server thread/INFO] [net.minecraft.server.MinecraftServer/]: [Chunky] Task running for minecraft:overworld. Processed: 75169 chunks (9.77%), ETA: 4:35:22, Rate: 42 cps, Surface biomes: minecraft:deep_lukewarm_ocean (42 chunks), Current: -84, 156
[13Aug2026 06:55:19.197] [Server thread/INFO] [net.minecraft.server.MinecraftServer/]: [Chunky] Task running for minecraft:overworld. Processed: 75204 chunks (9.78%), ETA: 5:30:26, Rate: 35 cps, Surface biomes: minecraft:deep_lukewarm_ocean (35 chunks), Current: -83, 151
[13Aug2026 06:55:19.299] [Server thread/WARN] [net.minecraft.server.MinecraftServer/]: Can't keep up! Is the server overloaded? Running 6261ms or 125 ticks behind
[13Aug2026 06:55:20.488] [Server thread/INFO] [net.minecraft.server.MinecraftServer/]: [Chunky] Task running for minecraft:overworld. Processed: 75257 chunks (9.78%), ETA: 3:38:11, Rate: 53 cps, Surface biomes: minecraft:deep_lukewarm_ocean (31 chunks), minecraft:deep_cold_ocean (19 chunks), minecraft:deep_ocean (3 chunks), Current: -82, 147
[13Aug2026 06:55:21.538] [Server thread/INFO] [net.minecraft.server.MinecraftServer/]: [Chunky] Task running for minecraft:overworld. Processed: 75283 chunks (9.79%), ETA: 32:07:21, Rate: 6 cps, Surface biomes: minecraft:deep_cold_ocean (2 chunks), minecraft:deep_lukewarm_ocean (2 chunks), minecraft:deep_ocean (2 chunks), Current: -75, 146
[13Aug2026 06:55:22.788] [Server thread/INFO] [net.minecraft.server.MinecraftServer/]: [Chunky] Task running for minecraft:overworld. Processed: 75335 chunks (9.79%), ETA: 2:40:36, Rate: 72 cps, Surface biomes: minecraft:deep_lukewarm_ocean (64 chunks), minecraft:deep_cold_ocean (6 chunks), minecraft:deep_ocean (2 chunks), Current: -78, 153
[13Aug2026 06:55:23.938] [Server thread/INFO] [net.minecraft.server.MinecraftServer/]: [Chunky] Task running for minecraft:overworld. Processed: 75397 chunks (9.80%), ETA: 12:50:48, Rate: 15 cps, Surface biomes: minecraft:deep_lukewarm_ocean (15 chunks), Current: -70, 152
[13Aug2026 06:55:24.988] [Server thread/INFO] [net.minecraft.server.MinecraftServer/]: [Chunky] Task running for minecraft:overworld. Processed: 75417 chunks (9.81%), ETA: 3:55:57, Rate: 49 cps, Surface biomes: minecraft:deep_lukewarm_ocean (49 chunks), Current: -67, 155
[13Aug2026 06:55:26.172] [Server thread/INFO] [net.minecraft.server.MinecraftServer/]: [Chunky] Task running for minecraft:overworld. Processed: 75475 chunks (9.81%), ETA: 3:22:49, Rate: 57 cps, Surface biomes: minecraft:deep_lukewarm_ocean (57 chunks), Current: -72, 150
[13Aug2026 06:55:27.446] [Server thread/INFO] [net.minecraft.server.MinecraftServer/]: [Chunky] Task running for minecraft:overworld. Processed: 75525 chunks (9.82%), ETA: 3:51:12, Rate: 50 cps, Surface biomes: minecraft:deep_lukewarm_ocean (50 chunks), Current: -68, 141
[13Aug2026 06:55:28.463] [Server thread/INFO] [net.minecraft.server.MinecraftServer/]: [Chunky] Task running for minecraft:overworld. Processed: 75629 chunks (9.83%), ETA: 3:51:10, Rate: 50 cps, Surface biomes: minecraft:deep_cold_ocean (40 chunks), minecraft:deep_lukewarm_ocean (10 chunks), Current: -73, 139
[13Aug2026 06:55:29.492] [Server thread/INFO] [net.minecraft.server.MinecraftServer/]: [Chunky] Task running for minecraft:overworld. Processed: 75725 chunks (9.85%), ETA: 2:14:22, Rate: 86 cps, Surface biomes: minecraft:deep_cold_ocean (77 chunks), minecraft:deep_lukewarm_ocean (7 chunks), minecraft:deep_ocean (2 chunks), Current: -71, 131
[13Aug2026 06:55:30.538] [Server thread/INFO] [net.minecraft.server.MinecraftServer/]: [Chunky] Task running for minecraft:overworld. Processed: 75759 chunks (9.85%), ETA: 2:20:55, Rate: 82 cps, Surface biomes: minecraft:deep_cold_ocean (82 chunks), Current: -67, 135
[13Aug2026 06:55:31.588] [Server thread/INFO] [net.minecraft.server.MinecraftServer/]: [Chunky] Task running for minecraft:overworld. Processed: 75795 chunks (9.85%), ETA: 5:50:10, Rate: 33 cps, Surface biomes: minecraft:deep_cold_ocean (33 chunks), Current: -64, 133
[13Aug2026 06:55:32.638] [Server thread/INFO] [net.minecraft.server.MinecraftServer/]: [Chunky] Task running for minecraft:overworld. Processed: 75835 chunks (9.86%), ETA: 5:12:17, Rate: 37 cps, Surface biomes: minecraft:deep_cold_ocean (37 chunks), Current: -60, 128
[13Aug2026 06:55:33.788] [Server thread/INFO] [net.minecraft.server.MinecraftServer/]: [Chunky] Task running for minecraft:overworld. Processed: 75876 chunks (9.87%), ETA: 3:46:33, Rate: 51 cps, Surface biomes: minecraft:deep_cold_ocean (51 chunks), Current: -51, 133
[13Aug2026 06:55:34.838] [Server thread/INFO] [net.minecraft.server.MinecraftServer/]: [Chunky] Task running for minecraft:overworld. Processed: 75897 chunks (9.87%), ETA: 13:45:16, Rate: 14 cps, Surface biomes: minecraft:deep_cold_ocean (13 chunks), minecraft:deep_lukewarm_ocean (1 chunks), Current: -52, 134
[13Aug2026 06:55:35.988] [Server thread/INFO] [net.minecraft.server.MinecraftServer/]: [Chunky] Task running for minecraft:overworld. Processed: 75921 chunks (9.87%), ETA: 8:22:19, Rate: 23 cps, Surface biomes: minecraft:deep_lukewarm_ocean (12 chunks), minecraft:deep_cold_ocean (9 chunks), minecraft:deep_ocean (2 chunks), Current: -53, 139
[13Aug2026 06:55:36.989] [Server thread/INFO] [net.minecraft.server.MinecraftServer/]: [Chunky] Task running for minecraft:overworld. Processed: 75947 chunks (9.87%), ETA: 9:10:08, Rate: 21 cps, Surface biomes: minecraft:deep_lukewarm_ocean (17 chunks), minecraft:deep_cold_ocean (3 chunks), minecraft:deep_ocean (1 chunks), Current: -50, 143
[13Aug2026 06:55:37.995] [Server thread/INFO] [net.minecraft.server.MinecraftServer/]: [Chunky] Task running for minecraft:overworld. Processed: 76006 chunks (9.88%), ETA: 7:07:51, Rate: 27 cps, Surface biomes: minecraft:deep_lukewarm_ocean (27 chunks), Current: -61, 136
[13Aug2026 06:55:39.038] [Server thread/INFO] [net.minecraft.server.MinecraftServer/]: [Chunky] Task running for minecraft:overworld. Processed: 76057 chunks (9.89%), ETA: 3:51:01, Rate: 50 cps, Surface biomes: minecraft:deep_lukewarm_ocean (41 chunks), minecraft:deep_cold_ocean (8 chunks), minecraft:deep_ocean (1 chunks), Current: -60, 146
[13Aug2026 06:55:40.040] [Server thread/INFO] [net.minecraft.server.MinecraftServer/]: [Chunky] Task running for minecraft:overworld. Processed: 76094 chunks (9.89%), ETA: 5:12:10, Rate: 37 cps, Surface biomes: minecraft:deep_lukewarm_ocean (37 chunks), Current: -63, 150
[13Aug2026 06:55:41.589] [Server thread/INFO] [net.minecraft.server.MinecraftServer/]: [Chunky] Task running for minecraft:overworld. Processed: 76161 chunks (9.90%), ETA: 2:52:22, Rate: 67 cps, Surface biomes: minecraft:deep_lukewarm_ocean (67 chunks), Current: -56, 154
[13Aug2026 06:55:42.663] [Server thread/INFO] [net.minecraft.server.MinecraftServer/]: [Chunky] Task running for minecraft:overworld. Processed: 76216 chunks (9.91%), ETA: 4:22:28, Rate: 44 cps, Surface biomes: minecraft:deep_lukewarm_ocean (44 chunks), Current: -52, 153
[13Aug2026 06:55:42.664] [Server thread/WARN] [net.minecraft.server.MinecraftServer/]: Can't keep up! Is the server overloaded? Running 2226ms or 44 ticks behind
[13Aug2026 06:55:44.529] [Server thread/INFO] [net.minecraft.server.MinecraftServer/]: [Chunky] Task running for minecraft:overworld. Processed: 76297 chunks (9.92%), ETA: 9:09:52, Rate: 21 cps, Surface biomes: minecraft:deep_lukewarm_ocean (21 chunks), Current: -46, 148
[13Aug2026 06:55:45.559] [Server thread/INFO] [net.minecraft.server.MinecraftServer/]: [Chunky] Task running for minecraft:overworld. Processed: 76380 chunks (9.93%), ETA: 3:26:10, Rate: 56 cps, Surface biomes: minecraft:deep_lukewarm_ocean (56 chunks), Current: -45, 156
[13Aug2026 06:55:46.575] [Server thread/INFO] [net.minecraft.server.MinecraftServer/]: [Chunky] Task running for minecraft:overworld. Processed: 76409 chunks (9.93%), ETA: 4:10:59, Rate: 46 cps, Surface biomes: minecraft:deep_lukewarm_ocean (46 chunks), Current: -42, 152
[13Aug2026 06:55:47.655] [Server thread/INFO] [net.minecraft.server.MinecraftServer/]: [Chunky] Task running for minecraft:overworld. Processed: 76464 chunks (9.94%), ETA: 3:50:53, Rate: 50 cps, Surface biomes: minecraft:deep_lukewarm_ocean (50 chunks), Current: -36, 152
[13Aug2026 06:55:50.388] [Server thread/INFO] [net.minecraft.server.MinecraftServer/]: [Chunky] Task running for minecraft:overworld. Processed: 76545 chunks (9.95%), ETA: 4:28:26, Rate: 43 cps, Surface biomes: minecraft:deep_lukewarm_ocean (43 chunks), Current: -36, 143
[13Aug2026 06:55:51.438] [Server thread/INFO] [net.minecraft.server.MinecraftServer/]: [Chunky] Task running for minecraft:overworld. Processed: 76593 chunks (9.96%), ETA: 7:07:29, Rate: 27 cps, Surface biomes: minecraft:deep_lukewarm_ocean (27 chunks), Current: -33, 138
[13Aug2026 06:55:52.538] [Server thread/INFO] [net.minecraft.server.MinecraftServer/]: [Chunky] Task running for minecraft:overworld. Processed: 76637 chunks (9.96%), ETA: 4:16:28, Rate: 45 cps, Surface biomes: minecraft:deep_lukewarm_ocean (45 chunks), Current: -47, 141
[13Aug2026 06:55:53.592] [Server thread/INFO] [net.minecraft.server.MinecraftServer/]: [Chunky] Task running for minecraft:overworld. Processed: 76699 chunks (9.97%), ETA: 4:48:30, Rate: 40 cps, Surface biomes: minecraft:deep_lukewarm_ocean (40 chunks), Current: -48, 133
[13Aug2026 06:55:54.638] [Server thread/INFO] [net.minecraft.server.MinecraftServer/]: [Chunky] Task running for minecraft:overworld. Processed: 76768 chunks (9.98%), ETA: 2:44:50, Rate: 70 cps, Surface biomes: minecraft:deep_lukewarm_ocean (55 chunks), minecraft:deep_cold_ocean (13 chunks), minecraft:deep_ocean (2 chunks), Current: -37, 133
[13Aug2026 06:55:56.266] [Server thread/INFO] [net.minecraft.server.MinecraftServer/]: [Chunky] Task running for minecraft:overworld. Processed: 76843 chunks (9.99%), ETA: 3:09:08, Rate: 61 cps, Surface biomes: minecraft:deep_lukewarm_ocean (61 chunks), Current: -25, 128
[13Aug2026 06:55:57.412] [Server thread/INFO] [net.minecraft.server.MinecraftServer/]: [Chunky] Task running for minecraft:overworld. Processed: 76904 chunks (10.00%), ETA: 3:33:38, Rate: 54 cps, Surface biomes: minecraft:deep_lukewarm_ocean (54 chunks), Current: -20, 132
[13Aug2026 06:55:58.593] [Server thread/INFO] [net.minecraft.server.MinecraftServer/]: [Chunky] Task running for minecraft:overworld. Processed: 76945 chunks (10.00%), ETA: 4:00:20, Rate: 48 cps, Surface biomes: minecraft:deep_lukewarm_ocean (48 chunks), Current: -19, 138
[13Aug2026 06:55:59.697] [Server thread/INFO] [net.minecraft.server.MinecraftServer/]: [Chunky] Task running for minecraft:overworld. Processed: 77065 chunks (10.02%), ETA: 4:00:18, Rate: 48 cps, Surface biomes: minecraft:deep_lukewarm_ocean (48 chunks), Current: -29, 145
[13Aug2026 06:56:00.885] [Server thread/INFO] [net.minecraft.server.MinecraftServer/]: [Chunky] Task running for minecraft:overworld. Processed: 77121 chunks (10.03%), ETA: 2:22:23, Rate: 81 cps, Surface biomes: minecraft:deep_lukewarm_ocean (81 chunks), Current: -30, 152
[13Aug2026 06:56:02.302] [Server thread/INFO] [net.minecraft.server.MinecraftServer/]: [Chunky] Task running for minecraft:overworld. Processed: 77143 chunks (10.03%), ETA: 38:26:37, Rate: 5 cps, Surface biomes: minecraft:deep_lukewarm_ocean (5 chunks), Current: -28, 152
[13Aug2026 06:56:02.658] [Server thread/WARN] [net.minecraft.server.MinecraftServer/]: Can't keep up! Is the server overloaded? Running 5019ms or 100 ticks behind
[13Aug2026 06:56:04.988] [Server thread/INFO] [net.minecraft.server.MinecraftServer/]: [Chunky] Task running for minecraft:overworld. Processed: 77193 chunks (10.04%), ETA: 3:50:38, Rate: 50 cps, Surface biomes: minecraft:deep_lukewarm_ocean (50 chunks), Current: -23, 155
[13Aug2026 06:56:06.038] [Server thread/INFO] [net.minecraft.server.MinecraftServer/]: [Chunky] Task running for minecraft:overworld. Processed: 77240 chunks (10.04%), ETA: 4:16:15, Rate: 45 cps, Surface biomes: minecraft:deep_lukewarm_ocean (45 chunks), Current: -17, 157
[13Aug2026 06:56:07.088] [Server thread/INFO] [net.minecraft.server.MinecraftServer/]: [Chunky] Task running for minecraft:overworld. Processed: 77289 chunks (10.05%), ETA: 4:00:13, Rate: 48 cps, Surface biomes: minecraft:deep_lukewarm_ocean (48 chunks), Current: -23, 145
[13Aug2026 06:56:08.138] [Server thread/INFO] [net.minecraft.server.MinecraftServer/]: [Chunky] Task running for minecraft:overworld. Processed: 77333 chunks (10.05%), ETA: 4:22:02, Rate: 44 cps, Surface biomes: minecraft:deep_lukewarm_ocean (44 chunks), Current: -12, 147
[13Aug2026 06:56:09.338] [Server thread/INFO] [net.minecraft.server.MinecraftServer/]: [Chunky] Task running for minecraft:overworld. Processed: 77395 chunks (10.06%), ETA: 3:02:59, Rate: 63 cps, Surface biomes: minecraft:deep_lukewarm_ocean (63 chunks), Current: -16, 157
[13Aug2026 06:56:10.339] [Server thread/INFO] [net.minecraft.server.MinecraftServer/]: [Chunky] Task running for minecraft:overworld. Processed: 77425 chunks (10.07%), ETA: 12:48:33, Rate: 15 cps, Surface biomes: minecraft:deep_lukewarm_ocean (15 chunks), Current: -12, 157
[13Aug2026 06:56:11.731] [Server thread/INFO] [net.minecraft.server.MinecraftServer/]: [Chunky] Task running for minecraft:overworld. Processed: 77473 chunks (10.07%), ETA: 3:02:58, Rate: 63 cps, Surface biomes: minecraft:deep_lukewarm_ocean (63 chunks), Current: -4, 154
[13Aug2026 06:56:14.058] [Server thread/INFO] [net.minecraft.server.MinecraftServer/]: [Chunky] Task running for minecraft:overworld. Processed: 77573 chunks (10.09%), ETA: 3:50:31, Rate: 50 cps, Surface biomes: minecraft:deep_lukewarm_ocean (50 chunks), Current: -3, 142
[13Aug2026 06:56:15.385] [Server thread/INFO] [net.minecraft.server.MinecraftServer/]: [Chunky] Task running for minecraft:overworld. Processed: 77697 chunks (10.10%), ETA: 1:32:56, Rate: 124 cps, Surface biomes: minecraft:deep_lukewarm_ocean (124 chunks), Current: -12, 135
[13Aug2026 06:56:16.388] [Server thread/INFO] [net.minecraft.server.MinecraftServer/]: [Chunky] Task running for minecraft:overworld. Processed: 77773 chunks (10.11%), ETA: 2:49:27, Rate: 68 cps, Surface biomes: minecraft:deep_lukewarm_ocean (68 chunks), Current: -7, 134
[13Aug2026 06:56:17.438] [Server thread/INFO] [net.minecraft.server.MinecraftServer/]: [Chunky] Task running for minecraft:overworld. Processed: 77816 chunks (10.12%), ETA: 5:20:03, Rate: 36 cps, Surface biomes: minecraft:deep_lukewarm_ocean (36 chunks), Current: -1, 133
[13Aug2026 06:56:18.488] [Server thread/INFO] [net.minecraft.server.MinecraftServer/]: [Chunky] Task running for minecraft:overworld. Processed: 77847 chunks (10.12%), ETA: 5:38:51, Rate: 34 cps, Surface biomes: minecraft:deep_lukewarm_ocean (33 chunks), minecraft:savanna (1 chunks), Current: 1, 134
[13Aug2026 06:56:19.588] [Server thread/INFO] [net.minecraft.server.MinecraftServer/]: [Chunky] Task running for minecraft:overworld. Processed: 77879 chunks (10.13%), ETA: 5:38:50, Rate: 34 cps, Surface biomes: minecraft:deep_lukewarm_ocean (29 chunks), minecraft:river (3 chunks), minecraft:beach (2 chunks), Current: 7, 134
[13Aug2026 06:56:20.638] [Server thread/INFO] [net.minecraft.server.MinecraftServer/]: [Chunky] Task running for minecraft:overworld. Processed: 77894 chunks (10.13%), ETA: 9:08:35, Rate: 21 cps, Surface biomes: minecraft:beach (6 chunks), minecraft:desert (6 chunks), minecraft:windswept_hills (4 chunks), minecraft:deep_lukewarm_ocean (2 chunks), minecraft:river (1 chunks), minecraft:savanna (1 chunks), minecraft:stony_shore (1 chunks), Current: 9, 130
[13Aug2026 06:56:21.688] [Server thread/INFO] [net.minecraft.server.MinecraftServer/]: [Chunky] Task running for minecraft:overworld. Processed: 77923 chunks (10.13%), ETA: 9:08:34, Rate: 21 cps, Surface biomes: minecraft:beach (7 chunks), minecraft:deep_lukewarm_ocean (6 chunks), minecraft:windswept_hills (6 chunks), minecraft:desert (1 chunks), minecraft:stony_shore (1 chunks), Current: 12, 133
[13Aug2026 06:56:22.738] [Server thread/INFO] [net.minecraft.server.MinecraftServer/]: [Chunky] Task running for minecraft:overworld. Processed: 77968 chunks (10.14%), ETA: 5:03:08, Rate: 38 cps, Surface biomes: minecraft:deep_lukewarm_ocean (18 chunks), minecraft:beach (7 chunks), minecraft:windswept_hills (6 chunks), minecraft:desert (4 chunks), minecraft:stony_shore (3 chunks), Current: 12, 136
[13Aug2026 06:56:23.788] [Server thread/INFO] [net.minecraft.server.MinecraftServer/]: [Chunky] Task running for minecraft:overworld. Processed: 78002 chunks (10.14%), ETA: 7:06:37, Rate: 27 cps, Surface biomes: minecraft:deep_lukewarm_ocean (13 chunks), minecraft:beach (10 chunks), minecraft:desert (3 chunks), minecraft:windswept_hills (1 chunks), Current: 12, 143
[13Aug2026 06:56:24.838] [Server thread/INFO] [net.minecraft.server.MinecraftServer/]: [Chunky] Task running for minecraft:overworld. Processed: 78050 chunks (10.15%), ETA: 4:40:55, Rate: 41 cps, Surface biomes: minecraft:deep_lukewarm_ocean (27 chunks), minecraft:beach (8 chunks), minecraft:desert (5 chunks), minecraft:windswept_hills (1 chunks), Current: 2, 139
[13Aug2026 06:56:26.155] [Server thread/INFO] [net.minecraft.server.MinecraftServer/]: [Chunky] Task running for minecraft:overworld. Processed: 78125 chunks (10.16%), ETA: 2:57:10, Rate: 65 cps, Surface biomes: minecraft:deep_lukewarm_ocean (64 chunks), minecraft:river (1 chunks), Current: 1, 149
[13Aug2026 06:56:27.356] [Server thread/INFO] [net.minecraft.server.MinecraftServer/]: [Chunky] Task running for minecraft:overworld. Processed: 78209 chunks (10.17%), ETA: 2:31:31, Rate: 76 cps, Surface biomes: minecraft:deep_lukewarm_ocean (76 chunks), Current: 8, 152
[13Aug2026 06:56:28.020] [Server thread/WARN] [net.minecraft.server.MinecraftServer/]: Can't keep up! Is the server overloaded? Running 2431ms or 48 ticks behind
[13Aug2026 06:56:28.586] [Server thread/INFO] [net.minecraft.server.MinecraftServer/]: [Chunky] Task running for minecraft:overworld. Processed: 78247 chunks (10.17%), ETA: 7:59:46, Rate: 24 cps, Surface biomes: minecraft:deep_lukewarm_ocean (24 chunks), Current: 13, 158
[13Aug2026 06:56:29.645] [Server thread/INFO] [net.minecraft.server.MinecraftServer/]: [Chunky] Task running for minecraft:overworld. Processed: 78331 chunks (10.18%), ETA: 4:55:12, Rate: 39 cps, Surface biomes: minecraft:deep_lukewarm_ocean (39 chunks), Current: 14, 147
[13Aug2026 06:56:30.736] [Server thread/INFO] [net.minecraft.server.MinecraftServer/]: [Chunky] Task running for minecraft:overworld. Processed: 78350 chunks (10.19%), ETA: 2:18:42, Rate: 83 cps, Surface biomes: minecraft:deep_lukewarm_ocean (40 chunks), minecraft:beach (19 chunks), minecraft:desert (15 chunks), minecraft:river (9 chunks), Current: 19, 144
[13Aug2026 06:56:31.920] [Server thread/INFO] [net.minecraft.server.MinecraftServer/]: [Chunky] Task running for minecraft:overworld. Processed: 78416 chunks (10.20%), ETA: 7:22:45, Rate: 26 cps, Surface biomes: minecraft:desert (11 chunks), minecraft:windswept_hills (6 chunks), minecraft:beach (5 chunks), minecraft:deep_lukewarm_ocean (4 chunks), Current: 16, 155
[13Aug2026 06:56:33.647] [Server thread/INFO] [net.minecraft.server.MinecraftServer/]: [Chunky] Task running for minecraft:overworld. Processed: 78469 chunks (10.20%), ETA: 3:41:21, Rate: 52 cps, Surface biomes: minecraft:deep_lukewarm_ocean (35 chunks), minecraft:desert (8 chunks), minecraft:beach (7 chunks), minecraft:windswept_hills (2 chunks), Current: 24, 154
[13Aug2026 06:56:34.838] [Server thread/INFO] [net.minecraft.server.MinecraftServer/]: [Chunky] Task running for minecraft:overworld. Processed: 78509 chunks (10.21%), ETA: 4:47:45, Rate: 40 cps, Surface biomes: minecraft:beach (10 chunks), minecraft:desert (10 chunks), minecraft:windswept_hills (9 chunks), minecraft:deep_lukewarm_ocean (6 chunks), minecraft:stony_shore (3 chunks), minecraft:river (2 chunks), Current: 30, 157
[13Aug2026 06:56:35.848] [Server thread/INFO] [net.minecraft.server.MinecraftServer/]: [Chunky] Task running for minecraft:overworld. Processed: 78542 chunks (10.21%), ETA: 63:56:35, Rate: 3 cps, Surface biomes: minecraft:beach (1 chunks), minecraft:deep_lukewarm_ocean (1 chunks), minecraft:river (1 chunks), Current: 29, 151
[13Aug2026 06:56:36.888] [Server thread/INFO] [net.minecraft.server.MinecraftServer/]: [Chunky] Task running for minecraft:overworld. Processed: 78570 chunks (10.22%), ETA: 5:19:42, Rate: 36 cps, Surface biomes: minecraft:deep_lukewarm_ocean (20 chunks), minecraft:beach (8 chunks), minecraft:river (3 chunks), minecraft:stony_shore (3 chunks), minecraft:windswept_hills (2 chunks), Current: 25, 145
[13Aug2026 06:56:37.938] [Server thread/INFO] [net.minecraft.server.MinecraftServer/]: [Chunky] Task running for minecraft:overworld. Processed: 78601 chunks (10.22%), ETA: 7:59:32, Rate: 24 cps, Surface biomes: minecraft:deep_lukewarm_ocean (24 chunks), Current: 28, 141
[13Aug2026 06:56:38.988] [Server thread/INFO] [net.minecraft.server.MinecraftServer/]: [Chunky] Task running for minecraft:overworld. Processed: 78643 chunks (10.22%), ETA: 6:11:13, Rate: 31 cps, Surface biomes: minecraft:deep_lukewarm_ocean (23 chunks), minecraft:savanna (4 chunks), minecraft:desert (2 chunks), minecraft:plains (2 chunks), Current: 24, 138
[13Aug2026 06:56:40.038] [Server thread/INFO] [net.minecraft.server.MinecraftServer/]: [Chunky] Task running for minecraft:overworld. Processed: 78684 chunks (10.23%), ETA: 5:02:49, Rate: 38 cps, Surface biomes: minecraft:deep_lukewarm_ocean (17 chunks), minecraft:beach (8 chunks), minecraft:windswept_hills (5 chunks), minecraft:desert (3 chunks), minecraft:river (3 chunks), minecraft:savanna (2 chunks), Current: 19, 141
[13Aug2026 06:56:41.097] [Server thread/INFO] [net.minecraft.server.MinecraftServer/]: [Chunky] Task running for minecraft:overworld. Processed: 78795 chunks (10.24%), ETA: 1:53:54, Rate: 101 cps, Surface biomes: minecraft:deep_lukewarm_ocean (62 chunks), minecraft:beach (15 chunks), minecraft:river (15 chunks), minecraft:plains (4 chunks), minecraft:desert (2 chunks), minecraft:windswept_hills (2 chunks), minecraft:stony_shore (1 chunks), Current: 26, 131
[13Aug2026 06:56:42.997] [Server thread/INFO] [net.minecraft.server.MinecraftServer/]: [Chunky] Task running for minecraft:overworld. Processed: 78849 chunks (10.25%), ETA: 2:59:45, Rate: 64 cps, Surface biomes: minecraft:savanna (28 chunks), minecraft:desert (23 chunks), minecraft:windswept_hills (6 chunks), minecraft:plains (5 chunks), minecraft:beach (1 chunks), minecraft:deep_lukewarm_ocean (1 chunks), Current: 33, 131
[13Aug2026 06:56:45.039] [Server thread/INFO] [net.minecraft.server.MinecraftServer/]: [Chunky] Task running for minecraft:overworld. Processed: 78945 chunks (10.26%), ETA: 2:01:05, Rate: 95 cps, Surface biomes: minecraft:savanna (37 chunks), minecraft:dark_forest (28 chunks), minecraft:plains (15 chunks), minecraft:windswept_hills (8 chunks), minecraft:river (7 chunks), Current: 44, 132
[13Aug2026 06:56:46.143] [Server thread/INFO] [net.minecraft.server.MinecraftServer/]: [Chunky] Task running for minecraft:overworld. Processed: 78975 chunks (10.27%), ETA: 6:23:25, Rate: 30 cps, Surface biomes: minecraft:dark_forest (18 chunks), minecraft:river (6 chunks), minecraft:desert (4 chunks), minecraft:plains (1 chunks), minecraft:savanna (1 chunks), Current: 46, 135
[13Aug2026 06:56:47.273] [Server thread/INFO] [net.minecraft.server.MinecraftServer/]: [Chunky] Task running for minecraft:overworld. Processed: 79009 chunks (10.27%), ETA: 5:38:17, Rate: 34 cps, Surface biomes: minecraft:river (15 chunks), minecraft:dark_forest (13 chunks), minecraft:savanna (4 chunks), minecraft:desert (2 chunks), Current: 44, 140
[13Aug2026 06:56:48.356] [Server thread/INFO] [net.minecraft.server.MinecraftServer/]: [Chunky] Task running for minecraft:overworld. Processed: 79036 chunks (10.28%), ETA: 11:58:50, Rate: 16 cps, Surface biomes: minecraft:dark_forest (15 chunks), minecraft:river (1 chunks), Current: 40, 142
[13Aug2026 06:56:48.951] [Server thread/WARN] [net.minecraft.server.MinecraftServer/]: Can't keep up! Is the server overloaded? Running 5962ms or 119 ticks behind
[13Aug2026 06:56:49.838] [Server thread/INFO] [net.minecraft.server.MinecraftServer/]: [Chunky] Task running for minecraft:overworld. Processed: 79103 chunks (10.28%), ETA: 2:41:58, Rate: 71 cps, Surface biomes: minecraft:savanna (56 chunks), minecraft:dark_forest (6 chunks), minecraft:river (6 chunks), minecraft:plains (3 chunks), Current: 32, 143
[13Aug2026 06:56:50.888] [Server thread/INFO] [net.minecraft.server.MinecraftServer/]: [Chunky] Task running for minecraft:overworld. Processed: 79105 chunks (10.29%), ETA: 23:57:33, Rate: 8 cps, Surface biomes: minecraft:plains (4 chunks), minecraft:savanna (4 chunks), Current: 32, 144
[13Aug2026 06:56:51.938] [Server thread/INFO] [net.minecraft.server.MinecraftServer/]: [Chunky] Task running for minecraft:overworld. Processed: 79149 chunks (10.29%), ETA: 31:56:36, Rate: 6 cps, Surface biomes: minecraft:plains (4 chunks), minecraft:deep_lukewarm_ocean (1 chunks), minecraft:savanna (1 chunks), Current: 34, 151
[13Aug2026 06:56:52.988] [Server thread/INFO] [net.minecraft.server.MinecraftServer/]: [Chunky] Task running for minecraft:overworld. Processed: 79193 chunks (10.30%), ETA: 4:21:20, Rate: 44 cps, Surface biomes: minecraft:plains (18 chunks), minecraft:deep_lukewarm_ocean (9 chunks), minecraft:river (9 chunks), minecraft:savanna (7 chunks), minecraft:beach (1 chunks), Current: 34, 157
[13Aug2026 06:56:54.038] [Server thread/INFO] [net.minecraft.server.MinecraftServer/]: [Chunky] Task running for minecraft:overworld. Processed: 79236 chunks (10.30%), ETA: 4:40:26, Rate: 41 cps, Surface biomes: minecraft:deep_lukewarm_ocean (38 chunks), minecraft:savanna (3 chunks), Current: 41, 153
[13Aug2026 06:56:55.288] [Server thread/INFO] [net.minecraft.server.MinecraftServer/]: [Chunky] Task running for minecraft:overworld. Processed: 79250 chunks (10.30%), ETA: 13:41:17, Rate: 14 cps, Surface biomes: minecraft:deep_lukewarm_ocean (7 chunks), minecraft:savanna (7 chunks), Current: 41, 156
[13Aug2026 06:56:56.492] [Server thread/INFO] [net.minecraft.server.MinecraftServer/]: [Chunky] Task running for minecraft:overworld. Processed: 79300 chunks (10.31%), ETA: 10:05:06, Rate: 19 cps, Surface biomes: minecraft:deep_lukewarm_ocean (10 chunks), minecraft:savanna (8 chunks), minecraft:plains (1 chunks), Current: 40, 147
[13Aug2026 06:56:57.682] [Server thread/INFO] [net.minecraft.server.MinecraftServer/]: [Chunky] Task running for minecraft:overworld. Processed: 79353 chunks (10.32%), ETA: 2:16:51, Rate: 84 cps, Surface biomes: minecraft:savanna (54 chunks), minecraft:dark_forest (25 chunks), minecraft:river (5 chunks), Current: 46, 144
[13Aug2026 06:56:58.949] [Server thread/INFO] [net.minecraft.server.MinecraftServer/]: [Chunky] Task running for minecraft:overworld. Processed: 79401 chunks (10.32%), ETA: 13:41:06, Rate: 14 cps, Surface biomes: minecraft:dark_forest (14 chunks), Current: 50, 148
[13Aug2026 06:56:59.974] [Server thread/INFO] [net.minecraft.server.MinecraftServer/]: [Chunky] Task running for minecraft:overworld. Processed: 79450 chunks (10.33%), ETA: 5:02:29, Rate: 38 cps, Surface biomes: minecraft:dark_forest (36 chunks), minecraft:river (2 chunks), Current: 50, 157
[13Aug2026 06:57:01.158] [Server thread/INFO] [net.minecraft.server.MinecraftServer/]: [Chunky] Task running for minecraft:overworld. Processed: 79493 chunks (10.34%), ETA: 4:40:20, Rate: 41 cps, Surface biomes: minecraft:dark_forest (26 chunks), minecraft:savanna (15 chunks), Current: 58, 153
[13Aug2026 06:57:03.253] [Server thread/INFO] [net.minecraft.server.MinecraftServer/]: [Chunky] Task running for minecraft:overworld. Processed: 79530 chunks (10.34%), ETA: 5:10:37, Rate: 37 cps, Surface biomes: minecraft:dark_forest (30 chunks), minecraft:meadow (7 chunks), Current: 60, 155
[13Aug2026 06:57:04.336] [Server thread/INFO] [net.minecraft.server.MinecraftServer/]: [Chunky] Task running for minecraft:overworld. Processed: 79599 chunks (10.35%), ETA: 4:47:18, Rate: 40 cps, Surface biomes: minecraft:meadow (26 chunks), minecraft:river (5 chunks), minecraft:windswept_hills (5 chunks), minecraft:dark_forest (3 chunks), minecraft:stony_shore (1 chunks), Current: 59, 144
[13Aug2026 06:57:05.831] [Server thread/INFO] [net.minecraft.server.MinecraftServer/]: [Chunky] Task running for minecraft:overworld. Processed: 79621 chunks (10.35%), ETA: 3:49:50, Rate: 50 cps, Surface biomes: minecraft:windswept_hills (33 chunks), minecraft:river (9 chunks), minecraft:dark_forest (8 chunks), Current: 61, 142
[13Aug2026 06:57:06.425] [Server thread/WARN] [net.minecraft.server.MinecraftServer/]: Can't keep up! Is the server overloaded? Running 2487ms or 49 ticks behind
[13Aug2026 06:57:07.788] [Server thread/INFO] [net.minecraft.server.MinecraftServer/]: [Chunky] Task running for minecraft:overworld. Processed: 79663 chunks (10.36%), ETA: 13:40:47, Rate: 14 cps, Surface biomes: minecraft:windswept_hills (14 chunks), Current: 58, 141
[13Aug2026 06:57:08.795] [Server thread/INFO] [net.minecraft.server.MinecraftServer/]: [Chunky] Task running for minecraft:overworld. Processed: 79698 chunks (10.36%), ETA: 21:16:43, Rate: 9 cps, Surface biomes: minecraft:dark_forest (5 chunks), minecraft:windswept_hills (4 chunks), Current: 54, 142
[13Aug2026 06:57:09.838] [Server thread/INFO] [net.minecraft.server.MinecraftServer/]: [Chunky] Task running for minecraft:overworld. Processed: 79762 chunks (10.37%), ETA: 5:48:09, Rate: 33 cps, Surface biomes: minecraft:dark_forest (12 chunks), minecraft:windswept_hills (11 chunks), minecraft:river (10 chunks), Current: 50, 131
[13Aug2026 06:57:11.007] [Server thread/INFO] [net.minecraft.server.MinecraftServer/]: [Chunky] Task running for minecraft:overworld. Processed: 79845 chunks (10.38%), ETA: 2:33:10, Rate: 75 cps, Surface biomes: minecraft:desert (31 chunks), minecraft:windswept_hills (28 chunks), minecraft:dark_forest (16 chunks), Current: 60, 132
[13Aug2026 06:57:12.722] [Server thread/INFO] [net.minecraft.server.MinecraftServer/]: [Chunky] Task running for minecraft:overworld. Processed: 79890 chunks (10.39%), ETA: 4:15:16, Rate: 45 cps, Surface biomes: minecraft:desert (41 chunks), minecraft:windswept_hills (4 chunks), Current: 64, 133
[13Aug2026 06:57:14.603] [Server thread/INFO] [net.minecraft.server.MinecraftServer/]: [Chunky] Task running for minecraft:overworld. Processed: 79939 chunks (10.39%), ETA: 3:54:25, Rate: 49 cps, Surface biomes: minecraft:desert (21 chunks), minecraft:river (16 chunks), minecraft:windswept_hills (10 chunks), minecraft:beach (1 chunks), minecraft:birch_forest (1 chunks), Current: 72, 130
[13Aug2026 06:57:17.200] [Server thread/INFO] [net.minecraft.server.MinecraftServer/]: [Chunky] Task running for minecraft:overworld. Processed: 80001 chunks (10.40%), ETA: 3:05:14, Rate: 62 cps, Surface biomes: minecraft:windswept_hills (53 chunks), minecraft:dark_forest (5 chunks), minecraft:desert (2 chunks), minecraft:river (1 chunks), minecraft:stony_shore (1 chunks), Current: 73, 136
[13Aug2026 06:57:19.123] [Server thread/INFO] [net.minecraft.server.MinecraftServer/]: [Chunky] Task running for minecraft:overworld. Processed: 80049 chunks (10.41%), ETA: 3:59:15, Rate: 48 cps, Surface biomes: minecraft:windswept_hills (22 chunks), minecraft:desert (14 chunks), minecraft:river (12 chunks), Current: 75, 142
[13Aug2026 06:57:20.151] [Server thread/INFO] [net.minecraft.server.MinecraftServer/]: [Chunky] Task running for minecraft:overworld. Processed: 80133 chunks (10.42%), ETA: 2:16:42, Rate: 84 cps, Surface biomes: minecraft:desert (67 chunks), minecraft:river (13 chunks), minecraft:windswept_hills (4 chunks), Current: 65, 144
[13Aug2026 06:57:21.248] [Server thread/INFO] [net.minecraft.server.MinecraftServer/]: [Chunky] Task running for minecraft:overworld. Processed: 80141 chunks (10.42%), ETA: 23:55:23, Rate: 8 cps, Surface biomes: minecraft:desert (3 chunks), minecraft:river (2 chunks), minecraft:windswept_hills (2 chunks), minecraft:beach (1 chunks), Current: 67, 144
[13Aug2026 06:57:22.688] [Server thread/INFO] [net.minecraft.server.MinecraftServer/]: [Chunky] Task running for minecraft:overworld. Processed: 80186 chunks (10.43%), ETA: 4:15:09, Rate: 45 cps, Surface biomes: minecraft:desert (23 chunks), minecraft:river (14 chunks), minecraft:windswept_hills (5 chunks), minecraft:beach (1 chunks), minecraft:meadow (1 chunks), minecraft:stony_shore (1 chunks), Current: 65, 148
[13Aug2026 06:57:23.738] [Server thread/INFO] [net.minecraft.server.MinecraftServer/]: [Chunky] Task running for minecraft:overworld. Processed: 80232 chunks (10.43%), ETA: 63:47:12, Rate: 3 cps, Surface biomes: minecraft:river (2 chunks), minecraft:windswept_hills (1 chunks), Current: 69, 159
[13Aug2026 06:57:24.788] [Server thread/INFO] [net.minecraft.server.MinecraftServer/]: [Chunky] Task running for minecraft:overworld. Processed: 80257 chunks (10.43%), ETA: 3:54:18, Rate: 49 cps, Surface biomes: minecraft:meadow (22 chunks), minecraft:river (14 chunks), minecraft:windswept_hills (13 chunks), Current: 73, 156
[13Aug2026 06:57:25.835] [Server thread/INFO] [net.minecraft.server.MinecraftServer/]: [Chunky] Task running for minecraft:overworld. Processed: 80298 chunks (10.44%), ETA: 7:58:21, Rate: 24 cps, Surface biomes: minecraft:meadow (11 chunks), minecraft:desert (10 chunks), minecraft:windswept_hills (2 chunks), minecraft:river (1 chunks), Current: 77, 159
[13Aug2026 06:57:27.692] [Server thread/INFO] [net.minecraft.server.MinecraftServer/]: [Chunky] Task running for minecraft:overworld. Processed: 80381 chunks (10.45%), ETA: 3:49:34, Rate: 50 cps, Surface biomes: minecraft:desert (50 chunks), Current: 78, 144
[13Aug2026 06:57:28.253] [Server thread/WARN] [net.minecraft.server.MinecraftServer/]: Can't keep up! Is the server overloaded? Running 2065ms or 41 ticks behind
[13Aug2026 06:57:29.275] [Server thread/INFO] [net.minecraft.server.MinecraftServer/]: [Chunky] Task running for minecraft:overworld. Processed: 80481 chunks (10.46%), ETA: 4:33:16, Rate: 42 cps, Surface biomes: minecraft:desert (24 chunks), minecraft:meadow (16 chunks), minecraft:windswept_hills (2 chunks), Current: 84, 152
[13Aug2026 06:57:30.766] [Server thread/INFO] [net.minecraft.server.MinecraftServer/]: [Chunky] Task running for minecraft:overworld. Processed: 80531 chunks (10.47%), ETA: 3:49:31, Rate: 50 cps, Surface biomes: minecraft:desert (19 chunks), minecraft:meadow (17 chunks), minecraft:dark_forest (9 chunks), minecraft:savanna (5 chunks), Current: 91, 158
[13Aug2026 06:57:31.769] [Server thread/INFO] [net.minecraft.server.MinecraftServer/]: [Chunky] Task running for minecraft:overworld. Processed: 80592 chunks (10.48%), ETA: 4:46:53, Rate: 40 cps, Surface biomes: minecraft:meadow (18 chunks), minecraft:desert (13 chunks), minecraft:savanna (5 chunks), minecraft:dark_forest (4 chunks), Current: 92, 150
[13Aug2026 06:57:32.950] [Server thread/INFO] [net.minecraft.server.MinecraftServer/]: [Chunky] Task running for minecraft:overworld. Processed: 80630 chunks (10.48%), ETA: 3:49:29, Rate: 50 cps, Surface biomes: minecraft:savanna (35 chunks), minecraft:dark_forest (15 chunks), Current: 93, 146
[13Aug2026 06:57:34.638] [Server thread/INFO] [net.minecraft.server.MinecraftServer/]: [Chunky] Task running for minecraft:overworld. Processed: 80639 chunks (10.48%), ETA: 191:14:50, Rate: 1 cps, Surface biomes: minecraft:savanna (1 chunks), Current: 95, 143
[13Aug2026 06:57:35.639] [Server thread/INFO] [net.minecraft.server.MinecraftServer/]: [Chunky] Task running for minecraft:overworld. Processed: 80643 chunks (10.48%), ETA: 95:37:23, Rate: 2 cps, Surface biomes: minecraft:river (2 chunks), Current: 95, 142
[13Aug2026 06:57:36.689] [Server thread/INFO] [net.minecraft.server.MinecraftServer/]: [Chunky] Task running for minecraft:overworld. Processed: 80696 chunks (10.49%), ETA: 12:44:55, Rate: 15 cps, Surface biomes: minecraft:savanna (9 chunks), minecraft:dark_forest (3 chunks), minecraft:plains (2 chunks), minecraft:river (1 chunks), Current: 90, 141
[13Aug2026 06:57:37.738] [Server thread/INFO] [net.minecraft.server.MinecraftServer/]: [Chunky] Task running for minecraft:overworld. Processed: 80730 chunks (10.50%), ETA: 3:44:58, Rate: 51 cps, Surface biomes: minecraft:savanna (19 chunks), minecraft:river (12 chunks), minecraft:plains (11 chunks), minecraft:dark_forest (9 chunks), Current: 81, 141
[13Aug2026 06:57:38.747] [Server thread/INFO] [net.minecraft.server.MinecraftServer/]: [Chunky] Task running for minecraft:overworld. Processed: 80754 chunks (10.50%), ETA: 7:38:55, Rate: 25 cps, Surface biomes: minecraft:dark_forest (14 chunks), minecraft:windswept_hills (10 chunks), minecraft:desert (1 chunks), Current: 83, 136
[13Aug2026 06:57:39.788] [Server thread/INFO] [net.minecraft.server.MinecraftServer/]: [Chunky] Task running for minecraft:overworld. Processed: 80816 chunks (10.51%), ETA: 3:58:59, Rate: 48 cps, Surface biomes: minecraft:dark_forest (23 chunks), minecraft:windswept_hills (16 chunks), minecraft:river (7 chunks), minecraft:desert (2 chunks), Current: 83, 128
[13Aug2026 06:57:40.913] [Server thread/INFO] [net.minecraft.server.MinecraftServer/]: [Chunky] Task running for minecraft:overworld. Processed: 80898 chunks (10.52%), ETA: 3:49:24, Rate: 50 cps, Surface biomes: minecraft:windswept_hills (23 chunks), minecraft:dark_forest (11 chunks), minecraft:river (10 chunks), minecraft:savanna (4 chunks), minecraft:desert (2 chunks), Current: 97, 128
[13Aug2026 06:57:42.358] [Server thread/INFO] [net.minecraft.server.MinecraftServer/]: [Chunky] Task running for minecraft:overworld. Processed: 80946 chunks (10.52%), ETA: 6:35:30, Rate: 29 cps, Surface biomes: minecraft:savanna (29 chunks), Current: 101, 131
[13Aug2026 06:57:43.588] [Server thread/INFO] [net.minecraft.server.MinecraftServer/]: [Chunky] Task running for minecraft:overworld. Processed: 80993 chunks (10.53%), ETA: 4:04:01, Rate: 47 cps, Surface biomes: minecraft:savanna (27 chunks), minecraft:dark_forest (11 chunks), minecraft:river (9 chunks), Current: 104, 133
[13Aug2026 06:57:44.743] [Server thread/INFO] [net.minecraft.server.MinecraftServer/]: [Chunky] Task running for minecraft:overworld. Processed: 81041 chunks (10.54%), ETA: 3:58:55, Rate: 48 cps, Surface biomes: minecraft:dark_forest (26 chunks), minecraft:savanna (19 chunks), minecraft:plains (2 chunks), minecraft:river (1 chunks), Current: 108, 136
[13Aug2026 06:57:45.752] [Server thread/INFO] [net.minecraft.server.MinecraftServer/]: [Chunky] Task running for minecraft:overworld. Processed: 81095 chunks (10.54%), ETA: 7:04:42, Rate: 27 cps, Surface biomes: minecraft:plains (19 chunks), minecraft:dark_forest (5 chunks), minecraft:savanna (3 chunks), Current: 103, 137
[13Aug2026 06:57:46.492] [Server thread/WARN] [net.minecraft.server.MinecraftServer/]: Can't keep up! Is the server overloaded? Running 3254ms or 65 ticks behind
[13Aug2026 06:57:46.916] [Server thread/INFO] [net.minecraft.server.MinecraftServer/]: [Chunky] Task running for minecraft:overworld. Processed: 81155 chunks (10.55%), ETA: 2:30:52, Rate: 76 cps, Surface biomes: minecraft:savanna (53 chunks), minecraft:plains (23 chunks), Current: 96, 145
[13Aug2026 06:57:47.938] [Server thread/INFO] [net.minecraft.server.MinecraftServer/]: [Chunky] Task running for minecraft:overworld. Processed: 81211 chunks (10.56%), ETA: 10:36:57, Rate: 18 cps, Surface biomes: minecraft:savanna (14 chunks), minecraft:river (4 chunks), Current: 97, 149
[13Aug2026 06:57:49.138] [Server thread/INFO] [net.minecraft.server.MinecraftServer/]: [Chunky] Task running for minecraft:overworld. Processed: 81217 chunks (10.56%), ETA: 47:46:18, Rate: 4 cps, Surface biomes: minecraft:savanna (4 chunks), Current: 97, 153
[13Aug2026 06:57:50.191] [Server thread/INFO] [net.minecraft.server.MinecraftServer/]: [Chunky] Task running for minecraft:overworld. Processed: 81243 chunks (10.56%), ETA: 8:18:28, Rate: 23 cps, Surface biomes: minecraft:savanna (15 chunks), minecraft:dark_forest (7 chunks), minecraft:meadow (1 chunks), Current: 98, 157
[13Aug2026 06:57:51.238] [Server thread/INFO] [net.minecraft.server.MinecraftServer/]: [Chunky] Task running for minecraft:overworld. Processed: 81269 chunks (10.57%), ETA: 8:41:06, Rate: 22 cps, Surface biomes: minecraft:savanna (10 chunks), minecraft:dark_forest (5 chunks), minecraft:plains (4 chunks), minecraft:river (2 chunks), minecraft:meadow (1 chunks), Current: 102, 158
[13Aug2026 06:57:53.088] [Server thread/INFO] [net.minecraft.server.MinecraftServer/]: [Chunky] Task running for minecraft:overworld. Processed: 81315 chunks (10.57%), ETA: 3:36:17, Rate: 53 cps, Surface biomes: minecraft:plains (36 chunks), minecraft:river (13 chunks), minecraft:savanna (4 chunks), Current: 108, 158
[13Aug2026 06:57:54.089] [Server thread/INFO] [net.minecraft.server.MinecraftServer/]: [Chunky] Task running for minecraft:overworld. Processed: 81365 chunks (10.58%), ETA: 4:03:53, Rate: 47 cps, Surface biomes: minecraft:plains (41 chunks), minecraft:river (6 chunks), Current: 111, 149
[13Aug2026 06:57:55.238] [Server thread/INFO] [net.minecraft.server.MinecraftServer/]: [Chunky] Task running for minecraft:overworld. Processed: 81414 chunks (10.59%), ETA: 3:40:25, Rate: 52 cps, Surface biomes: minecraft:plains (50 chunks), minecraft:river (2 chunks), Current: 112, 144
[13Aug2026 06:57:56.308] [Server thread/INFO] [net.minecraft.server.MinecraftServer/]: [Chunky] Task running for minecraft:overworld. Processed: 81419 chunks (10.59%), ETA: 38:12:22, Rate: 5 cps, Surface biomes: minecraft:plains (3 chunks), minecraft:river (2 chunks), Current: 114, 147
[13Aug2026 06:57:57.312] [Server thread/INFO] [net.minecraft.server.MinecraftServer/]: [Chunky] Task running for minecraft:overworld. Processed: 81469 chunks (10.59%), ETA: 5:01:36, Rate: 38 cps, Surface biomes: minecraft:deep_lukewarm_ocean (28 chunks), minecraft:river (8 chunks), minecraft:plains (2 chunks), Current: 112, 150
[13Aug2026 06:57:58.428] [Server thread/INFO] [net.minecraft.server.MinecraftServer/]: [Chunky] Task running for minecraft:overworld. Processed: 81505 chunks (10.60%), ETA: 4:14:40, Rate: 45 cps, Surface biomes: minecraft:deep_lukewarm_ocean (22 chunks), minecraft:river (16 chunks), minecraft:plains (6 chunks), minecraft:savanna (1 chunks), Current: 116, 156
[13Aug2026 06:57:59.889] [Server thread/INFO] [net.minecraft.server.MinecraftServer/]: [Chunky] Task running for minecraft:overworld. Processed: 81561 chunks (10.60%), ETA: 5:27:24, Rate: 35 cps, Surface biomes: minecraft:deep_lukewarm_ocean (35 chunks), Current: 122, 157
[13Aug2026 06:58:01.168] [Server thread/INFO] [net.minecraft.server.MinecraftServer/]: [Chunky] Task running for minecraft:overworld. Processed: 81633 chunks (10.61%), ETA: 2:51:01, Rate: 67 cps, Surface biomes: minecraft:deep_lukewarm_ocean (67 chunks), Current: 120, 146
[13Aug2026 06:58:02.351] [Server thread/INFO] [net.minecraft.server.MinecraftServer/]: [Chunky] Task running for minecraft:overworld. Processed: 81669 chunks (10.62%), ETA: 5:18:16, Rate: 36 cps, Surface biomes: minecraft:deep_lukewarm_ocean (36 chunks), Current: 125, 143
[13Aug2026 06:58:04.362] [Server thread/INFO] [net.minecraft.server.MinecraftServer/]: [Chunky] Task running for minecraft:overworld. Processed: 81690 chunks (10.62%), ETA: 63:39:06, Rate: 3 cps, Surface biomes: minecraft:plains (2 chunks), minecraft:deep_lukewarm_ocean (1 chunks), Current: 121, 137
[13Aug2026 06:58:05.400] [Server thread/INFO] [net.minecraft.server.MinecraftServer/]: [Chunky] Task running for minecraft:overworld. Processed: 81785 chunks (10.63%), ETA: 3:58:39, Rate: 48 cps, Surface biomes: minecraft:river (19 chunks), minecraft:savanna (14 chunks), minecraft:deep_lukewarm_ocean (10 chunks), minecraft:plains (5 chunks), Current: 117, 139
[13Aug2026 06:58:05.502] [Server thread/WARN] [net.minecraft.server.MinecraftServer/]: Can't keep up! Is the server overloaded? Running 4014ms or 80 ticks behind
[13Aug2026 06:58:06.638] [Server thread/INFO] [net.minecraft.server.MinecraftServer/]: [Chunky] Task running for minecraft:overworld. Processed: 81793 chunks (10.63%), ETA: 3:28:17, Rate: 55 cps, Surface biomes: minecraft:savanna (30 chunks), minecraft:plains (17 chunks), minecraft:river (4 chunks), minecraft:dark_forest (3 chunks), minecraft:deep_lukewarm_ocean (1 chunks), Current: 114, 134
[13Aug2026 06:58:07.652] [Server thread/INFO] [net.minecraft.server.MinecraftServer/]: [Chunky] Task running for minecraft:overworld. Processed: 81832 chunks (10.64%), ETA: 11:55:56, Rate: 16 cps, Surface biomes: minecraft:dark_forest (9 chunks), minecraft:river (6 chunks), minecraft:savanna (1 chunks), Current: 117, 133
[13Aug2026 06:58:08.688] [Server thread/INFO] [net.minecraft.server.MinecraftServer/]: [Chunky] Task running for minecraft:overworld. Processed: 81884 chunks (10.65%), ETA: 4:14:32, Rate: 45 cps, Surface biomes: minecraft:dark_forest (31 chunks), minecraft:river (12 chunks), minecraft:savanna (2 chunks), Current: 122, 135
[13Aug2026 06:58:09.738] [Server thread/INFO] [net.minecraft.server.MinecraftServer/]: [Chunky] Task running for minecraft:overworld. Processed: 81943 chunks (10.65%), ETA: 5:09:32, Rate: 37 cps, Surface biomes: minecraft:dark_forest (20 chunks), minecraft:river (13 chunks), minecraft:savanna (4 chunks), Current: 129, 134
[13Aug2026 06:58:10.765] [Server thread/INFO] [net.minecraft.server.MinecraftServer/]: [Chunky] Task running for minecraft:overworld. Processed: 81997 chunks (10.66%), ETA: 3:24:30, Rate: 56 cps, Surface biomes: minecraft:dark_forest (33 chunks), minecraft:mangrove_swamp (13 chunks), minecraft:savanna (6 chunks), minecraft:river (2 chunks), minecraft:deep_lukewarm_ocean (1 chunks), minecraft:plains (1 chunks), Current: 139, 131
[13Aug2026 06:58:11.846] [Server thread/INFO] [net.minecraft.server.MinecraftServer/]: [Chunky] Task running for minecraft:overworld. Processed: 81999 chunks (10.66%), ETA: 3:40:14, Rate: 52 cps, Surface biomes: minecraft:mangrove_swamp (23 chunks), minecraft:river (12 chunks), minecraft:dark_forest (9 chunks), minecraft:deep_lukewarm_ocean (5 chunks), minecraft:plains (3 chunks), Current: 138, 128
[13Aug2026 06:58:13.672] [Server thread/INFO] [net.minecraft.server.MinecraftServer/]: [Chunky] Task running for minecraft:overworld. Processed: 82049 chunks (10.67%), ETA: 3:58:34, Rate: 48 cps, Surface biomes: minecraft:mangrove_swamp (25 chunks), minecraft:plains (14 chunks), minecraft:deep_lukewarm_ocean (9 chunks), Current: 138, 136
[13Aug2026 06:58:14.998] [Server thread/INFO] [net.minecraft.server.MinecraftServer/]: [Chunky] Task running for minecraft:overworld. Processed: 82101 chunks (10.67%), ETA: 5:36:46, Rate: 34 cps, Surface biomes: minecraft:deep_lukewarm_ocean (34 chunks), Current: 138, 140
[13Aug2026 06:58:16.173] [Server thread/INFO] [net.minecraft.server.MinecraftServer/]: [Chunky] Task running for minecraft:overworld. Processed: 82198 chunks (10.69%), ETA: 1:59:15, Rate: 96 cps, Surface biomes: minecraft:deep_lukewarm_ocean (92 chunks), minecraft:river (4 chunks), Current: 135, 144
[13Aug2026 06:58:17.588] [Server thread/INFO] [net.minecraft.server.MinecraftServer/]: [Chunky] Task running for minecraft:overworld. Processed: 82241 chunks (10.69%), ETA: 4:26:14, Rate: 43 cps, Surface biomes: minecraft:deep_lukewarm_ocean (43 chunks), Current: 128, 154
[13Aug2026 06:58:18.638] [Server thread/INFO] [net.minecraft.server.MinecraftServer/]: [Chunky] Task running for minecraft:overworld. Processed: 82277 chunks (10.70%), ETA: 11:55:28, Rate: 16 cps, Surface biomes: minecraft:deep_lukewarm_ocean (16 chunks), Current: 134, 156
[13Aug2026 06:58:19.738] [Server thread/INFO] [net.minecraft.server.MinecraftServer/]: [Chunky] Task running for minecraft:overworld. Processed: 82335 chunks (10.70%), ETA: 5:46:51, Rate: 33 cps, Surface biomes: minecraft:deep_lukewarm_ocean (33 chunks), Current: 139, 158
[13Aug2026 06:58:20.739] [Server thread/INFO] [net.minecraft.server.MinecraftServer/]: [Chunky] Task running for minecraft:overworld. Processed: 82386 chunks (10.71%), ETA: 3:53:35, Rate: 49 cps, Surface biomes: minecraft:deep_lukewarm_ocean (49 chunks), Current: 143, 149
[13Aug2026 06:58:21.788] [Server thread/INFO] [net.minecraft.server.MinecraftServer/]: [Chunky] Task running for minecraft:overworld. Processed: 82420 chunks (10.72%), ETA: 3:28:05, Rate: 55 cps, Surface biomes: minecraft:deep_lukewarm_ocean (55 chunks), Current: 140, 144
[13Aug2026 06:58:22.838] [Server thread/INFO] [net.minecraft.server.MinecraftServer/]: [Chunky] Task running for minecraft:overworld. Processed: 82459 chunks (10.72%), ETA: 6:09:10, Rate: 31 cps, Surface biomes: minecraft:deep_lukewarm_ocean (31 chunks), Current: 150, 146
[13Aug2026 06:58:23.888] [Server thread/INFO] [net.minecraft.server.MinecraftServer/]: [Chunky] Task running for minecraft:overworld. Processed: 82521 chunks (10.73%), ETA: 4:39:06, Rate: 41 cps, Surface biomes: minecraft:deep_lukewarm_ocean (41 chunks), Current: 146, 156
[13Aug2026 06:58:24.988] [Server thread/INFO] [net.minecraft.server.MinecraftServer/]: [Chunky] Task running for minecraft:overworld. Processed: 82547 chunks (10.73%), ETA: 3:17:17, Rate: 58 cps, Surface biomes: minecraft:deep_lukewarm_ocean (58 chunks), Current: 150, 153
[13Aug2026 06:58:25.995] [Server thread/INFO] [net.minecraft.server.MinecraftServer/]: [Chunky] Task running for minecraft:overworld. Processed: 82625 chunks (10.74%), ETA: 7:56:44, Rate: 24 cps, Surface biomes: minecraft:deep_lukewarm_ocean (24 chunks), Current: 159, 151
[13Aug2026 06:58:27.056] [Server thread/INFO] [net.minecraft.server.MinecraftServer/]: [Chunky] Task running for minecraft:overworld. Processed: 82676 chunks (10.75%), ETA: 3:48:49, Rate: 50 cps, Surface biomes: minecraft:deep_lukewarm_ocean (50 chunks), Current: 156, 145
[13Aug2026 06:58:29.009] [Server thread/INFO] [net.minecraft.server.MinecraftServer/]: [Chunky] Task running for minecraft:overworld. Processed: 82681 chunks (10.75%), ETA: 38:08:09, Rate: 5 cps, Surface biomes: minecraft:deep_lukewarm_ocean (5 chunks), Current: 156, 143
[13Aug2026 06:58:29.072] [Server thread/WARN] [net.minecraft.server.MinecraftServer/]: Can't keep up! Is the server overloaded? Running 3384ms or 67 ticks behind
[13Aug2026 06:58:30.125] [Server thread/INFO] [net.minecraft.server.MinecraftServer/]: [Chunky] Task running for minecraft:overworld. Processed: 82753 chunks (10.76%), ETA: 2:38:53, Rate: 72 cps, Surface biomes: minecraft:deep_lukewarm_ocean (55 chunks), minecraft:river (8 chunks), minecraft:mangrove_swamp (5 chunks), minecraft:plains (4 chunks), Current: 149, 143
[13Aug2026 06:58:31.631] [Server thread/INFO] [net.minecraft.server.MinecraftServer/]: [Chunky] Task running for minecraft:overworld. Processed: 82807 chunks (10.77%), ETA: 3:31:49, Rate: 54 cps, Surface biomes: minecraft:deep_lukewarm_ocean (48 chunks), minecraft:river (6 chunks), Current: 149, 137
[13Aug2026 06:58:32.889] [Server thread/INFO] [net.minecraft.server.MinecraftServer/]: [Chunky] Task running for minecraft:overworld. Processed: 82865 chunks (10.77%), ETA: 21:10:51, Rate: 9 cps, Surface biomes: minecraft:mangrove_swamp (4 chunks), minecraft:river (4 chunks), minecraft:deep_lukewarm_ocean (1 chunks), Current: 148, 131
[13Aug2026 06:58:33.938] [Server thread/INFO] [net.minecraft.server.MinecraftServer/]: [Chunky] Task running for minecraft:overworld. Processed: 82906 chunks (10.78%), ETA: 3:44:15, Rate: 51 cps, Surface biomes: minecraft:mangrove_swamp (23 chunks), minecraft:river (22 chunks), minecraft:plains (6 chunks), Current: 155, 134
[13Aug2026 06:58:34.988] [Server thread/INFO] [net.minecraft.server.MinecraftServer/]: [Chunky] Task running for minecraft:overworld. Processed: 82941 chunks (10.78%), ETA: 4:38:56, Rate: 41 cps, Surface biomes: minecraft:mangrove_swamp (23 chunks), minecraft:river (11 chunks), minecraft:dark_forest (3 chunks), minecraft:deep_lukewarm_ocean (2 chunks), minecraft:plains (2 chunks), Current: 158, 129
[13Aug2026 06:58:36.088] [Server thread/INFO] [net.minecraft.server.MinecraftServer/]: [Chunky] Task running for minecraft:overworld. Processed: 82965 chunks (10.79%), ETA: 8:17:13, Rate: 23 cps, Surface biomes: minecraft:dark_forest (10 chunks), minecraft:deep_lukewarm_ocean (8 chunks), minecraft:river (3 chunks), minecraft:plains (1 chunks), minecraft:savanna (1 chunks), Current: 160, 134
[13Aug2026 06:58:37.138] [Server thread/INFO] [net.minecraft.server.MinecraftServer/]: [Chunky] Task running for minecraft:overworld. Processed: 83007 chunks (10.79%), ETA: 4:45:53, Rate: 40 cps, Surface biomes: minecraft:deep_lukewarm_ocean (31 chunks), minecraft:river (5 chunks), minecraft:dark_forest (4 chunks), Current: 167, 128
[13Aug2026 06:58:38.188] [Server thread/INFO] [net.minecraft.server.MinecraftServer/]: [Chunky] Task running for minecraft:overworld. Processed: 83023 chunks (10.79%), ETA: 13:36:47, Rate: 14 cps, Surface biomes: minecraft:river (6 chunks), minecraft:dark_forest (5 chunks), minecraft:deep_lukewarm_ocean (2 chunks), minecraft:savanna (1 chunks), Current: 171, 132
[13Aug2026 06:58:39.238] [Server thread/INFO] [net.minecraft.server.MinecraftServer/]: [Chunky] Task running for minecraft:overworld. Processed: 83085 chunks (10.80%), ETA: 7:19:46, Rate: 26 cps, Surface biomes: minecraft:deep_lukewarm_ocean (13 chunks), minecraft:dark_forest (7 chunks), minecraft:river (5 chunks), minecraft:plains (1 chunks), Current: 171, 137
[13Aug2026 06:58:41.408] [Server thread/INFO] [net.minecraft.server.MinecraftServer/]: [Chunky] Task running for minecraft:overworld. Processed: 83093 chunks (10.80%), ETA: 3:58:12, Rate: 48 cps, Surface biomes: minecraft:deep_lukewarm_ocean (47 chunks), minecraft:dark_forest (1 chunks), Current: 173, 140
[13Aug2026 06:58:43.118] [Server thread/INFO] [net.minecraft.server.MinecraftServer/]: [Chunky] Task running for minecraft:overworld. Processed: 83205 chunks (10.82%), ETA: 3:04:23, Rate: 62 cps, Surface biomes: minecraft:deep_lukewarm_ocean (54 chunks), minecraft:river (7 chunks), minecraft:plains (1 chunks), Current: 160, 147
[13Aug2026 06:58:44.138] [Server thread/INFO] [net.minecraft.server.MinecraftServer/]: [Chunky] Task running for minecraft:overworld. Processed: 83259 chunks (10.83%), ETA: 3:31:41, Rate: 54 cps, Surface biomes: minecraft:deep_lukewarm_ocean (54 chunks), Current: 161, 149
[13Aug2026 06:58:45.139] [Server thread/INFO] [net.minecraft.server.MinecraftServer/]: [Chunky] Task running for minecraft:overworld. Processed: 83286 chunks (10.83%), ETA: 9:31:32, Rate: 20 cps, Surface biomes: minecraft:deep_lukewarm_ocean (20 chunks), Current: 161, 157
[13Aug2026 06:58:46.188] [Server thread/INFO] [net.minecraft.server.MinecraftServer/]: [Chunky] Task running for minecraft:overworld. Processed: 83323 chunks (10.83%), ETA: 4:38:46, Rate: 41 cps, Surface biomes: minecraft:deep_lukewarm_ocean (41 chunks), Current: 164, 152
[13Aug2026 06:58:47.388] [Server thread/INFO] [net.minecraft.server.MinecraftServer/]: [Chunky] Task running for minecraft:overworld. Processed: 83360 chunks (10.84%), ETA: 4:45:44, Rate: 40 cps, Surface biomes: minecraft:deep_lukewarm_ocean (40 chunks), Current: 171, 159
[13Aug2026 06:58:48.438] [Server thread/INFO] [net.minecraft.server.MinecraftServer/]: [Chunky] Task running for minecraft:overworld. Processed: 83401 chunks (10.84%), ETA: 11:54:18, Rate: 16 cps, Surface biomes: minecraft:deep_lukewarm_ocean (16 chunks), Current: 175, 153
[13Aug2026 06:58:49.488] [Server thread/INFO] [net.minecraft.server.MinecraftServer/]: [Chunky] Task running for minecraft:overworld. Processed: 83436 chunks (10.85%), ETA: 3:44:04, Rate: 51 cps, Surface biomes: minecraft:deep_lukewarm_ocean (51 chunks), Current: 169, 144
[13Aug2026 06:58:50.588] [Server thread/INFO] [net.minecraft.server.MinecraftServer/]: [Chunky] Task running for minecraft:overworld. Processed: 83477 chunks (10.85%), ETA: 4:38:43, Rate: 41 cps, Surface biomes: minecraft:deep_lukewarm_ocean (41 chunks), Current: 180, 146
[13Aug2026 06:58:51.638] [Server thread/INFO] [net.minecraft.server.MinecraftServer/]: [Chunky] Task running for minecraft:overworld. Processed: 83512 chunks (10.86%), ETA: 9:04:08, Rate: 21 cps, Surface biomes: minecraft:deep_lukewarm_ocean (21 chunks), Current: 179, 151
[13Aug2026 06:58:52.688] [Server thread/INFO] [net.minecraft.server.MinecraftServer/]: [Chunky] Task running for minecraft:overworld. Processed: 83545 chunks (10.86%), ETA: 6:20:52, Rate: 30 cps, Surface biomes: minecraft:deep_lukewarm_ocean (30 chunks), Current: 178, 157
[13Aug2026 06:58:53.988] [Server thread/INFO] [net.minecraft.server.MinecraftServer/]: [Chunky] Task running for minecraft:overworld. Processed: 83590 chunks (10.87%), ETA: 2:53:06, Rate: 66 cps, Surface biomes: minecraft:deep_lukewarm_ocean (66 chunks), Current: 186, 152
[13Aug2026 06:58:55.001] [Server thread/INFO] [net.minecraft.server.MinecraftServer/]: [Chunky] Task running for minecraft:overworld. Processed: 83635 chunks (10.87%), ETA: 4:38:39, Rate: 41 cps, Surface biomes: minecraft:deep_lukewarm_ocean (41 chunks), Current: 191, 154
[13Aug2026 06:58:57.044] [Server thread/INFO] [net.minecraft.server.MinecraftServer/]: [Chunky] Task running for minecraft:overworld. Processed: 83705 chunks (10.88%), ETA: 2:43:11, Rate: 70 cps, Surface biomes: minecraft:deep_lukewarm_ocean (70 chunks), Current: 190, 144
[13Aug2026 06:58:57.840] [Server thread/WARN] [net.minecraft.server.MinecraftServer/]: Can't keep up! Is the server overloaded? Running 2151ms or 43 ticks behind
[13Aug2026 06:58:58.393] [Server thread/INFO] [net.minecraft.server.MinecraftServer/]: [Chunky] Task running for minecraft:overworld. Processed: 83804 chunks (10.90%), ETA: 1:56:33, Rate: 98 cps, Surface biomes: minecraft:deep_lukewarm_ocean (97 chunks), minecraft:river (1 chunks), Current: 176, 141
[13Aug2026 06:58:59.459] [Server thread/INFO] [net.minecraft.server.MinecraftServer/]: [Chunky] Task running for minecraft:overworld. Processed: 83857 chunks (10.90%), ETA: 31:43:32, Rate: 6 cps, Surface biomes: minecraft:deep_lukewarm_ocean (6 chunks), Current: 177, 135
[13Aug2026 06:59:00.962] [Server thread/INFO] [net.minecraft.server.MinecraftServer/]: [Chunky] Task running for minecraft:overworld. Processed: 83907 chunks (10.91%), ETA: 2:06:53, Rate: 90 cps, Surface biomes: minecraft:deep_lukewarm_ocean (66 chunks), minecraft:dark_forest (15 chunks), minecraft:river (7 chunks), minecraft:plains (2 chunks), Current: 184, 135
[13Aug2026 06:59:01.968] [Server thread/INFO] [net.minecraft.server.MinecraftServer/]: [Chunky] Task running for minecraft:overworld. Processed: 83968 chunks (10.92%), ETA: 21:08:49, Rate: 9 cps, Surface biomes: minecraft:dark_forest (8 chunks), minecraft:deep_lukewarm_ocean (1 chunks), Current: 191, 128
[13Aug2026 06:59:03.116] [Server thread/INFO] [net.minecraft.server.MinecraftServer/]: [Chunky] Task running for minecraft:overworld. Processed: 84001 chunks (10.92%), ETA: 5:56:50, Rate: 32 cps, Surface biomes: minecraft:dark_forest (18 chunks), minecraft:plains (14 chunks), Current: 164, 100
[13Aug2026 06:59:06.038] [Server thread/INFO] [net.minecraft.server.MinecraftServer/]: [Chunky] Task running for minecraft:overworld. Processed: 84011 chunks (10.92%), ETA: 19:01:51, Rate: 10 cps, Surface biomes: minecraft:dark_forest (10 chunks), Current: 166, 100
[13Aug2026 06:59:07.039] [Server thread/INFO] [net.minecraft.server.MinecraftServer/]: [Chunky] Task running for minecraft:overworld. Processed: 84032 chunks (10.93%), ETA: 9:03:43, Rate: 21 cps, Surface biomes: minecraft:plains (9 chunks), minecraft:river (8 chunks), minecraft:dark_forest (4 chunks), Current: 168, 98
[13Aug2026 06:59:08.088] [Server thread/INFO] [net.minecraft.server.MinecraftServer/]: [Chunky] Task running for minecraft:overworld. Processed: 84062 chunks (10.93%), ETA: 6:33:43, Rate: 29 cps, Surface biomes: minecraft:plains (24 chunks), minecraft:river (3 chunks), minecraft:dark_forest (2 chunks), Current: 175, 97
[13Aug2026 06:59:09.100] [Server thread/INFO] [net.minecraft.server.MinecraftServer/]: [Chunky] Task running for minecraft:overworld. Processed: 84122 chunks (10.94%), ETA: 3:39:33, Rate: 52 cps, Surface biomes: minecraft:plains (43 chunks), minecraft:river (9 chunks), Current: 172, 107
[13Aug2026 06:59:10.559] [Server thread/INFO] [net.minecraft.server.MinecraftServer/]: [Chunky] Task running for minecraft:overworld. Processed: 84127 chunks (10.94%), ETA: 13:35:28, Rate: 14 cps, Surface biomes: minecraft:plains (14 chunks), Current: 171, 108
[13Aug2026 06:59:11.575] [Server thread/INFO] [net.minecraft.server.MinecraftServer/]: [Chunky] Task running for minecraft:overworld. Processed: 84219 chunks (10.95%), ETA: 63:25:03, Rate: 3 cps, Surface biomes: minecraft:plains (3 chunks), Current: 163, 110
[13Aug2026 06:59:12.937] [Server thread/INFO] [net.minecraft.server.MinecraftServer/]: [Chunky] Task running for minecraft:overworld. Processed: 84236 chunks (10.95%), ETA: 1:47:41, Rate: 106 cps, Surface biomes: minecraft:dark_forest (76 chunks), minecraft:plains (28 chunks), minecraft:river (2 chunks), Current: 162, 115
[13Aug2026 06:59:14.214] [Server thread/INFO] [net.minecraft.server.MinecraftServer/]: [Chunky] Task running for minecraft:overworld. Processed: 84329 chunks (10.96%), ETA: 3:57:46, Rate: 48 cps, Surface biomes: minecraft:dark_forest (26 chunks), minecraft:plains (22 chunks), Current: 166, 122
[13Aug2026 06:59:15.323] [Server thread/INFO] [net.minecraft.server.MinecraftServer/]: [Chunky] Task running for minecraft:overworld. Processed: 84347 chunks (10.97%), ETA: 23:46:37, Rate: 8 cps, Surface biomes: minecraft:dark_forest (6 chunks), minecraft:plains (2 chunks), Current: 167, 121
[13Aug2026 06:59:15.464] [Server thread/WARN] [net.minecraft.server.MinecraftServer/]: Can't keep up! Is the server overloaded? Running 2626ms or 52 ticks behind
[13Aug2026 06:59:17.738] [Server thread/INFO] [net.minecraft.server.MinecraftServer/]: [Chunky] Task running for minecraft:overworld. Processed: 84385 chunks (10.97%), ETA: 3:57:45, Rate: 48 cps, Surface biomes: minecraft:dark_forest (33 chunks), minecraft:river (15 chunks), Current: 172, 124
[13Aug2026 06:59:18.788] [Server thread/INFO] [net.minecraft.server.MinecraftServer/]: [Chunky] Task running for minecraft:overworld. Processed: 84456 chunks (10.98%), ETA: 11:11:14, Rate: 17 cps, Surface biomes: minecraft:dark_forest (13 chunks), minecraft:river (4 chunks), Current: 168, 114
[13Aug2026 06:59:19.838] [Server thread/INFO] [net.minecraft.server.MinecraftServer/]: [Chunky] Task running for minecraft:overworld. Processed: 84481 chunks (10.98%), ETA: 2:52:53, Rate: 66 cps, Surface biomes: minecraft:dark_forest (58 chunks), minecraft:river (6 chunks), minecraft:plains (2 chunks), Current: 176, 113
[13Aug2026 06:59:20.888] [Server thread/INFO] [net.minecraft.server.MinecraftServer/]: [Chunky] Task running for minecraft:overworld. Processed: 84494 chunks (10.99%), ETA: 12:40:42, Rate: 15 cps, Surface biomes: minecraft:plains (14 chunks), minecraft:river (1 chunks), Current: 180, 114
[13Aug2026 06:59:21.889] [Server thread/INFO] [net.minecraft.server.MinecraftServer/]: [Chunky] Task running for minecraft:overworld. Processed: 84509 chunks (10.99%), ETA: 13:35:01, Rate: 14 cps, Surface biomes: minecraft:plains (8 chunks), minecraft:river (6 chunks), Current: 182, 114
[13Aug2026 06:59:22.988] [Server thread/INFO] [net.minecraft.server.MinecraftServer/]: [Chunky] Task running for minecraft:overworld. Processed: 84547 chunks (10.99%), ETA: 9:03:19, Rate: 21 cps, Surface biomes: minecraft:plains (17 chunks), minecraft:river (4 chunks), Current: 177, 120
[13Aug2026 06:59:24.488] [Server thread/INFO] [net.minecraft.server.MinecraftServer/]: [Chunky] Task running for minecraft:overworld. Processed: 84609 chunks (11.00%), ETA: 3:07:01, Rate: 61 cps, Surface biomes: minecraft:dark_forest (61 chunks), Current: 184, 120
[13Aug2026 06:59:25.680] [Server thread/INFO] [net.minecraft.server.MinecraftServer/]: [Chunky] Task running for minecraft:overworld. Processed: 84668 chunks (11.01%), ETA: 10:33:45, Rate: 18 cps, Surface biomes: minecraft:river (9 chunks), minecraft:dark_forest (5 chunks), minecraft:savanna (4 chunks), Current: 189, 120
[13Aug2026 06:59:28.033] [Server thread/INFO] [net.minecraft.server.MinecraftServer/]: [Chunky] Task running for minecraft:overworld. Processed: 84733 chunks (11.02%), ETA: 4:19:14, Rate: 44 cps, Surface biomes: minecraft:plains (28 chunks), minecraft:river (14 chunks), minecraft:savanna (2 chunks), Current: 190, 113
[13Aug2026 06:59:29.054] [Server thread/INFO] [net.minecraft.server.MinecraftServer/]: [Chunky] Task running for minecraft:overworld. Processed: 84774 chunks (11.02%), ETA: 4:38:11, Rate: 41 cps, Surface biomes: minecraft:plains (26 chunks), minecraft:dark_forest (12 chunks), minecraft:river (3 chunks), Current: 186, 105
[13Aug2026 06:59:30.337] [Server thread/INFO] [net.minecraft.server.MinecraftServer/]: [Chunky] Task running for minecraft:overworld. Processed: 84833 chunks (11.03%), ETA: 3:13:18, Rate: 59 cps, Surface biomes: minecraft:plains (45 chunks), minecraft:river (13 chunks), minecraft:dark_forest (1 chunks), Current: 183, 107
[13Aug2026 06:59:31.379] [Server thread/INFO] [net.minecraft.server.MinecraftServer/]: [Chunky] Task running for minecraft:overworld. Processed: 84877 chunks (11.04%), ETA: 63:21:24, Rate: 3 cps, Surface biomes: minecraft:plains (3 chunks), Current: 180, 102
[13Aug2026 06:59:32.488] [Server thread/INFO] [net.minecraft.server.MinecraftServer/]: [Chunky] Task running for minecraft:overworld. Processed: 84887 chunks (11.04%), ETA: 4:07:54, Rate: 46 cps, Surface biomes: minecraft:plains (33 chunks), minecraft:river (12 chunks), minecraft:deep_ocean (1 chunks), Current: 179, 103
[13Aug2026 06:59:33.489] [Server thread/INFO] [net.minecraft.server.MinecraftServer/]: [Chunky] Task running for minecraft:overworld. Processed: 84907 chunks (11.04%), ETA: 12:40:14, Rate: 15 cps, Surface biomes: minecraft:plains (8 chunks), minecraft:river (7 chunks), Current: 181, 98
[13Aug2026 06:59:34.538] [Server thread/INFO] [net.minecraft.server.MinecraftServer/]: [Chunky] Task running for minecraft:overworld. Processed: 84976 chunks (11.05%), ETA: 3:52:42, Rate: 49 cps, Surface biomes: minecraft:plains (40 chunks), minecraft:river (9 chunks), Current: 188, 99
[13Aug2026 06:59:36.038] [Server thread/INFO] [net.minecraft.server.MinecraftServer/]: [Chunky] Task running for minecraft:overworld. Processed: 84993 chunks (11.05%), ETA: 63:20:45, Rate: 3 cps, Surface biomes: minecraft:dark_forest (2 chunks), minecraft:plains (1 chunks), Current: 160, 65
[13Aug2026 06:59:38.978] [Server thread/INFO] [net.minecraft.server.MinecraftServer/]: [Chunky] Task running for minecraft:overworld. Processed: 85049 chunks (11.06%), ETA: 3:23:35, Rate: 56 cps, Surface biomes: minecraft:plains (56 chunks), Current: 164, 65
[13Aug2026 06:59:40.840] [Server thread/INFO] [net.minecraft.server.MinecraftServer/]: [Chunky] Task running for minecraft:overworld. Processed: 85116 chunks (11.07%), ETA: 2:58:07, Rate: 64 cps, Surface biomes: minecraft:plains (51 chunks), minecraft:river (12 chunks), minecraft:dark_forest (1 chunks), Current: 168, 71
[13Aug2026 06:59:41.886] [Server thread/INFO] [net.minecraft.server.MinecraftServer/]: [Chunky] Task running for minecraft:overworld. Processed: 85134 chunks (11.07%), ETA: 37:59:59, Rate: 5 cps, Surface biomes: minecraft:plains (3 chunks), minecraft:river (2 chunks), Current: 170, 72
[13Aug2026 06:59:43.358] [Server thread/INFO] [net.minecraft.server.MinecraftServer/]: [Chunky] Task running for minecraft:overworld. Processed: 85167 chunks (11.07%), ETA: 8:38:09, Rate: 22 cps, Surface biomes: minecraft:dark_forest (12 chunks), minecraft:river (6 chunks), minecraft:plains (4 chunks), Current: 167, 73
[13Aug2026 06:59:43.448] [Server thread/WARN] [net.minecraft.server.MinecraftServer/]: Can't keep up! Is the server overloaded? Running 2910ms or 58 ticks behind
[13Aug2026 06:59:44.569] [Server thread/INFO] [net.minecraft.server.MinecraftServer/]: [Chunky] Task running for minecraft:overworld. Processed: 85228 chunks (11.08%), ETA: 3:47:58, Rate: 50 cps, Surface biomes: minecraft:plains (31 chunks), minecraft:dark_forest (10 chunks), minecraft:river (9 chunks), Current: 160, 74
[13Aug2026 06:59:46.017] [Server thread/INFO] [net.minecraft.server.MinecraftServer/]: [Chunky] Task running for minecraft:overworld. Processed: 85265 chunks (11.09%), ETA: 3:57:27, Rate: 48 cps, Surface biomes: minecraft:dark_forest (26 chunks), minecraft:plains (22 chunks), Current: 165, 81
[13Aug2026 06:59:47.073] [Server thread/INFO] [net.minecraft.server.MinecraftServer/]: [Chunky] Task running for minecraft:overworld. Processed: 85354 chunks (11.10%), ETA: 2:08:02, Rate: 89 cps, Surface biomes: minecraft:plains (51 chunks), minecraft:river (25 chunks), minecraft:dark_forest (13 chunks), Current: 167, 95
[13Aug2026 06:59:48.738] [Server thread/INFO] [net.minecraft.server.MinecraftServer/]: [Chunky] Task running for minecraft:overworld. Processed: 85415 chunks (11.11%), ETA: 3:06:48, Rate: 61 cps, Surface biomes: minecraft:plains (52 chunks), minecraft:river (9 chunks), Current: 173, 94
[13Aug2026 06:59:50.238] [Server thread/INFO] [net.minecraft.server.MinecraftServer/]: [Chunky] Task running for minecraft:overworld. Processed: 85484 chunks (11.11%), ETA: 2:50:03, Rate: 67 cps, Surface biomes: minecraft:plains (67 chunks), Current: 169, 80
[13Aug2026 06:59:51.288] [Server thread/INFO] [net.minecraft.server.MinecraftServer/]: [Chunky] Task running for minecraft:overworld. Processed: 85493 chunks (11.12%), ETA: 21:05:59, Rate: 9 cps, Surface biomes: minecraft:plains (8 chunks), minecraft:river (1 chunks), Current: 173, 80
[13Aug2026 06:59:52.338] [Server thread/INFO] [net.minecraft.server.MinecraftServer/]: [Chunky] Task running for minecraft:overworld. Processed: 85504 chunks (11.12%), ETA: 31:38:57, Rate: 6 cps, Surface biomes: minecraft:plains (5 chunks), minecraft:river (1 chunks), Current: 175, 81
[13Aug2026 06:59:53.388] [Server thread/INFO] [net.minecraft.server.MinecraftServer/]: [Chunky] Task running for minecraft:overworld. Processed: 85532 chunks (11.12%), ETA: 12:39:33, Rate: 15 cps, Surface biomes: minecraft:plains (15 chunks), Current: 181, 85
[13Aug2026 06:59:54.389] [Server thread/INFO] [net.minecraft.server.MinecraftServer/]: [Chunky] Task running for minecraft:overworld. Processed: 85589 chunks (11.13%), ETA: 3:34:56, Rate: 53 cps, Surface biomes: minecraft:plains (53 chunks), Current: 177, 95
[13Aug2026 06:59:55.459] [Server thread/INFO] [net.minecraft.server.MinecraftServer/]: [Chunky] Task running for minecraft:overworld. Processed: 85663 chunks (11.14%), ETA: 4:44:46, Rate: 40 cps, Surface biomes: minecraft:plains (40 chunks), Current: 186, 92
[13Aug2026 06:59:56.898] [Server thread/INFO] [net.minecraft.server.MinecraftServer/]: [Chunky] Task running for minecraft:overworld. Processed: 85665 chunks (11.14%), ETA: 3:16:23, Rate: 58 cps, Surface biomes: minecraft:plains (53 chunks), minecraft:river (5 chunks), Current: 188, 87
[13Aug2026 06:59:58.009] [Server thread/INFO] [net.minecraft.server.MinecraftServer/]: [Chunky] Task running for minecraft:overworld. Processed: 85755 chunks (11.15%), ETA: 4:31:10, Rate: 42 cps, Surface biomes: minecraft:plains (21 chunks), minecraft:dark_forest (17 chunks), minecraft:old_growth_pine_taiga (4 chunks), Current: 191, 83
[13Aug2026 07:00:00.411] [Server thread/INFO] [net.minecraft.server.MinecraftServer/]: [Chunky] Task running for minecraft:overworld. Processed: 85763 chunks (11.15%), ETA: 23:43:40, Rate: 8 cps, Surface biomes: minecraft:old_growth_pine_taiga (8 chunks), Current: 190, 78
[13Aug2026 07:00:01.358] [Server thread/WARN] [net.minecraft.server.MinecraftServer/]: Can't keep up! Is the server overloaded? Running 2920ms or 58 ticks behind
[13Aug2026 07:00:01.443] [Server thread/INFO] [net.minecraft.server.MinecraftServer/]: [Chunky] Task running for minecraft:overworld. Processed: 85834 chunks (11.16%), ETA: 3:03:40, Rate: 62 cps, Surface biomes: minecraft:plains (41 chunks), minecraft:dark_forest (9 chunks), minecraft:river (9 chunks), minecraft:old_growth_pine_taiga (3 chunks), Current: 178, 76
[13Aug2026 07:00:02.488] [Server thread/INFO] [net.minecraft.server.MinecraftServer/]: [Chunky] Task running for minecraft:overworld. Processed: 85859 chunks (11.16%), ETA: 7:54:29, Rate: 24 cps, Surface biomes: minecraft:plains (11 chunks), minecraft:river (8 chunks), minecraft:dark_forest (5 chunks), Current: 176, 73
[13Aug2026 07:00:03.538] [Server thread/INFO] [net.minecraft.server.MinecraftServer/]: [Chunky] Task running for minecraft:overworld. Processed: 85903 chunks (11.17%), ETA: 5:07:45, Rate: 37 cps, Surface biomes: minecraft:plains (17 chunks), minecraft:dark_forest (14 chunks), minecraft:river (6 chunks), Current: 178, 70
[13Aug2026 07:00:04.540] [Server thread/INFO] [net.minecraft.server.MinecraftServer/]: [Chunky] Task running for minecraft:overworld. Processed: 85928 chunks (11.17%), ETA: 5:25:20, Rate: 35 cps, Surface biomes: minecraft:plains (33 chunks), minecraft:dark_forest (2 chunks), Current: 179, 66
[13Aug2026 07:00:05.638] [Server thread/INFO] [net.minecraft.server.MinecraftServer/]: [Chunky] Task running for minecraft:overworld. Processed: 85972 chunks (11.18%), ETA: 6:32:37, Rate: 29 cps, Surface biomes: minecraft:plains (29 chunks), Current: 184, 70
[13Aug2026 07:00:06.688] [Server thread/INFO] [net.minecraft.server.MinecraftServer/]: [Chunky] Task running for minecraft:overworld. Processed: 86000 chunks (11.18%), ETA: 5:45:00, Rate: 33 cps, Surface biomes: minecraft:plains (30 chunks), minecraft:river (3 chunks), Current: 191, 68
[13Aug2026 07:00:07.708] [Server thread/INFO] [net.minecraft.server.MinecraftServer/]: [Chunky] Task running for minecraft:overworld. Processed: 86028 chunks (11.19%), ETA: 7:35:24, Rate: 25 cps, Surface biomes: minecraft:plains (17 chunks), minecraft:river (8 chunks), Current: 163, 33
[13Aug2026 07:00:10.316] [Server thread/INFO] [net.minecraft.server.MinecraftServer/]: [Chunky] Task running for minecraft:overworld. Processed: 86078 chunks (11.19%), ETA: 31:37:21, Rate: 6 cps, Surface biomes: minecraft:plains (6 chunks), Current: 166, 32
[13Aug2026 07:00:11.547] [Server thread/INFO] [net.minecraft.server.MinecraftServer/]: [Chunky] Task running for minecraft:overworld. Processed: 86142 chunks (11.20%), ETA: 3:03:35, Rate: 62 cps, Surface biomes: minecraft:deep_cold_ocean (43 chunks), minecraft:plains (19 chunks), Current: 168, 39
[13Aug2026 07:00:12.572] [Server thread/INFO] [net.minecraft.server.MinecraftServer/]: [Chunky] Task running for minecraft:overworld. Processed: 86178 chunks (11.20%), ETA: 4:59:32, Rate: 38 cps, Surface biomes: minecraft:deep_cold_ocean (33 chunks), minecraft:plains (5 chunks), Current: 172, 45
[13Aug2026 07:00:13.600] [Server thread/INFO] [net.minecraft.server.MinecraftServer/]: [Chunky] Task running for minecraft:overworld. Processed: 86273 chunks (11.22%), ETA: 6:32:26, Rate: 29 cps, Surface biomes: minecraft:deep_cold_ocean (26 chunks), minecraft:plains (3 chunks), Current: 160, 48
[13Aug2026 07:00:14.679] [Server thread/INFO] [net.minecraft.server.MinecraftServer/]: [Chunky] Task running for minecraft:overworld. Processed: 86305 chunks (11.22%), ETA: 2:18:47, Rate: 82 cps, Surface biomes: minecraft:plains (81 chunks), minecraft:deep_cold_ocean (1 chunks), Current: 164, 52
[13Aug2026 07:00:15.988] [Server thread/INFO] [net.minecraft.server.MinecraftServer/]: [Chunky] Task running for minecraft:overworld. Processed: 86380 chunks (11.23%), ETA: 4:51:46, Rate: 39 cps, Surface biomes: minecraft:plains (35 chunks), minecraft:river (4 chunks), Current: 167, 62
[13Aug2026 07:00:17.038] [Server thread/INFO] [net.minecraft.server.MinecraftServer/]: [Chunky] Task running for minecraft:overworld. Processed: 86402 chunks (11.23%), ETA: 9:01:50, Rate: 21 cps, Surface biomes: minecraft:plains (21 chunks), Current: 168, 60
[13Aug2026 07:00:18.088] [Server thread/INFO] [net.minecraft.server.MinecraftServer/]: [Chunky] Task running for minecraft:overworld. Processed: 86429 chunks (11.24%), ETA: 7:17:37, Rate: 26 cps, Surface biomes: minecraft:plains (26 chunks), Current: 171, 57
[13Aug2026 07:00:19.138] [Server thread/INFO] [net.minecraft.server.MinecraftServer/]: [Chunky] Task running for minecraft:overworld. Processed: 86496 chunks (11.25%), ETA: 2:52:22, Rate: 66 cps, Surface biomes: minecraft:plains (56 chunks), minecraft:river (10 chunks), Current: 171, 52
[13Aug2026 07:00:20.238] [Server thread/INFO] [net.minecraft.server.MinecraftServer/]: [Chunky] Task running for minecraft:overworld. Processed: 86536 chunks (11.25%), ETA: 4:51:42, Rate: 39 cps, Surface biomes: minecraft:deep_ocean (27 chunks), minecraft:plains (12 chunks), Current: 177, 51
[13Aug2026 07:00:21.240] [Server thread/INFO] [net.minecraft.server.MinecraftServer/]: [Chunky] Task running for minecraft:overworld. Processed: 86560 chunks (11.25%), ETA: 7:35:02, Rate: 25 cps, Surface biomes: minecraft:plains (23 chunks), minecraft:deep_cold_ocean (2 chunks), Current: 181, 51
[13Aug2026 07:00:22.288] [Server thread/INFO] [net.minecraft.server.MinecraftServer/]: [Chunky] Task running for minecraft:overworld. Processed: 86598 chunks (11.26%), ETA: 5:55:29, Rate: 32 cps, Surface biomes: minecraft:plains (32 chunks), Current: 179, 56
[13Aug2026 07:00:23.338] [Server thread/INFO] [net.minecraft.server.MinecraftServer/]: [Chunky] Task running for minecraft:overworld. Processed: 86629 chunks (11.26%), ETA: 5:34:33, Rate: 34 cps, Surface biomes: minecraft:plains (29 chunks), minecraft:river (5 chunks), Current: 181, 61
[13Aug2026 07:00:24.388] [Server thread/INFO] [net.minecraft.server.MinecraftServer/]: [Chunky] Task running for minecraft:overworld. Processed: 86672 chunks (11.27%), ETA: 4:44:21, Rate: 40 cps, Surface biomes: minecraft:plains (32 chunks), minecraft:river (8 chunks), Current: 185, 59
[13Aug2026 07:00:25.406] [Server thread/INFO] [net.minecraft.server.MinecraftServer/]: [Chunky] Task running for minecraft:overworld. Processed: 86721 chunks (11.28%), ETA: 9:58:36, Rate: 19 cps, Surface biomes: minecraft:plains (13 chunks), minecraft:river (6 chunks), Current: 189, 54
[13Aug2026 07:00:26.514] [Server thread/INFO] [net.minecraft.server.MinecraftServer/]: [Chunky] Task running for minecraft:overworld. Processed: 86745 chunks (11.28%), ETA: 3:23:05, Rate: 56 cps, Surface biomes: minecraft:plains (45 chunks), minecraft:river (11 chunks), Current: 184, 55
[13Aug2026 07:00:27.757] [Server thread/INFO] [net.minecraft.server.MinecraftServer/]: [Chunky] Task running for minecraft:overworld. Processed: 86789 chunks (11.28%), ETA: 3:47:26, Rate: 50 cps, Surface biomes: minecraft:plains (46 chunks), minecraft:river (4 chunks), Current: 189, 46
[13Aug2026 07:00:27.998] [Server thread/WARN] [net.minecraft.server.MinecraftServer/]: Can't keep up! Is the server overloaded? Running 2460ms or 49 ticks behind
[13Aug2026 07:00:28.886] [Server thread/INFO] [net.minecraft.server.MinecraftServer/]: [Chunky] Task running for minecraft:overworld. Processed: 86817 chunks (11.29%), ETA: 8:36:54, Rate: 22 cps, Surface biomes: minecraft:plains (18 chunks), minecraft:old_growth_pine_taiga (2 chunks), minecraft:river (2 chunks), Current: 185, 43
[13Aug2026 07:00:29.899] [Server thread/INFO] [net.minecraft.server.MinecraftServer/]: [Chunky] Task running for minecraft:overworld. Processed: 86889 chunks (11.30%), ETA: 6:32:05, Rate: 29 cps, Surface biomes: minecraft:plains (16 chunks), minecraft:river (7 chunks), minecraft:old_growth_spruce_taiga (4 chunks), minecraft:old_growth_pine_taiga (2 chunks), Current: 182, 43
[13Aug2026 07:00:30.965] [Server thread/INFO] [net.minecraft.server.MinecraftServer/]: [Chunky] Task running for minecraft:overworld. Processed: 86941 chunks (11.30%), ETA: 3:42:56, Rate: 51 cps, Surface biomes: minecraft:plains (28 chunks), minecraft:river (13 chunks), minecraft:deep_cold_ocean (10 chunks), Current: 176, 34
[13Aug2026 07:00:32.020] [Server thread/INFO] [net.minecraft.server.MinecraftServer/]: [Chunky] Task running for minecraft:overworld. Processed: 87002 chunks (11.31%), ETA: 3:16:00, Rate: 58 cps, Surface biomes: minecraft:old_growth_pine_taiga (45 chunks), minecraft:plains (8 chunks), minecraft:deep_cold_ocean (5 chunks), Current: 185, 39
[13Aug2026 07:00:33.116] [Server thread/INFO] [net.minecraft.server.MinecraftServer/]: [Chunky] Task running for minecraft:overworld. Processed: 87035 chunks (11.32%), ETA: 5:44:29, Rate: 33 cps, Surface biomes: minecraft:old_growth_pine_taiga (25 chunks), minecraft:plains (5 chunks), minecraft:deep_cold_ocean (2 chunks), minecraft:old_growth_spruce_taiga (1 chunks), Current: 188, 33
[13Aug2026 07:00:34.147] [Server thread/INFO] [net.minecraft.server.MinecraftServer/]: [Chunky] Task running for minecraft:overworld. Processed: 87074 chunks (11.32%), ETA: 4:51:28, Rate: 39 cps, Surface biomes: minecraft:old_growth_pine_taiga (21 chunks), minecraft:deep_cold_ocean (17 chunks), minecraft:river (1 chunks), Current: 164, 4
[13Aug2026 07:00:35.260] [Server thread/INFO] [net.minecraft.server.MinecraftServer/]: [Chunky] Task running for minecraft:overworld. Processed: 87082 chunks (11.32%), ETA: 23:40:55, Rate: 8 cps, Surface biomes: minecraft:deep_cold_ocean (7 chunks), minecraft:river (1 chunks), Current: 166, 4
[13Aug2026 07:00:36.427] [Server thread/INFO] [net.minecraft.server.MinecraftServer/]: [Chunky] Task running for minecraft:overworld. Processed: 87114 chunks (11.33%), ETA: 18:56:41, Rate: 10 cps, Surface biomes: minecraft:deep_cold_ocean (6 chunks), minecraft:river (2 chunks), minecraft:old_growth_pine_taiga (1 chunks), minecraft:plains (1 chunks), Current: 166, 7
[13Aug2026 07:00:37.567] [Server thread/INFO] [net.minecraft.server.MinecraftServer/]: [Chunky] Task running for minecraft:overworld. Processed: 87118 chunks (11.33%), ETA: 7:17:11, Rate: 26 cps, Surface biomes: minecraft:deep_cold_ocean (17 chunks), minecraft:river (5 chunks), minecraft:old_growth_pine_taiga (2 chunks), minecraft:plains (2 chunks), Current: 167, 7
[13Aug2026 07:00:38.906] [Server thread/INFO] [net.minecraft.server.MinecraftServer/]: [Chunky] Task running for minecraft:overworld. Processed: 87169 chunks (11.33%), ETA: 6:06:38, Rate: 31 cps, Surface biomes: minecraft:deep_cold_ocean (26 chunks), minecraft:old_growth_pine_taiga (4 chunks), minecraft:plains (1 chunks), Current: 171, 8
[13Aug2026 07:00:39.915] [Server thread/INFO] [net.minecraft.server.MinecraftServer/]: [Chunky] Task running for minecraft:overworld. Processed: 87199 chunks (11.34%), ETA: 9:01:12, Rate: 21 cps, Surface biomes: minecraft:deep_cold_ocean (21 chunks), Current: 173, 14
[13Aug2026 07:00:40.952] [Server thread/INFO] [net.minecraft.server.MinecraftServer/]: [Chunky] Task running for minecraft:overworld. Processed: 87297 chunks (11.35%), ETA: 4:51:22, Rate: 39 cps, Surface biomes: minecraft:deep_cold_ocean (39 chunks), Current: 162, 17
[13Aug2026 07:00:41.982] [Server thread/INFO] [net.minecraft.server.MinecraftServer/]: [Chunky] Task running for minecraft:overworld. Processed: 87329 chunks (11.35%), ETA: 1:49:15, Rate: 104 cps, Surface biomes: minecraft:deep_cold_ocean (68 chunks), minecraft:old_growth_pine_taiga (27 chunks), minecraft:plains (4 chunks), minecraft:river (4 chunks), minecraft:old_growth_spruce_taiga (1 chunks), Current: 166, 19
[13Aug2026 07:00:43.425] [Server thread/INFO] [net.minecraft.server.MinecraftServer/]: [Chunky] Task running for minecraft:overworld. Processed: 87425 chunks (11.37%), ETA: 2:12:06, Rate: 86 cps, Surface biomes: minecraft:old_growth_pine_taiga (67 chunks), minecraft:plains (16 chunks), minecraft:river (3 chunks), Current: 169, 25
[13Aug2026 07:00:44.750] [Server thread/INFO] [net.minecraft.server.MinecraftServer/]: [Chunky] Task running for minecraft:overworld. Processed: 87487 chunks (11.37%), ETA: 4:01:43, Rate: 47 cps, Surface biomes: minecraft:deep_cold_ocean (16 chunks), minecraft:old_growth_pine_taiga (16 chunks), minecraft:river (10 chunks), minecraft:plains (5 chunks), Current: 175, 21
[13Aug2026 07:00:45.788] [Server thread/INFO] [net.minecraft.server.MinecraftServer/]: [Chunky] Task running for minecraft:overworld. Processed: 87539 chunks (11.38%), ETA: 3:51:50, Rate: 49 cps, Surface biomes: minecraft:old_growth_pine_taiga (29 chunks), minecraft:deep_cold_ocean (14 chunks), minecraft:river (4 chunks), minecraft:plains (2 chunks), Current: 171, 18
[13Aug2026 07:00:46.838] [Server thread/INFO] [net.minecraft.server.MinecraftServer/]: [Chunky] Task running for minecraft:overworld. Processed: 87571 chunks (11.39%), ETA: 7:34:22, Rate: 25 cps, Surface biomes: minecraft:old_growth_pine_taiga (16 chunks), minecraft:deep_cold_ocean (8 chunks), minecraft:plains (1 chunks), Current: 181, 18
[13Aug2026 07:00:47.840] [Server thread/INFO] [net.minecraft.server.MinecraftServer/]: [Chunky] Task running for minecraft:overworld. Processed: 87612 chunks (11.39%), ETA: 5:54:57, Rate: 32 cps, Surface biomes: minecraft:old_growth_pine_taiga (19 chunks), minecraft:deep_cold_ocean (13 chunks), Current: 182, 22
[13Aug2026 07:00:48.888] [Server thread/INFO] [net.minecraft.server.MinecraftServer/]: [Chunky] Task running for minecraft:overworld. Processed: 87649 chunks (11.40%), ETA: 4:37:01, Rate: 41 cps, Surface biomes: minecraft:deep_cold_ocean (20 chunks), minecraft:old_growth_pine_taiga (19 chunks), minecraft:plains (2 chunks), Current: 180, 28
[13Aug2026 07:00:49.938] [Server thread/INFO] [net.minecraft.server.MinecraftServer/]: [Chunky] Task running for minecraft:overworld. Processed: 87698 chunks (11.40%), ETA: 5:34:02, Rate: 34 cps, Surface biomes: minecraft:deep_cold_ocean (28 chunks), minecraft:old_growth_pine_taiga (3 chunks), minecraft:plains (3 chunks), Current: 185, 28
[13Aug2026 07:00:50.991] [Server thread/INFO] [net.minecraft.server.MinecraftServer/]: [Chunky] Task running for minecraft:overworld. Processed: 87741 chunks (11.41%), ETA: 4:01:37, Rate: 47 cps, Surface biomes: minecraft:old_growth_pine_taiga (23 chunks), minecraft:deep_cold_ocean (12 chunks), minecraft:river (9 chunks), minecraft:plains (3 chunks), Current: 189, 24
[13Aug2026 07:00:52.038] [Server thread/INFO] [net.minecraft.server.MinecraftServer/]: [Chunky] Task running for minecraft:overworld. Processed: 87782 chunks (11.41%), ETA: 4:51:10, Rate: 39 cps, Surface biomes: minecraft:old_growth_pine_taiga (14 chunks), minecraft:river (11 chunks), minecraft:deep_cold_ocean (9 chunks), minecraft:plains (5 chunks), Current: 186, 18
[13Aug2026 07:00:53.064] [Server thread/INFO] [net.minecraft.server.MinecraftServer/]: [Chunky] Task running for minecraft:overworld. Processed: 87815 chunks (11.42%), ETA: 5:44:05, Rate: 33 cps, Surface biomes: minecraft:old_growth_pine_taiga (16 chunks), minecraft:river (7 chunks), minecraft:deep_cold_ocean (5 chunks), minecraft:plains (5 chunks), Current: 188, 15
[13Aug2026 07:00:54.088] [Server thread/INFO] [net.minecraft.server.MinecraftServer/]: [Chunky] Task running for minecraft:overworld. Processed: 87841 chunks (11.42%), ETA: 7:16:43, Rate: 26 cps, Surface biomes: minecraft:old_growth_pine_taiga (21 chunks), minecraft:deep_cold_ocean (3 chunks), minecraft:old_growth_spruce_taiga (1 chunks), minecraft:plains (1 chunks), Current: 187, 12
[13Aug2026 07:00:55.089] [Server thread/INFO] [net.minecraft.server.MinecraftServer/]: [Chunky] Task running for minecraft:overworld. Processed: 87885 chunks (11.43%), ETA: 4:51:07, Rate: 39 cps, Surface biomes: minecraft:deep_cold_ocean (28 chunks), minecraft:old_growth_pine_taiga (6 chunks), minecraft:plains (5 chunks), Current: 183, 12
[13Aug2026 07:00:56.200] [Server thread/INFO] [net.minecraft.server.MinecraftServer/]: [Chunky] Task running for minecraft:overworld. Processed: 87950 chunks (11.44%), ETA: 2:54:39, Rate: 65 cps, Surface biomes: minecraft:deep_cold_ocean (58 chunks), minecraft:old_growth_spruce_taiga (6 chunks), minecraft:old_growth_pine_taiga (1 chunks), Current: 180, 4
[13Aug2026 07:00:57.368] [Server thread/INFO] [net.minecraft.server.MinecraftServer/]: [Chunky] Task running for minecraft:overworld. Processed: 88033 chunks (11.45%), ETA: 3:47:01, Rate: 50 cps, Surface biomes: minecraft:deep_cold_ocean (22 chunks), minecraft:old_growth_spruce_taiga (20 chunks), minecraft:old_growth_pine_taiga (5 chunks), minecraft:plains (3 chunks), Current: 188, 7
[13Aug2026 07:00:57.908] [Server thread/WARN] [net.minecraft.server.MinecraftServer/]: Can't keep up! Is the server overloaded? Running 2420ms or 48 ticks behind
[13Aug2026 07:00:58.599] [Server thread/INFO] [net.minecraft.server.MinecraftServer/]: [Chunky] Task running for minecraft:overworld. Processed: 88069 chunks (11.45%), ETA: 3:38:17, Rate: 52 cps, Surface biomes: minecraft:old_growth_spruce_taiga (49 chunks), minecraft:deep_cold_ocean (2 chunks), minecraft:plains (1 chunks), Current: 162, -31
[13Aug2026 07:00:59.798] [Server thread/INFO] [net.minecraft.server.MinecraftServer/]: [Chunky] Task running for minecraft:overworld. Processed: 88097 chunks (11.45%), ETA: 3:56:28, Rate: 48 cps, Surface biomes: minecraft:old_growth_spruce_taiga (43 chunks), minecraft:old_growth_pine_taiga (5 chunks), Current: 164, -31
[13Aug2026 07:01:01.512] [Server thread/INFO] [net.minecraft.server.MinecraftServer/]: [Chunky] Task running for minecraft:overworld. Processed: 88145 chunks (11.46%), ETA: 7:33:59, Rate: 25 cps, Surface biomes: minecraft:old_growth_spruce_taiga (19 chunks), minecraft:old_growth_pine_taiga (6 chunks), Current: 172, -32
[13Aug2026 07:01:03.834] [Server thread/INFO] [net.minecraft.server.MinecraftServer/]: [Chunky] Task running for minecraft:overworld. Processed: 88195 chunks (11.47%), ETA: 3:46:58, Rate: 50 cps, Surface biomes: minecraft:old_growth_pine_taiga (27 chunks), minecraft:old_growth_spruce_taiga (23 chunks), Current: 169, -23
[13Aug2026 07:01:05.585] [Server thread/INFO] [net.minecraft.server.MinecraftServer/]: [Chunky] Task running for minecraft:overworld. Processed: 88249 chunks (11.47%), ETA: 7:33:55, Rate: 25 cps, Surface biomes: minecraft:old_growth_pine_taiga (16 chunks), minecraft:river (9 chunks), Current: 168, -20
[13Aug2026 07:01:06.592] [Server thread/INFO] [net.minecraft.server.MinecraftServer/]: [Chunky] Task running for minecraft:overworld. Processed: 88341 chunks (11.49%), ETA: 3:51:33, Rate: 49 cps, Surface biomes: minecraft:old_growth_pine_taiga (38 chunks), minecraft:river (11 chunks), Current: 166, -16
[13Aug2026 07:01:08.138] [Server thread/INFO] [net.minecraft.server.MinecraftServer/]: [Chunky] Task running for minecraft:overworld. Processed: 88343 chunks (11.49%), ETA: 4:12:08, Rate: 45 cps, Surface biomes: minecraft:old_growth_pine_taiga (39 chunks), minecraft:river (6 chunks), Current: 164, -14
[13Aug2026 07:01:09.188] [Server thread/INFO] [net.minecraft.server.MinecraftServer/]: [Chunky] Task running for minecraft:overworld. Processed: 88387 chunks (11.49%), ETA: 4:36:43, Rate: 41 cps, Surface biomes: minecraft:old_growth_pine_taiga (32 chunks), minecraft:river (7 chunks), minecraft:deep_cold_ocean (1 chunks), minecraft:plains (1 chunks), Current: 161, -7
[13Aug2026 07:01:10.238] [Server thread/INFO] [net.minecraft.server.MinecraftServer/]: [Chunky] Task running for minecraft:overworld. Processed: 88430 chunks (11.50%), ETA: 6:05:58, Rate: 31 cps, Surface biomes: minecraft:old_growth_pine_taiga (21 chunks), minecraft:river (8 chunks), minecraft:plains (2 chunks), Current: 167, -5
[13Aug2026 07:01:12.080] [Server thread/INFO] [net.minecraft.server.MinecraftServer/]: [Chunky] Task running for minecraft:overworld. Processed: 88483 chunks (11.50%), ETA: 2:46:49, Rate: 68 cps, Surface biomes: minecraft:old_growth_pine_taiga (47 chunks), minecraft:river (11 chunks), minecraft:deep_cold_ocean (5 chunks), minecraft:plains (5 chunks), Current: 172, -4
[13Aug2026 07:01:14.860] [Server thread/INFO] [net.minecraft.server.MinecraftServer/]: [Chunky] Task running for minecraft:overworld. Processed: 88583 chunks (11.52%), ETA: 1:53:25, Rate: 100 cps, Surface biomes: minecraft:old_growth_pine_taiga (77 chunks), minecraft:old_growth_spruce_taiga (15 chunks), minecraft:river (8 chunks), Current: 178, -15
[13Aug2026 07:01:15.882] [Server thread/INFO] [net.minecraft.server.MinecraftServer/]: [Chunky] Task running for minecraft:overworld. Processed: 88693 chunks (11.53%), ETA: 21:00:04, Rate: 9 cps, Surface biomes: minecraft:old_growth_spruce_taiga (9 chunks), Current: 183, -5
[13Aug2026 07:01:17.237] [Server thread/INFO] [net.minecraft.server.MinecraftServer/]: [Chunky] Task running for minecraft:overworld. Processed: 88737 chunks (11.54%), ETA: 6:05:48, Rate: 31 cps, Surface biomes: minecraft:old_growth_spruce_taiga (31 chunks), Current: 188, -1
[13Aug2026 07:01:18.526] [Server thread/INFO] [net.minecraft.server.MinecraftServer/]: [Chunky] Task running for minecraft:overworld. Processed: 88777 chunks (11.54%), ETA: 4:50:44, Rate: 39 cps, Surface biomes: minecraft:old_growth_spruce_taiga (39 chunks), Current: 184, -10
[13Aug2026 07:01:18.609] [Server thread/WARN] [net.minecraft.server.MinecraftServer/]: Can't keep up! Is the server overloaded? Running 5721ms or 114 ticks behind
[13Aug2026 07:01:21.288] [Server thread/INFO] [net.minecraft.server.MinecraftServer/]: [Chunky] Task running for minecraft:overworld. Processed: 88805 chunks (11.55%), ETA: 6:30:59, Rate: 29 cps, Surface biomes: minecraft:old_growth_spruce_taiga (18 chunks), minecraft:river (11 chunks), Current: 185, -15
[13Aug2026 07:01:22.338] [Server thread/INFO] [net.minecraft.server.MinecraftServer/]: [Chunky] Task running for minecraft:overworld. Processed: 88817 chunks (11.55%), ETA: 20:59:50, Rate: 9 cps, Surface biomes: minecraft:old_growth_pine_taiga (6 chunks), minecraft:river (3 chunks), Current: 188, -16
[13Aug2026 07:01:23.388] [Server thread/INFO] [net.minecraft.server.MinecraftServer/]: [Chunky] Task running for minecraft:overworld. Processed: 88839 chunks (11.55%), ETA: 8:12:57, Rate: 23 cps, Surface biomes: minecraft:old_growth_pine_taiga (10 chunks), minecraft:river (10 chunks), minecraft:old_growth_spruce_taiga (3 chunks), Current: 190, -17
[13Aug2026 07:01:24.400] [Server thread/INFO] [net.minecraft.server.MinecraftServer/]: [Chunky] Task running for minecraft:overworld. Processed: 88886 chunks (11.56%), ETA: 8:12:55, Rate: 23 cps, Surface biomes: minecraft:old_growth_pine_taiga (21 chunks), minecraft:river (2 chunks), Current: 184, -22
[13Aug2026 07:01:25.560] [Server thread/INFO] [net.minecraft.server.MinecraftServer/]: [Chunky] Task running for minecraft:overworld. Processed: 88961 chunks (11.57%), ETA: 2:41:56, Rate: 70 cps, Surface biomes: minecraft:old_growth_pine_taiga (56 chunks), minecraft:river (13 chunks), minecraft:old_growth_spruce_taiga (1 chunks), Current: 182, -25
[13Aug2026 07:01:26.922] [Server thread/INFO] [net.minecraft.server.MinecraftServer/]: [Chunky] Task running for minecraft:overworld. Processed: 89023 chunks (11.57%), ETA: 2:59:55, Rate: 63 cps, Surface biomes: minecraft:old_growth_pine_taiga (32 chunks), minecraft:old_growth_spruce_taiga (22 chunks), minecraft:river (9 chunks), Current: 184, -31
[13Aug2026 07:01:27.936] [Server thread/INFO] [net.minecraft.server.MinecraftServer/]: [Chunky] Task running for minecraft:overworld. Processed: 89086 chunks (11.58%), ETA: 4:29:51, Rate: 42 cps, Surface biomes: minecraft:old_growth_spruce_taiga (42 chunks), Current: 190, -32
[13Aug2026 07:01:29.271] [Server thread/INFO] [net.minecraft.server.MinecraftServer/]: [Chunky] Task running for minecraft:overworld. Processed: 89089 chunks (11.58%), ETA: 188:54:00, Rate: 1 cps, Surface biomes: minecraft:old_growth_spruce_taiga (1 chunks), Current: 160, -62
[13Aug2026 07:01:30.383] [Server thread/INFO] [net.minecraft.server.MinecraftServer/]: [Chunky] Task running for minecraft:overworld. Processed: 89135 chunks (11.59%), ETA: 4:06:22, Rate: 46 cps, Surface biomes: minecraft:swamp (46 chunks), Current: 165, -61
[13Aug2026 07:01:31.652] [Server thread/INFO] [net.minecraft.server.MinecraftServer/]: [Chunky] Task running for minecraft:overworld. Processed: 89185 chunks (11.60%), ETA: 5:43:24, Rate: 33 cps, Surface biomes: minecraft:deep_frozen_ocean (22 chunks), minecraft:swamp (11 chunks), Current: 171, -60
[13Aug2026 07:01:32.706] [Server thread/INFO] [net.minecraft.server.MinecraftServer/]: [Chunky] Task running for minecraft:overworld. Processed: 89230 chunks (11.60%), ETA: 3:46:37, Rate: 50 cps, Surface biomes: minecraft:deep_frozen_ocean (34 chunks), minecraft:swamp (16 chunks), Current: 170, -55
[13Aug2026 07:01:34.037] [Server thread/INFO] [net.minecraft.server.MinecraftServer/]: [Chunky] Task running for minecraft:overworld. Processed: 89258 chunks (11.61%), ETA: 8:12:39, Rate: 23 cps, Surface biomes: minecraft:swamp (23 chunks), Current: 171, -51
[13Aug2026 07:01:35.038] [Server thread/INFO] [net.minecraft.server.MinecraftServer/]: [Chunky] Task running for minecraft:overworld. Processed: 89291 chunks (11.61%), ETA: 5:43:21, Rate: 33 cps, Surface biomes: minecraft:swamp (33 chunks), Current: 166, -53
[13Aug2026 07:01:36.088] [Server thread/INFO] [net.minecraft.server.MinecraftServer/]: [Chunky] Task running for minecraft:overworld. Processed: 89328 chunks (11.61%), ETA: 5:14:43, Rate: 36 cps, Surface biomes: minecraft:swamp (34 chunks), minecraft:taiga (2 chunks), Current: 161, -53
[13Aug2026 07:01:37.138] [Server thread/INFO] [net.minecraft.server.MinecraftServer/]: [Chunky] Task running for minecraft:overworld. Processed: 89370 chunks (11.62%), ETA: 5:54:02, Rate: 32 cps, Surface biomes: minecraft:swamp (19 chunks), minecraft:taiga (13 chunks), Current: 165, -46
[13Aug2026 07:01:38.139] [Server thread/INFO] [net.minecraft.server.MinecraftServer/]: [Chunky] Task running for minecraft:overworld. Processed: 89435 chunks (11.63%), ETA: 2:37:20, Rate: 72 cps, Surface biomes: minecraft:old_growth_pine_taiga (20 chunks), minecraft:old_growth_spruce_taiga (19 chunks), minecraft:swamp (18 chunks), minecraft:taiga (15 chunks), Current: 164, -39
[13Aug2026 07:01:39.238] [Server thread/INFO] [net.minecraft.server.MinecraftServer/]: [Chunky] Task running for minecraft:overworld. Processed: 89489 chunks (11.64%), ETA: 3:22:16, Rate: 56 cps, Surface biomes: minecraft:old_growth_spruce_taiga (55 chunks), minecraft:old_growth_pine_taiga (1 chunks), Current: 168, -36
[13Aug2026 07:01:40.288] [Server thread/INFO] [net.minecraft.server.MinecraftServer/]: [Chunky] Task running for minecraft:overworld. Processed: 89538 chunks (11.64%), ETA: 7:51:56, Rate: 24 cps, Surface biomes: minecraft:old_growth_spruce_taiga (23 chunks), minecraft:swamp (1 chunks), Current: 174, -42
[13Aug2026 07:01:41.812] [Server thread/INFO] [net.minecraft.server.MinecraftServer/]: [Chunky] Task running for minecraft:overworld. Processed: 89618 chunks (11.65%), ETA: 2:11:41, Rate: 86 cps, Surface biomes: minecraft:swamp (59 chunks), minecraft:old_growth_spruce_taiga (23 chunks), minecraft:old_growth_pine_taiga (2 chunks), minecraft:taiga (2 chunks), Current: 181, -46
[13Aug2026 07:01:42.889] [Server thread/INFO] [net.minecraft.server.MinecraftServer/]: [Chunky] Task running for minecraft:overworld. Processed: 89695 chunks (11.66%), ETA: 4:17:21, Rate: 44 cps, Surface biomes: minecraft:swamp (43 chunks), minecraft:taiga (1 chunks), Current: 179, -36
[13Aug2026 07:01:43.024] [Server thread/WARN] [net.minecraft.server.MinecraftServer/]: Can't keep up! Is the server overloaded? Running 2186ms or 43 ticks behind
[13Aug2026 07:01:43.901] [Server thread/INFO] [net.minecraft.server.MinecraftServer/]: [Chunky] Task running for minecraft:overworld. Processed: 89745 chunks (11.67%), ETA: 3:18:39, Rate: 57 cps, Surface biomes: minecraft:swamp (22 chunks), minecraft:old_growth_spruce_taiga (18 chunks), minecraft:taiga (17 chunks), Current: 185, -36
[13Aug2026 07:01:44.983] [Server thread/INFO] [net.minecraft.server.MinecraftServer/]: [Chunky] Task running for minecraft:overworld. Processed: 89791 chunks (11.67%), ETA: 2:44:05, Rate: 69 cps, Surface biomes: minecraft:old_growth_spruce_taiga (52 chunks), minecraft:taiga (17 chunks), Current: 184, -41
[13Aug2026 07:01:48.488] [Server thread/INFO] [net.minecraft.server.MinecraftServer/]: [Chunky] Task running for minecraft:overworld. Processed: 89855 chunks (11.68%), ETA: 3:02:36, Rate: 62 cps, Surface biomes: minecraft:taiga (41 chunks), minecraft:old_growth_spruce_taiga (12 chunks), minecraft:swamp (9 chunks), Current: 188, -56
[13Aug2026 07:01:49.489] [Server thread/INFO] [net.minecraft.server.MinecraftServer/]: [Chunky] Task running for minecraft:overworld. Processed: 89891 chunks (11.69%), ETA: 7:15:24, Rate: 26 cps, Surface biomes: minecraft:deep_frozen_ocean (16 chunks), minecraft:taiga (10 chunks), Current: 185, -55
[13Aug2026 07:01:50.638] [Server thread/INFO] [net.minecraft.server.MinecraftServer/]: [Chunky] Task running for minecraft:overworld. Processed: 89919 chunks (11.69%), ETA: 6:05:10, Rate: 31 cps, Surface biomes: minecraft:deep_frozen_ocean (19 chunks), minecraft:taiga (6 chunks), minecraft:swamp (5 chunks), minecraft:plains (1 chunks), Current: 184, -50
[13Aug2026 07:01:51.639] [Server thread/INFO] [net.minecraft.server.MinecraftServer/]: [Chunky] Task running for minecraft:overworld. Processed: 89972 chunks (11.70%), ETA: 7:51:38, Rate: 24 cps, Surface biomes: minecraft:swamp (23 chunks), minecraft:taiga (1 chunks), Current: 180, -56
[13Aug2026 07:01:52.690] [Server thread/INFO] [net.minecraft.server.MinecraftServer/]: [Chunky] Task running for minecraft:overworld. Processed: 90011 chunks (11.70%), ETA: 3:33:33, Rate: 53 cps, Surface biomes: minecraft:swamp (38 chunks), minecraft:deep_frozen_ocean (14 chunks), minecraft:plains (1 chunks), Current: 177, -57
[13Aug2026 07:01:53.738] [Server thread/INFO] [net.minecraft.server.MinecraftServer/]: [Chunky] Task running for minecraft:overworld. Processed: 90054 chunks (11.71%), ETA: 5:32:52, Rate: 34 cps, Surface biomes: minecraft:deep_frozen_ocean (34 chunks), Current: 185, -62
[13Aug2026 07:01:54.753] [Server thread/INFO] [net.minecraft.server.MinecraftServer/]: [Chunky] Task running for minecraft:overworld. Processed: 90090 chunks (11.71%), ETA: 4:17:12, Rate: 44 cps, Surface biomes: minecraft:deep_frozen_ocean (44 chunks), Current: 190, -58
[13Aug2026 07:01:57.078] [Server thread/INFO] [net.minecraft.server.MinecraftServer/]: [Chunky] Task running for minecraft:overworld. Processed: 90157 chunks (11.72%), ETA: 3:08:36, Rate: 60 cps, Surface biomes: minecraft:deep_frozen_ocean (60 chunks), Current: 166, -94
[13Aug2026 07:01:59.089] [Server thread/INFO] [net.minecraft.server.MinecraftServer/]: [Chunky] Task running for minecraft:overworld. Processed: 90244 chunks (11.73%), ETA: 6:44:05, Rate: 28 cps, Surface biomes: minecraft:deep_frozen_ocean (28 chunks), Current: 173, -87
[13Aug2026 07:02:00.214] [Server thread/INFO] [net.minecraft.server.MinecraftServer/]: [Chunky] Task running for minecraft:overworld. Processed: 90297 chunks (11.74%), ETA: 3:33:28, Rate: 53 cps, Surface biomes: minecraft:deep_frozen_ocean (53 chunks), Current: 167, -84
[13Aug2026 07:02:01.264] [Server thread/INFO] [net.minecraft.server.MinecraftServer/]: [Chunky] Task running for minecraft:overworld. Processed: 90394 chunks (11.75%), ETA: 2:04:18, Rate: 91 cps, Surface biomes: minecraft:deep_frozen_ocean (91 chunks), Current: 165, -78
[13Aug2026 07:02:01.580] [Server thread/WARN] [net.minecraft.server.MinecraftServer/]: Can't keep up! Is the server overloaded? Running 3592ms or 71 ticks behind
[13Aug2026 07:02:02.317] [Server thread/INFO] [net.minecraft.server.MinecraftServer/]: [Chunky] Task running for minecraft:overworld. Processed: 90441 chunks (11.76%), ETA: 11:05:22, Rate: 17 cps, Surface biomes: minecraft:deep_frozen_ocean (17 chunks), Current: 162, -70
[13Aug2026 07:02:03.449] [Server thread/INFO] [net.minecraft.server.MinecraftServer/]: [Chunky] Task running for minecraft:overworld. Processed: 90500 chunks (11.77%), ETA: 2:07:05, Rate: 89 cps, Surface biomes: minecraft:deep_frozen_ocean (86 chunks), minecraft:swamp (3 chunks), Current: 169, -72
[13Aug2026 07:02:04.938] [Server thread/INFO] [net.minecraft.server.MinecraftServer/]: [Chunky] Task running for minecraft:overworld. Processed: 90534 chunks (11.77%), ETA: 4:42:44, Rate: 40 cps, Surface biomes: minecraft:deep_frozen_ocean (40 chunks), Current: 172, -65
[13Aug2026 07:02:05.988] [Server thread/INFO] [net.minecraft.server.MinecraftServer/]: [Chunky] Task running for minecraft:overworld. Processed: 90607 chunks (11.78%), ETA: 62:49:34, Rate: 3 cps, Surface biomes: minecraft:deep_frozen_ocean (3 chunks), Current: 171, -80
[13Aug2026 07:02:07.038] [Server thread/INFO] [net.minecraft.server.MinecraftServer/]: [Chunky] Task running for minecraft:overworld. Processed: 90634 chunks (11.78%), ETA: 8:11:39, Rate: 23 cps, Surface biomes: minecraft:deep_frozen_ocean (23 chunks), Current: 178, -77
[13Aug2026 07:02:08.039] [Server thread/INFO] [net.minecraft.server.MinecraftServer/]: [Chunky] Task running for minecraft:overworld. Processed: 90679 chunks (11.79%), ETA: 4:16:59, Rate: 44 cps, Surface biomes: minecraft:deep_frozen_ocean (44 chunks), Current: 179, -73
[13Aug2026 07:02:09.088] [Server thread/INFO] [net.minecraft.server.MinecraftServer/]: [Chunky] Task running for minecraft:overworld. Processed: 90724 chunks (11.80%), ETA: 4:11:15, Rate: 45 cps, Surface biomes: minecraft:deep_frozen_ocean (45 chunks), Current: 180, -65
[13Aug2026 07:02:10.138] [Server thread/INFO] [net.minecraft.server.MinecraftServer/]: [Chunky] Task running for minecraft:overworld. Processed: 90768 chunks (11.80%), ETA: 4:22:55, Rate: 43 cps, Surface biomes: minecraft:deep_frozen_ocean (43 chunks), Current: 185, -68
[13Aug2026 07:02:11.198] [Server thread/INFO] [net.minecraft.server.MinecraftServer/]: [Chunky] Task running for minecraft:overworld. Processed: 90828 chunks (11.81%), ETA: 3:02:20, Rate: 62 cps, Surface biomes: minecraft:deep_frozen_ocean (62 chunks), Current: 184, -76
[13Aug2026 07:02:12.751] [Server thread/INFO] [net.minecraft.server.MinecraftServer/]: [Chunky] Task running for minecraft:overworld. Processed: 90876 chunks (11.82%), ETA: 4:00:30, Rate: 47 cps, Surface biomes: minecraft:deep_frozen_ocean (47 chunks), Current: 190, -79
[13Aug2026 07:02:13.816] [Server thread/INFO] [net.minecraft.server.MinecraftServer/]: [Chunky] Task running for minecraft:overworld. Processed: 90920 chunks (11.82%), ETA: 94:11:44, Rate: 2 cps, Surface biomes: minecraft:deep_frozen_ocean (2 chunks), Current: 187, -88
[13Aug2026 07:02:15.037] [Server thread/INFO] [net.minecraft.server.MinecraftServer/]: [Chunky] Task running for minecraft:overworld. Processed: 91017 chunks (11.83%), ETA: 4:11:09, Rate: 45 cps, Surface biomes: minecraft:deep_frozen_ocean (45 chunks), Current: 176, -90
[13Aug2026 07:02:16.884] [Server thread/INFO] [net.minecraft.server.MinecraftServer/]: [Chunky] Task running for minecraft:overworld. Processed: 91067 chunks (11.84%), ETA: 3:46:01, Rate: 50 cps, Surface biomes: minecraft:deep_frozen_ocean (50 chunks), Current: 185, -89
[13Aug2026 07:02:18.108] [Server thread/INFO] [net.minecraft.server.MinecraftServer/]: [Chunky] Task running for minecraft:overworld. Processed: 91118 chunks (11.85%), ETA: 11:46:15, Rate: 16 cps, Surface biomes: minecraft:deep_frozen_ocean (16 chunks), Current: 160, -127
[13Aug2026 07:02:18.860] [Server thread/WARN] [net.minecraft.server.MinecraftServer/]: Can't keep up! Is the server overloaded? Running 2322ms or 46 ticks behind
[13Aug2026 07:02:20.076] [Server thread/INFO] [net.minecraft.server.MinecraftServer/]: [Chunky] Task running for minecraft:overworld. Processed: 91161 chunks (11.85%), ETA: 4:22:46, Rate: 43 cps, Surface biomes: minecraft:deep_frozen_ocean (43 chunks), Current: 163, -123
[13Aug2026 07:02:21.884] [Server thread/INFO] [net.minecraft.server.MinecraftServer/]: [Chunky] Task running for minecraft:overworld. Processed: 91200 chunks (11.86%), ETA: 4:49:42, Rate: 39 cps, Surface biomes: minecraft:deep_frozen_ocean (39 chunks), Current: 167, -123
[13Aug2026 07:02:23.181] [Server thread/INFO] [net.minecraft.server.MinecraftServer/]: [Chunky] Task running for minecraft:overworld. Processed: 91272 chunks (11.87%), ETA: 3:21:44, Rate: 56 cps, Surface biomes: minecraft:deep_frozen_ocean (56 chunks), Current: 168, -118
[13Aug2026 07:02:24.257] [Server thread/INFO] [net.minecraft.server.MinecraftServer/]: [Chunky] Task running for minecraft:overworld. Processed: 91321 chunks (11.87%), ETA: 4:35:31, Rate: 41 cps, Surface biomes: minecraft:deep_frozen_ocean (41 chunks), Current: 169, -116
[13Aug2026 07:02:25.318] [Server thread/INFO] [net.minecraft.server.MinecraftServer/]: [Chunky] Task running for minecraft:overworld. Processed: 91401 chunks (11.88%), ETA: 2:14:28, Rate: 84 cps, Surface biomes: minecraft:deep_frozen_ocean (84 chunks), Current: 160, -110
[13Aug2026 07:02:26.570] [Server thread/INFO] [net.minecraft.server.MinecraftServer/]: [Chunky] Task running for minecraft:overworld. Processed: 91505 chunks (11.90%), ETA: 3:25:20, Rate: 55 cps, Surface biomes: minecraft:deep_frozen_ocean (55 chunks), Current: 166, -104
[13Aug2026 07:02:27.847] [Server thread/INFO] [net.minecraft.server.MinecraftServer/]: [Chunky] Task running for minecraft:overworld. Processed: 91586 chunks (11.91%), ETA: 1:45:32, Rate: 107 cps, Surface biomes: minecraft:deep_frozen_ocean (107 chunks), Current: 174, -105
[13Aug2026 07:02:29.210] [Server thread/INFO] [net.minecraft.server.MinecraftServer/]: [Chunky] Task running for minecraft:overworld. Processed: 91660 chunks (11.92%), ETA: 3:45:49, Rate: 50 cps, Surface biomes: minecraft:deep_frozen_ocean (50 chunks), Current: 179, -111
[13Aug2026 07:02:30.216] [Server thread/INFO] [net.minecraft.server.MinecraftServer/]: [Chunky] Task running for minecraft:overworld. Processed: 91740 chunks (11.93%), ETA: 3:33:00, Rate: 53 cps, Surface biomes: minecraft:deep_frozen_ocean (53 chunks), Current: 178, -98
[13Aug2026 07:02:31.253] [Server thread/INFO] [net.minecraft.server.MinecraftServer/]: [Chunky] Task running for minecraft:overworld. Processed: 91785 chunks (11.93%), ETA: 2:36:47, Rate: 72 cps, Surface biomes: minecraft:deep_frozen_ocean (72 chunks), Current: 185, -98
[13Aug2026 07:02:32.788] [Server thread/INFO] [net.minecraft.server.MinecraftServer/]: [Chunky] Task running for minecraft:overworld. Processed: 91835 chunks (11.94%), ETA: 3:45:45, Rate: 50 cps, Surface biomes: minecraft:deep_frozen_ocean (50 chunks), Current: 188, -104
[13Aug2026 07:02:33.838] [Server thread/INFO] [net.minecraft.server.MinecraftServer/]: [Chunky] Task running for minecraft:overworld. Processed: 91890 chunks (11.95%), ETA: 6:58:02, Rate: 27 cps, Surface biomes: minecraft:deep_frozen_ocean (27 chunks), Current: 188, -109
[13Aug2026 07:02:34.888] [Server thread/INFO] [net.minecraft.server.MinecraftServer/]: [Chunky] Task running for minecraft:overworld. Processed: 91907 chunks (11.95%), ETA: 5:52:43, Rate: 32 cps, Surface biomes: minecraft:deep_frozen_ocean (32 chunks), Current: 191, -110
[13Aug2026 07:02:35.942] [Server thread/INFO] [net.minecraft.server.MinecraftServer/]: [Chunky] Task running for minecraft:overworld. Processed: 91939 chunks (11.95%), ETA: 12:32:26, Rate: 15 cps, Surface biomes: minecraft:deep_frozen_ocean (15 chunks), Current: 187, -115
[13Aug2026 07:02:36.988] [Server thread/INFO] [net.minecraft.server.MinecraftServer/]: [Chunky] Task running for minecraft:overworld. Processed: 91993 chunks (11.96%), ETA: 4:56:59, Rate: 38 cps, Surface biomes: minecraft:deep_frozen_ocean (38 chunks), Current: 179, -115
[13Aug2026 07:02:37.990] [Server thread/INFO] [net.minecraft.server.MinecraftServer/]: [Chunky] Task running for minecraft:overworld. Processed: 92008 chunks (11.96%), ETA: 4:00:06, Rate: 47 cps, Surface biomes: minecraft:deep_frozen_ocean (47 chunks), Current: 179, -118
[13Aug2026 07:02:39.038] [Server thread/INFO] [net.minecraft.server.MinecraftServer/]: [Chunky] Task running for minecraft:overworld. Processed: 92037 chunks (11.97%), ETA: 6:43:01, Rate: 28 cps, Surface biomes: minecraft:deep_frozen_ocean (27 chunks), minecraft:snowy_plains (1 chunks), Current: 182, -123
[13Aug2026 07:02:40.088] [Server thread/INFO] [net.minecraft.server.MinecraftServer/]: [Chunky] Task running for minecraft:overworld. Processed: 92082 chunks (11.97%), ETA: 4:16:27, Rate: 44 cps, Surface biomes: minecraft:deep_frozen_ocean (36 chunks), minecraft:river (5 chunks), minecraft:snowy_plains (3 chunks), Current: 179, -128
[13Aug2026 07:02:41.975] [Server thread/INFO] [net.minecraft.server.MinecraftServer/]: [Chunky] Task running for minecraft:overworld. Processed: 92144 chunks (11.98%), ETA: 2:59:05, Rate: 63 cps, Surface biomes: minecraft:deep_frozen_ocean (44 chunks), minecraft:river (9 chunks), minecraft:snowy_plains (7 chunks), minecraft:frozen_river (3 chunks), Current: 190, -124
[13Aug2026 07:02:42.746] [Server thread/WARN] [net.minecraft.server.MinecraftServer/]: Can't keep up! Is the server overloaded? Running 2308ms or 46 ticks behind
[13Aug2026 07:02:43.047] [Server thread/INFO] [net.minecraft.server.MinecraftServer/]: [Chunky] Task running for minecraft:overworld. Processed: 92192 chunks (11.99%), ETA: 4:35:10, Rate: 41 cps, Surface biomes: minecraft:ice_spikes (24 chunks), minecraft:deep_frozen_ocean (10 chunks), minecraft:snowy_plains (7 chunks), Current: 163, -156
[13Aug2026 07:02:44.490] [Server thread/INFO] [net.minecraft.server.MinecraftServer/]: [Chunky] Task running for minecraft:overworld. Processed: 92199 chunks (11.99%), ETA: 62:40:43, Rate: 3 cps, Surface biomes: minecraft:snowy_plains (3 chunks), Current: 165, -157
[13Aug2026 07:02:45.819] [Server thread/INFO] [net.minecraft.server.MinecraftServer/]: [Chunky] Task running for minecraft:overworld. Processed: 92257 chunks (11.99%), ETA: 4:00:01, Rate: 47 cps, Surface biomes: minecraft:snowy_plains (45 chunks), minecraft:ice_spikes (1 chunks), minecraft:snowy_taiga (1 chunks), Current: 171, -156
[13Aug2026 07:02:47.147] [Server thread/INFO] [net.minecraft.server.MinecraftServer/]: [Chunky] Task running for minecraft:overworld. Processed: 92292 chunks (12.00%), ETA: 3:45:36, Rate: 50 cps, Surface biomes: minecraft:snowy_taiga (26 chunks), minecraft:snowy_plains (24 chunks), Current: 172, -151
[13Aug2026 07:02:48.246] [Server thread/INFO] [net.minecraft.server.MinecraftServer/]: [Chunky] Task running for minecraft:overworld. Processed: 92345 chunks (12.01%), ETA: 3:32:49, Rate: 53 cps, Surface biomes: minecraft:deep_frozen_ocean (39 chunks), minecraft:frozen_river (7 chunks), minecraft:snowy_plains (5 chunks), minecraft:windswept_gravelly_hills (2 chunks), Current: 168, -148
[13Aug2026 07:02:49.380] [Server thread/INFO] [net.minecraft.server.MinecraftServer/]: [Chunky] Task running for minecraft:overworld. Processed: 92394 chunks (12.01%), ETA: 3:54:58, Rate: 48 cps, Surface biomes: minecraft:deep_frozen_ocean (32 chunks), minecraft:snowy_plains (13 chunks), minecraft:frozen_river (3 chunks), Current: 161, -152
[13Aug2026 07:02:50.389] [Server thread/INFO] [net.minecraft.server.MinecraftServer/]: [Chunky] Task running for minecraft:overworld. Processed: 92447 chunks (12.02%), ETA: 3:36:53, Rate: 52 cps, Surface biomes: minecraft:snowy_plains (34 chunks), minecraft:deep_frozen_ocean (9 chunks), minecraft:frozen_river (9 chunks), Current: 165, -141
[13Aug2026 07:02:51.423] [Server thread/INFO] [net.minecraft.server.MinecraftServer/]: [Chunky] Task running for minecraft:overworld. Processed: 92492 chunks (12.03%), ETA: 6:42:45, Rate: 28 cps, Surface biomes: minecraft:snowy_plains (26 chunks), minecraft:frozen_river (2 chunks), Current: 162, -133
[13Aug2026 07:02:53.188] [Server thread/INFO] [net.minecraft.server.MinecraftServer/]: [Chunky] Task running for minecraft:overworld. Processed: 92545 chunks (12.03%), ETA: 62:38:48, Rate: 3 cps, Surface biomes: minecraft:deep_frozen_ocean (3 chunks), Current: 168, -132
[13Aug2026 07:02:54.189] [Server thread/INFO] [net.minecraft.server.MinecraftServer/]: [Chunky] Task running for minecraft:overworld. Processed: 92573 chunks (12.04%), ETA: 6:57:37, Rate: 27 cps, Surface biomes: minecraft:deep_frozen_ocean (27 chunks), Current: 174, -132
[13Aug2026 07:02:55.238] [Server thread/INFO] [net.minecraft.server.MinecraftServer/]: [Chunky] Task running for minecraft:overworld. Processed: 92633 chunks (12.04%), ETA: 3:32:44, Rate: 53 cps, Surface biomes: minecraft:deep_frozen_ocean (53 chunks), Current: 168, -139
[13Aug2026 07:02:56.837] [Server thread/INFO] [net.minecraft.server.MinecraftServer/]: [Chunky] Task running for minecraft:overworld. Processed: 92690 chunks (12.05%), ETA: 2:53:26, Rate: 65 cps, Surface biomes: minecraft:deep_frozen_ocean (57 chunks), minecraft:frozen_river (6 chunks), minecraft:snowy_plains (2 chunks), Current: 180, -143
[13Aug2026 07:02:58.052] [Server thread/INFO] [net.minecraft.server.MinecraftServer/]: [Chunky] Task running for minecraft:overworld. Processed: 92779 chunks (12.06%), ETA: 4:41:48, Rate: 40 cps, Surface biomes: minecraft:deep_frozen_ocean (36 chunks), minecraft:frozen_river (2 chunks), minecraft:snowy_plains (2 chunks), Current: 182, -130
[13Aug2026 07:02:59.296] [Server thread/INFO] [net.minecraft.server.MinecraftServer/]: [Chunky] Task running for minecraft:overworld. Processed: 92844 chunks (12.07%), ETA: 2:53:24, Rate: 65 cps, Surface biomes: minecraft:snowy_plains (48 chunks), minecraft:deep_frozen_ocean (12 chunks), minecraft:frozen_river (2 chunks), minecraft:windswept_gravelly_hills (2 chunks), minecraft:ice_spikes (1 chunks), Current: 190, -135
[13Aug2026 07:03:01.077] [Server thread/INFO] [net.minecraft.server.MinecraftServer/]: [Chunky] Task running for minecraft:overworld. Processed: 92911 chunks (12.08%), ETA: 2:48:12, Rate: 67 cps, Surface biomes: minecraft:snowy_plains (41 chunks), minecraft:snowy_taiga (24 chunks), minecraft:deep_frozen_ocean (1 chunks), minecraft:frozen_river (1 chunks), Current: 188, -143
[13Aug2026 07:03:01.919] [Server thread/WARN] [net.minecraft.server.MinecraftServer/]: Can't keep up! Is the server overloaded? Running 4181ms or 83 ticks behind
[13Aug2026 07:03:02.238] [Server thread/INFO] [net.minecraft.server.MinecraftServer/]: [Chunky] Task running for minecraft:overworld. Processed: 92966 chunks (12.09%), ETA: 3:24:53, Rate: 55 cps, Surface biomes: minecraft:snowy_taiga (43 chunks), minecraft:deep_frozen_ocean (10 chunks), minecraft:frozen_river (2 chunks), Current: 187, -150
[13Aug2026 07:03:03.288] [Server thread/INFO] [net.minecraft.server.MinecraftServer/]: [Chunky] Task running for minecraft:overworld. Processed: 93014 chunks (12.09%), ETA: 4:48:56, Rate: 39 cps, Surface biomes: minecraft:snowy_taiga (26 chunks), minecraft:deep_frozen_ocean (12 chunks), minecraft:frozen_river (1 chunks), Current: 176, -145
[13Aug2026 07:03:04.338] [Server thread/INFO] [net.minecraft.server.MinecraftServer/]: [Chunky] Task running for minecraft:overworld. Processed: 93055 chunks (12.10%), ETA: 4:34:49, Rate: 41 cps, Surface biomes: minecraft:deep_frozen_ocean (41 chunks), Current: 182, -152
[13Aug2026 07:03:05.388] [Server thread/INFO] [net.minecraft.server.MinecraftServer/]: [Chunky] Task running for minecraft:overworld. Processed: 93085 chunks (12.10%), ETA: 5:21:55, Rate: 35 cps, Surface biomes: minecraft:deep_frozen_ocean (30 chunks), minecraft:frozen_river (3 chunks), minecraft:snowy_taiga (2 chunks), Current: 177, -156
